[2026-09-18 04:26:18] [INFO] ======================================================================
[2026-09-18 04:26:18] [INFO] QAD Modern Terminal 起動 - 2026-09-18 04:26:18
[2026-09-18 04:26:18] [INFO] Python: 3.12.10 (tags/v3.12.10:0cc8128, Apr  8 2025, 12:21:36) [MSC v.1943 64 bit (AMD64)] | 実行パス: C:\Users\0138018\AppData\Local\Programs\Python\Python312\python.exe
[2026-09-18 04:26:18] [INFO] ======================================================================
[2026-09-18 04:26:19] [DEBUG] parse_report_text_to_table: 開始 (入力行数=19)
[2026-09-18 04:26:19] [DEBUG] parse_report_text_to_table: 区切り線行を検出 (行インデックス=6): -------------------  -----  -----------------------------  -
[2026-09-18 04:26:19] [INFO] parse_report_text_to_table: 固定長パース成功 (列数=5, データ行数=7)
[2026-09-18 04:26:34] [INFO] ======================================================================
[2026-09-18 04:26:34] [INFO] QAD Modern Terminal 起動 - 2026-09-18 04:26:34
[2026-09-18 04:26:34] [INFO] Python: 3.12.10 (tags/v3.12.10:0cc8128, Apr  8 2025, 12:21:36) [MSC v.1943 64 bit (AMD64)] | 実行パス: C:\Users\0138018\AppData\Local\Programs\Python\Python312\python.exe
[2026-09-18 04:26:34] [INFO] ======================================================================
[2026-09-18 04:26:34] [DEBUG] parse_report_text_to_table: 開始 (入力行数=19)
[2026-09-18 04:26:34] [DEBUG] parse_report_text_to_table: 区切り線行を検出 (行インデックス=6): -------------------  -----  -----------------------------  -
[2026-09-18 04:26:34] [INFO] parse_report_text_to_table: 固定長パース成功 (列数=5, データ行数=5)
[2026-09-18 04:26:34] [INFO] paste_to_new_excel: 開始 (行数=6, 列数=5, タイトル=Test_99_3_6_1)
[2026-09-18 04:26:36] [INFO] paste_to_new_excel: COM操作成功 - Excelに 5 件のデータを展開しました（文字列書式）
[2026-09-18 04:26:41] [INFO] ======================================================================
[2026-09-18 04:26:41] [INFO] QAD Modern Terminal 起動 - 2026-09-18 04:26:41
[2026-09-18 04:26:41] [INFO] Python: 3.12.10 (tags/v3.12.10:0cc8128, Apr  8 2025, 12:21:36) [MSC v.1943 64 bit (AMD64)] | 実行パス: C:\Users\0138018\AppData\Local\Programs\Python\Python312\python.exe
[2026-09-18 04:26:41] [INFO] ======================================================================
[2026-09-18 04:26:42] [INFO] _check_is_report_output: 一致！ (区切り線行 10 + プロンプト検出)
[2026-09-18 04:26:42] [INFO] _check_is_report_output: 一致！ (クエリ待機中 + 区切り線行 10 検出:  -------------------  -----  ---------------------)
[2026-09-18 04:41:38] [INFO] ======================================================================
[2026-09-18 04:41:38] [INFO] QAD Modern Terminal 起動 - 2026-09-18 04:41:38
[2026-09-18 04:41:38] [INFO] Python: 3.12.10 (tags/v3.12.10:0cc8128, Apr  8 2025, 12:21:36) [MSC v.1943 64 bit (AMD64)] | 実行パス: C:\Users\0138018\AppData\Local\Programs\Python\Python312\pythonw.exe
[2026-09-18 04:41:38] [INFO] ======================================================================
[2026-09-18 04:41:46] [INFO] SSH接続確立 (connected)
[2026-09-18 04:42:02] [INFO] レポート条件入力画面で F1 キーが押下されました。クエリ待機ステータスを開始します。
[2026-09-18 04:42:04] [INFO] レポート条件入力画面で F1 キーが押下されました。クエリ待機ステータスを開始します。
[2026-09-18 04:42:20] [INFO] _check_is_report_output: 一致！ (クエリ待機中 + 区切り線行 21 検出: ------------------ -- ----------------------------)
[2026-09-18 04:42:20] [INFO] === レポート自動取得・Excel展開ワーカー起動 ===
[2026-09-18 04:42:20] [INFO] レポート取得: 1 ページ目取得完了 (文字数: 1160)
[2026-09-18 04:42:20] [INFO] レポート終了プロンプトを検出:                                        batch id:

enter data or press f4 to end.
[2026-09-18 04:42:20] [INFO] 全 1 ページの取得完了。パース処理を開始します...
[2026-09-18 04:42:20] [DEBUG] parse_report_text_to_table: 開始 (入力行数=20)
[2026-09-18 04:42:20] [INFO] parse_report_text_to_table: 空白区切りパース完了 (行数=19)
[2026-09-18 04:42:20] [INFO] パース成功: カラム数=2, データ行数=18
[2026-09-18 04:42:20] [INFO] paste_to_new_excel: 開始 (行数=19, 列数=6, タイトル=QAD_Report)
[2026-09-18 04:42:22] [INFO] paste_to_new_excel: COM操作成功 - Excelに 18 件のデータを展開しました（文字列書式）
[2026-09-18 04:42:22] [INFO] Excel展開結果: success=True, msg=Excelに 18 件のデータを展開しました（文字列書式）
[2026-09-18 04:42:52] [INFO] レポート条件入力画面で F1 キーが押下されました。クエリ待機ステータスを開始します。
[2026-09-18 04:42:56] [INFO] レポート条件入力画面で F1 キーが押下されました。クエリ待機ステータスを開始します。
[2026-09-18 04:46:07] [INFO] ======================================================================
[2026-09-18 04:46:07] [INFO] QAD Modern Terminal 起動 - 2026-09-18 04:46:07
[2026-09-18 04:46:07] [INFO] Python: 3.12.10 (tags/v3.12.10:0cc8128, Apr  8 2025, 12:21:36) [MSC v.1943 64 bit (AMD64)] | 実行パス: C:\Users\0138018\AppData\Local\Programs\Python\Python312\python.exe
[2026-09-18 04:46:07] [INFO] ======================================================================
[2026-09-18 04:46:08] [INFO] _check_is_report_output: 一致！ (クエリ待機中 + レポート区切り線行 5 検出:  ------------------ -- ------------------------- -)
[2026-09-18 04:55:59] [INFO] ======================================================================
[2026-09-18 04:55:59] [INFO] QAD Modern Terminal 起動 - 2026-09-18 04:55:59
[2026-09-18 04:55:59] [INFO] Python: 3.12.10 (tags/v3.12.10:0cc8128, Apr  8 2025, 12:21:36) [MSC v.1943 64 bit (AMD64)] | 実行パス: C:\Users\0138018\AppData\Local\Programs\Python\Python312\python.exe
[2026-09-18 04:55:59] [INFO] ======================================================================
[2026-09-18 04:55:59] [DEBUG] parse_report_text_to_table: 開始 (入力行数=9)
[2026-09-18 04:55:59] [DEBUG] parse_report_text_to_table: 区切り線行を検出 (行インデックス=3): ----------------  -----------------------  --------   ------
[2026-09-18 04:55:59] [INFO] parse_report_text_to_table: 固定長パース成功 (列数=7, データ行数=4)
[2026-09-18 04:55:59] [DEBUG] parse_report_text_to_table: 開始 (入力行数=9)
[2026-09-18 04:55:59] [DEBUG] parse_report_text_to_table: 区切り線行を検出 (行インデックス=3): ----------------  -----------------------  --------   ------
[2026-09-18 04:55:59] [INFO] parse_report_text_to_table: 固定長パース成功 (列数=7, データ行数=3)
[2026-09-18 04:56:54] [INFO] ======================================================================
[2026-09-18 04:56:54] [INFO] QAD Modern Terminal 起動 - 2026-09-18 04:56:54
[2026-09-18 04:56:54] [INFO] Python: 3.12.10 (tags/v3.12.10:0cc8128, Apr  8 2025, 12:21:36) [MSC v.1943 64 bit (AMD64)] | 実行パス: C:\Users\0138018\AppData\Local\Programs\Python\Python312\pythonw.exe
[2026-09-18 04:56:54] [INFO] ======================================================================
[2026-09-18 04:57:03] [INFO] SSH接続確立 (connected)
[2026-09-18 04:57:21] [INFO] レポート条件入力画面で F1 キーが押下されました。クエリ待機ステータスを開始します。
[2026-09-18 04:57:33] [INFO] Output: winPrint を検知しました。サーバー監視＆自動Excel展開ワーカーを開始します。
[2026-09-18 04:57:33] [INFO] === winPrint サーバー監視ワーカー起動 ===
[2026-09-18 05:05:33] [WARNING] winPrint ファイル生成タイムアウト (300.0秒)
[2026-09-18 05:24:16] [INFO] ======================================================================
[2026-09-18 05:24:16] [INFO] QAD Modern Terminal 起動 - 2026-09-18 05:24:16
[2026-09-18 05:24:16] [INFO] Python: 3.12.10 (tags/v3.12.10:0cc8128, Apr  8 2025, 12:21:36) [MSC v.1943 64 bit (AMD64)] | 実行パス: C:\Users\0138018\AppData\Local\Programs\Python\Python312\pythonw.exe
[2026-09-18 05:24:16] [INFO] ======================================================================
[2026-09-18 05:24:23] [INFO] SSH接続確立 (connected)
[2026-09-18 05:24:39] [INFO] レポート条件入力画面で F1 キーが押下されました。クエリ待機ステータスを開始します。
[2026-09-18 05:24:41] [INFO] input_winprint: Output欄に winPrint を入力して自動実行を開始します
[2026-09-18 05:24:41] [INFO] input_winprint: レポート実行のため F1 を自動送信します
[2026-09-18 05:24:41] [INFO] === winPrint サーバー監視ワーカー起動 ===
[2026-09-18 05:26:06] [INFO] Output: winPrint を検知しました。サーバー監視＆自動Excel展開ワーカーを開始します。
[2026-09-18 05:27:42] [ERROR] winPrint 自動連携エラー: Server connection dropped: 
Traceback (most recent call last):
  File "C:\Users\0138018\AppData\Local\Programs\Python\Python312\Lib\site-packages\paramiko\sftp_client.py", line 887, in _read_response
    t, data = self._read_packet()
              ^^^^^^^^^^^^^^^^^^^
  File "C:\Users\0138018\AppData\Local\Programs\Python\Python312\Lib\site-packages\paramiko\sftp.py", line 212, in _read_packet
    x = self._read_all(4)
        ^^^^^^^^^^^^^^^^^
  File "C:\Users\0138018\AppData\Local\Programs\Python\Python312\Lib\site-packages\paramiko\sftp.py", line 199, in _read_all
    raise EOFError()
EOFError

During handling of the above exception, another exception occurred:

Traceback (most recent call last):
  File "C:\Users\0138018\.antigravity\mfgpro_controller\自作モダンターミナル.pyw", line 1890, in _worker
    stat = sftp.stat(remote_file)
           ^^^^^^^^^^^^^^^^^^^^^^
  File "C:\Users\0138018\AppData\Local\Programs\Python\Python312\Lib\site-packages\paramiko\sftp_client.py", line 493, in stat
    t, msg = self._request(CMD_STAT, path)
             ^^^^^^^^^^^^^^^^^^^^^^^^^^^^^
  File "C:\Users\0138018\AppData\Local\Programs\Python\Python312\Lib\site-packages\paramiko\sftp_client.py", line 857, in _request
    return self._read_response(num)
           ^^^^^^^^^^^^^^^^^^^^^^^^
  File "C:\Users\0138018\AppData\Local\Programs\Python\Python312\Lib\site-packages\paramiko\sftp_client.py", line 889, in _read_response
    raise SSHException("Server connection dropped: {}".format(e))
paramiko.ssh_exception.SSHException: Server connection dropped: 
[2026-09-18 05:30:39] [INFO] ======================================================================
[2026-09-18 05:30:39] [INFO] QAD Modern Terminal 起動 - 2026-09-18 05:30:39
[2026-09-18 05:30:39] [INFO] Python: 3.12.10 (tags/v3.12.10:0cc8128, Apr  8 2025, 12:21:36) [MSC v.1943 64 bit (AMD64)] | 実行パス: C:\Users\0138018\AppData\Local\Programs\Python\Python312\python.exe
[2026-09-18 05:30:39] [INFO] ======================================================================
[2026-09-18 05:31:40] [INFO] ======================================================================
[2026-09-18 05:31:40] [INFO] QAD Modern Terminal 起動 - 2026-09-18 05:31:40
[2026-09-18 05:31:40] [INFO] Python: 3.12.10 (tags/v3.12.10:0cc8128, Apr  8 2025, 12:21:36) [MSC v.1943 64 bit (AMD64)] | 実行パス: C:\Users\0138018\AppData\Local\Programs\Python\Python312\pythonw.exe
[2026-09-18 05:31:40] [INFO] ======================================================================
[2026-09-18 05:31:48] [INFO] SSH接続確立 (connected)
[2026-09-18 05:32:01] [INFO] レポート条件入力画面で F1 キーが押下されました。クエリ待機ステータスを開始します。
[2026-09-18 05:32:03] [INFO] input_winprint: Output欄に winPrint を入力し、実績キーシーケンスで実行します
[2026-09-18 05:32:06] [INFO] input_winprint: キーシーケンス送信完了 (winPrint\r -> F1 -> F1 -> Ctrl+F)
[2026-09-18 05:32:06] [INFO] === winPrint サーバー監視ワーカー起動 (実績ベース独立SFTP) ===
[2026-09-18 05:32:06] [ERROR] winPrint 自動連携エラー: name 'paramiko' is not defined
Traceback (most recent call last):
  File "C:\Users\0138018\.antigravity\mfgpro_controller\自作モダンターミナル.pyw", line 1947, in _worker
    ssh = paramiko.SSHClient()
          ^^^^^^^^
NameError: name 'paramiko' is not defined
[2026-09-18 05:35:13] [INFO] ======================================================================
[2026-09-18 05:35:13] [INFO] QAD Modern Terminal 起動 - 2026-09-18 05:35:13
[2026-09-18 05:35:13] [INFO] Python: 3.12.10 (tags/v3.12.10:0cc8128, Apr  8 2025, 12:21:36) [MSC v.1943 64 bit (AMD64)] | 実行パス: C:\Users\0138018\AppData\Local\Programs\Python\Python312\pythonw.exe
[2026-09-18 05:35:13] [INFO] ======================================================================
[2026-09-18 05:35:20] [INFO] SSH接続確立 (connected)
[2026-09-18 05:35:34] [INFO] レポート条件入力画面で F1 キーが押下されました。クエリ待機ステータスを開始します。
[2026-09-18 05:35:36] [INFO] input_winprint: Output欄に winPrint を入力し、実績キーシーケンスで実行します
[2026-09-18 05:35:39] [INFO] input_winprint: キーシーケンス送信完了 (winPrint\r -> F1 -> F1 -> Ctrl+F)
[2026-09-18 05:35:39] [INFO] === winPrint サーバー監視ワーカー起動 (実績ベース独立SFTP) ===
[2026-09-18 05:35:47] [INFO] winPrint 生成完了を検知 (サイズ: 3955015 バイト)
[2026-09-18 05:35:53] [INFO] winPrint ローカル一時ファイルへのダウンロード完了: C:\Users\0138018\AppData\Local\Temp\winPrint_download.txt
[2026-09-18 05:35:54] [INFO] サーバー上の仮ファイル /home/takehik/winPrint を安全に削除しました
[2026-09-18 05:35:54] [INFO] winPrint クレンジング完了 (文字数: 3952623)
[2026-09-18 05:35:54] [INFO] winPrint パース成功 (列数=33, データ行数=9397)
[2026-09-18 05:35:54] [INFO] paste_to_new_excel: 開始 (行数=9398, 列数=33, タイトル=QAD_99.3.6.1)
[2026-09-18 05:35:57] [INFO] paste_to_new_excel: COM操作成功 - Excelに 9397 件のデータを展開しました（文字列書式）
[2026-09-18 05:49:41] [INFO] ======================================================================
[2026-09-18 05:49:41] [INFO] QAD Modern Terminal 起動 - 2026-09-18 05:49:41
[2026-09-18 05:49:41] [INFO] Python: 3.12.10 (tags/v3.12.10:0cc8128, Apr  8 2025, 12:21:36) [MSC v.1943 64 bit (AMD64)] | 実行パス: C:\Users\0138018\AppData\Local\Programs\Python\Python312\python.exe
[2026-09-18 05:49:41] [INFO] ======================================================================
[2026-09-18 05:49:52] [INFO] ======================================================================
[2026-09-18 05:49:52] [INFO] QAD Modern Terminal 起動 - 2026-09-18 05:49:52
[2026-09-18 05:49:52] [INFO] Python: 3.12.10 (tags/v3.12.10:0cc8128, Apr  8 2025, 12:21:36) [MSC v.1943 64 bit (AMD64)] | 実行パス: C:\Users\0138018\AppData\Local\Programs\Python\Python312\python.exe
[2026-09-18 05:49:52] [INFO] ======================================================================
[2026-09-18 06:34:22] [INFO] ======================================================================
[2026-09-18 06:34:22] [INFO] QAD Modern Terminal 起動 - 2026-09-18 06:34:22
[2026-09-18 06:34:22] [INFO] Python: 3.12.10 (tags/v3.12.10:0cc8128, Apr  8 2025, 12:21:36) [MSC v.1943 64 bit (AMD64)] | 実行パス: C:\Users\0138018\AppData\Local\Programs\Python\Python312\pythonw.exe
[2026-09-18 06:34:22] [INFO] ======================================================================
[2026-09-18 06:34:30] [INFO] SSH接続確立 (connected)
[2026-09-18 06:34:48] [INFO] 入力欄クリック検知: 現在=InputField(row=2, cols=22..40)(idx=0) -> 宛先=InputField(row=6, cols=57..61)(idx=9), クリック列=60
[2026-09-18 06:34:50] [INFO] 入力欄クリック検知: 現在=InputField(row=11, cols=22..30)(idx=18) -> 宛先=InputField(row=7, cols=57..65)(idx=11), クリック列=60
[2026-09-18 06:34:51] [INFO] 入力欄クリック検知: 現在=InputField(row=4, cols=57..67)(idx=5) -> 宛先=InputField(row=6, cols=57..61)(idx=9), クリック列=59
[2026-09-18 06:34:53] [INFO] 入力欄クリック検知: 現在=InputField(row=8, cols=57..65)(idx=13) -> 宛先=InputField(row=9, cols=57..65)(idx=15), クリック列=60
[2026-09-18 06:34:54] [INFO] 入力欄クリック検知: 現在=InputField(row=10, cols=57..65)(idx=17) -> 宛先=InputField(row=9, cols=57..65)(idx=15), クリック列=58
[2026-09-18 06:34:56] [INFO] 入力欄クリック検知: 現在=InputField(row=8, cols=57..65)(idx=13) -> 宛先=InputField(row=8, cols=22..30)(idx=12), クリック列=22
[2026-09-18 06:34:57] [INFO] 入力欄クリック検知: 現在=InputField(row=7, cols=57..65)(idx=11) -> 宛先=InputField(row=8, cols=22..30)(idx=12), クリック列=22
[2026-09-18 06:34:59] [INFO] 入力欄クリック検知: 現在=InputField(row=8, cols=57..65)(idx=13) -> 宛先=InputField(row=7, cols=22..30)(idx=10), クリック列=22
[2026-09-18 06:35:00] [INFO] 入力欄クリック検知: 現在=InputField(row=5, cols=57..67)(idx=7) -> 宛先=InputField(row=2, cols=22..40)(idx=0), クリック列=22
[2026-09-18 06:35:01] [INFO] 入力欄クリック検知: 現在=InputField(row=2, cols=57..75)(idx=1) -> 宛先=InputField(row=2, cols=22..40)(idx=0), クリック列=22
[2026-09-18 06:35:03] [INFO] 入力欄クリック検知: 現在=InputField(row=2, cols=57..75)(idx=1) -> 宛先=InputField(row=11, cols=22..30)(idx=18), クリック列=25
[2026-09-18 06:35:04] [INFO] 入力欄クリック検知: 現在=InputField(row=18, cols=57..58)(idx=32) -> 宛先=InputField(row=11, cols=57..65)(idx=19), クリック列=61
[2026-09-18 06:35:05] [INFO] 入力欄クリック検知: 現在=InputField(row=5, cols=57..67)(idx=7) -> 宛先=InputField(row=9, cols=22..30)(idx=14), クリック列=25
[2026-09-18 06:35:08] [INFO] 入力欄クリック検知: 現在=InputField(row=12, cols=57..66)(idx=21) -> 宛先=InputField(row=9, cols=22..30)(idx=14), クリック列=23
[2026-09-18 06:35:27] [INFO] 入力欄クリック検知: 現在=InputField(row=5, cols=57..67)(idx=7) -> 宛先=InputField(row=2, cols=22..40)(idx=0), クリック列=23
[2026-09-18 06:35:29] [INFO] 入力欄クリック検知: 現在=InputField(row=2, cols=57..75)(idx=1) -> 宛先=InputField(row=2, cols=22..40)(idx=0), クリック列=22
[2026-09-18 08:53:59] [INFO] SSH切断 (closed, error=None)
[2026-09-18 15:10:16] [INFO] ======================================================================
[2026-09-18 15:10:16] [INFO] QAD Modern Terminal 起動 - 2026-09-18 15:10:16
[2026-09-18 15:10:16] [INFO] Python: 3.12.10 (tags/v3.12.10:0cc8128, Apr  8 2025, 12:21:36) [MSC v.1943 64 bit (AMD64)] | 実行パス: C:\Users\0138018\AppData\Local\Programs\Python\Python312\python.exe
[2026-09-18 15:10:16] [INFO] ======================================================================
[2026-09-18 15:12:53] [INFO] ======================================================================
[2026-09-18 15:12:53] [INFO] QAD Modern Terminal 起動 - 2026-09-18 15:12:53
[2026-09-18 15:12:53] [INFO] Python: 3.12.10 (tags/v3.12.10:0cc8128, Apr  8 2025, 12:21:36) [MSC v.1943 64 bit (AMD64)] | 実行パス: C:\Users\0138018\AppData\Local\Programs\Python\Python312\pythonw.exe
[2026-09-18 15:12:53] [INFO] ======================================================================
[2026-09-18 15:13:02] [INFO] SSH接続確立 (connected)
[2026-09-18 15:13:15] [INFO] 入力欄クリック検知: 現在=InputField(row=2, cols=22..40)(左列=True) -> 宛先=InputField(row=8, cols=22..30)(左列=True), クリック列=25
[2026-09-18 15:13:17] [INFO] 入力欄クリック検知: 現在=InputField(row=8, cols=22..30)(左列=True) -> 宛先=InputField(row=8, cols=22..30)(左列=True), クリック列=23
[2026-09-18 15:13:20] [INFO] 入力欄クリック検知: 現在=InputField(row=8, cols=22..30)(左列=True) -> 宛先=InputField(row=8, cols=57..65)(左列=False), クリック列=60
[2026-09-18 15:13:25] [INFO] 入力欄クリック検知: 現在=InputField(row=9, cols=57..65)(左列=False) -> 宛先=InputField(row=10, cols=57..65)(左列=False), クリック列=57
[2026-09-18 15:13:27] [INFO] 入力欄クリック検知: 現在=InputField(row=10, cols=57..65)(左列=False) -> 宛先=InputField(row=2, cols=57..75)(左列=False), クリック列=58
[2026-09-18 15:13:30] [INFO] 入力欄クリック検知: 現在=InputField(row=2, cols=57..75)(左列=False) -> 宛先=InputField(row=2, cols=22..40)(左列=True), クリック列=22
[2026-09-18 15:13:32] [INFO] 入力欄クリック検知: 現在=InputField(row=2, cols=22..40)(左列=True) -> 宛先=InputField(row=3, cols=22..30)(左列=True), クリック列=22
[2026-09-18 15:13:33] [INFO] 入力欄クリック検知: 現在=InputField(row=3, cols=22..30)(左列=True) -> 宛先=InputField(row=6, cols=22..26)(左列=True), クリック列=22
[2026-09-18 15:13:35] [INFO] 入力欄クリック検知: 現在=InputField(row=6, cols=22..26)(左列=True) -> 宛先=InputField(row=10, cols=22..30)(左列=True), クリック列=22
[2026-09-18 15:13:36] [INFO] 入力欄クリック検知: 現在=InputField(row=10, cols=22..30)(左列=True) -> 宛先=InputField(row=12, cols=22..31)(左列=True), クリック列=22
[2026-09-18 15:13:39] [INFO] 入力欄クリック検知: 現在=InputField(row=12, cols=22..31)(左列=True) -> 宛先=InputField(row=2, cols=57..75)(左列=False), クリック列=57
[2026-09-18 15:31:47] [INFO] SSH切断 (closed, error=None)
[2026-09-18 16:01:10] [INFO] ======================================================================
[2026-09-18 16:01:10] [INFO] QAD Modern Terminal 起動 - 2026-09-18 16:01:10
[2026-09-18 16:01:10] [INFO] Python: 3.12.10 (tags/v3.12.10:0cc8128, Apr  8 2025, 12:21:36) [MSC v.1943 64 bit (AMD64)] | 実行パス: C:\Users\0138018\AppData\Local\Programs\Python\Python312\python.exe
[2026-09-18 16:01:10] [INFO] ======================================================================
[2026-09-18 16:09:00] [INFO] ======================================================================
[2026-09-18 16:09:00] [INFO] QAD Modern Terminal 起動 - 2026-09-18 16:09:00
[2026-09-18 16:09:00] [INFO] Python: 3.12.10 (tags/v3.12.10:0cc8128, Apr  8 2025, 12:21:36) [MSC v.1943 64 bit (AMD64)] | 実行パス: C:\Users\0138018\AppData\Local\Programs\Python\Python312\pythonw.exe
[2026-09-18 16:09:00] [INFO] ======================================================================
[2026-09-18 16:10:33] [INFO] SSH接続確立 (connected)
[2026-09-18 16:10:45] [INFO] 入力欄クリック検知: 現在=InputField(row=2, cols=22..40)(左列=True) -> 宛先=InputField(row=10, cols=57..65)(左列=False), クリック列=58
[2026-09-18 16:10:48] [INFO] 入力欄クリック検知: 現在=InputField(row=10, cols=57..65)(左列=False) -> 宛先=InputField(row=10, cols=22..30)(左列=True), クリック列=24
[2026-09-18 16:10:51] [INFO] 入力欄クリック検知: 現在=InputField(row=10, cols=22..30)(左列=True) -> 宛先=InputField(row=2, cols=57..75)(左列=False), クリック列=57
[2026-09-18 16:10:53] [INFO] 入力欄クリック検知: 現在=InputField(row=2, cols=57..75)(左列=False) -> 宛先=InputField(row=15, cols=22..40)(左列=True), クリック列=22
[2026-09-18 16:10:57] [INFO] 入力欄クリック検知: 現在=InputField(row=15, cols=22..40)(左列=True) -> 宛先=InputField(row=13, cols=22..30)(左列=True), クリック列=22
[2026-09-18 16:10:59] [INFO] 入力欄クリック検知: 現在=InputField(row=13, cols=22..30)(左列=True) -> 宛先=InputField(row=2, cols=22..40)(左列=True), クリック列=22
[2026-09-18 17:00:03] [INFO] ======================================================================
[2026-09-18 17:00:03] [INFO] QAD Modern Terminal 起動 - 2026-09-18 17:00:03
[2026-09-18 17:00:03] [INFO] Python: 3.12.10 (tags/v3.12.10:0cc8128, Apr  8 2025, 12:21:36) [MSC v.1943 64 bit (AMD64)] | 実行パス: C:\Users\0138018\AppData\Local\Programs\Python\Python312\pythonw.exe
[2026-09-18 17:00:03] [INFO] ======================================================================
[2026-09-18 17:00:08] [INFO] SSH接続確立 (connected)
[2026-09-18 17:02:21] [INFO] 入力欄クリック検知: 現在=InputField(row=2, cols=22..40)(左列=True) -> 宛先=InputField(row=11, cols=57..65)(左列=False), クリック列=57
[2026-09-18 17:02:24] [INFO] 入力欄クリック検知: 現在=InputField(row=11, cols=57..65)(左列=False) -> 宛先=InputField(row=7, cols=22..30)(左列=True), クリック列=22
[2026-09-18 17:02:25] [INFO] 入力欄クリック検知: 現在=InputField(row=7, cols=22..30)(左列=True) -> 宛先=InputField(row=8, cols=22..30)(左列=True), クリック列=22
[2026-09-18 17:02:27] [INFO] 入力欄クリック検知: 現在=InputField(row=8, cols=22..30)(左列=True) -> 宛先=InputField(row=2, cols=57..75)(左列=False), クリック列=57
[2026-09-18 17:02:29] [INFO] 入力欄クリック検知: 現在=InputField(row=2, cols=57..75)(左列=False) -> 宛先=InputField(row=13, cols=57..65)(左列=False), クリック列=57
[2026-09-18 17:04:19] [INFO] 入力欄クリック検知: 現在=InputField(row=2, cols=17..35)(左列=True) -> 宛先=InputField(row=6, cols=51..69)(左列=False), クリック列=66
[2026-09-18 17:16:40] [INFO] input_winprint: Output欄に winPrint を入力し、実績キーシーケンスで実行します
[2026-09-18 17:16:44] [INFO] _check_is_report_output: 一致！ (区切り線行 20 + データ行 3 行検出)
[2026-09-18 17:16:44] [INFO] === レポート自動取得・Excel展開ワーカー起動 ===
[2026-09-18 17:16:44] [INFO] レポート取得: 1 ページ目取得完了 (文字数: 1977)
[2026-09-18 17:16:44] [INFO] input_winprint: キーシーケンス送信完了 (winPrint\r -> F1 -> F1 -> Ctrl+F -> Space)
[2026-09-18 17:16:44] [INFO] === winPrint サーバー監視ワーカー起動 (実績ベース独立SFTP) ===
[2026-09-18 17:16:45] [DEBUG] 再確認後 Space キー送信 (page 1)
[2026-09-18 17:16:45] [INFO] レポート取得: 2 ページ目取得完了 (文字数: 1150)
[2026-09-18 17:16:45] [INFO] 継続プロンプトが見当たらないため取得完了と判断
[2026-09-18 17:16:45] [INFO] 全 2 ページの取得完了。パース処理を開始します...
[2026-09-18 17:16:45] [DEBUG] parse_report_text_to_table: 開始 (入力行数=30)
[2026-09-18 17:16:45] [DEBUG] parse_report_text_to_table: 区切り線行を検出 (行インデックス=14): -------- ---------------------------------------------------
[2026-09-18 17:16:45] [INFO] parse_report_text_to_table: 固定長パース成功 (列数=4, データ行数=3)
[2026-09-18 17:16:45] [INFO] パース成功: カラム数=4, データ行数=3
[2026-09-18 17:16:45] [INFO] paste_to_new_excel: 開始 (行数=4, 列数=4, タイトル=QAD_Report)
[2026-09-18 17:16:47] [INFO] paste_to_new_excel: COM操作成功 - Excelに 3 件のデータを展開しました（文字列書式）
[2026-09-18 17:16:47] [INFO] Excel展開結果: success=True, msg=Excelに 3 件のデータを展開しました（文字列書式）
[2026-09-18 17:16:50] [INFO] winPrint 生成完了を検知 (サイズ: 4037768 バイト)
[2026-09-18 17:16:56] [INFO] winPrint ローカル一時ファイルへのダウンロード完了: C:\Users\0138018\AppData\Local\Temp\winPrint_download.txt
[2026-09-18 17:16:57] [INFO] サーバー上の仮ファイル /home/takehik/winPrint を安全に削除しました
[2026-09-18 17:16:57] [INFO] winPrint クレンジング完了 (文字数: 4035285)
[2026-09-18 17:16:57] [INFO] winPrint パース成功 (列数=33, データ行数=9594)
[2026-09-18 17:16:57] [INFO] paste_to_new_excel: 開始 (行数=9595, 列数=33, タイトル=QAD_99.2.1.4)
[2026-09-18 17:16:57] [WARNING] Excel COM連携エラー (フォールバックCSVへ移行): Property 'Excel.Application.Visible' can not be set.
[2026-09-18 17:16:59] [INFO] paste_to_new_excel: フォールバックCSV起動成功 - C:\Users\0138018\AppData\Local\Temp\qad_exports\QAD_99.2.1.4_20260918_171657.csv (CSVを生成しExcelで起動しました (9594 件))
[2026-09-18 17:17:00] [INFO] レポート条件入力画面で F1 キーが押下されました。クエリ待機ステータスを開始します。
[2026-09-18 17:17:01] [INFO] input_winprint: Output欄に winPrint を入力し、実績キーシーケンスで実行します
[2026-09-18 17:17:05] [INFO] メニュー画面に戻ったためクエリ待機状態を解除します
[2026-09-18 17:17:05] [INFO] input_winprint: キーシーケンス送信完了 (winPrint\r -> F1 -> F1 -> Ctrl+F -> Space)
[2026-09-18 17:17:05] [INFO] === winPrint サーバー監視ワーカー起動 (実績ベース独立SFTP) ===
[2026-09-18 17:17:12] [INFO] winPrint 生成完了を検知 (サイズ: 979197 バイト)
[2026-09-18 17:17:15] [INFO] winPrint ローカル一時ファイルへのダウンロード完了: C:\Users\0138018\AppData\Local\Temp\winPrint_download.txt
[2026-09-18 17:17:15] [INFO] サーバー上の仮ファイル /home/takehik/winPrint を安全に削除しました
[2026-09-18 17:17:15] [INFO] winPrint クレンジング完了 (文字数: 963873)
[2026-09-18 17:17:15] [INFO] winPrint パース成功 (列数=86, データ行数=725)
[2026-09-18 17:17:15] [INFO] paste_to_new_excel: 開始 (行数=726, 列数=86, タイトル=QAD_99.2.1.4)
[2026-09-18 17:17:18] [INFO] paste_to_new_excel: COM操作成功 - Excelに 725 件のデータを展開しました（文字列書式）
[2026-09-18 17:21:51] [INFO] レポート条件入力画面で F1 キーが押下されました。クエリ待機ステータスを開始します。
[2026-09-18 17:21:54] [INFO] input_winprint: Output欄に winPrint を入力し、実績キーシーケンスで実行します
[2026-09-18 17:21:58] [INFO] メニュー画面に戻ったためクエリ待機状態を解除します
[2026-09-18 17:21:58] [INFO] input_winprint: キーシーケンス送信完了 (winPrint\r -> F1 -> F1 -> Ctrl+F -> Space)
[2026-09-18 17:21:58] [INFO] === winPrint サーバー監視ワーカー起動 (実績ベース独立SFTP) ===
[2026-09-18 17:22:04] [INFO] winPrint 生成完了を検知 (サイズ: 1470165 バイト)
[2026-09-18 17:22:08] [INFO] winPrint ローカル一時ファイルへのダウンロード完了: C:\Users\0138018\AppData\Local\Temp\winPrint_download.txt
[2026-09-18 17:22:08] [INFO] サーバー上の仮ファイル /home/takehik/winPrint を安全に削除しました
[2026-09-18 17:22:08] [INFO] winPrint クレンジング完了 (文字数: 1470119)
[2026-09-18 17:22:09] [INFO] winPrint パース成功 (列数=89, データ行数=1356)
[2026-09-18 17:22:09] [INFO] paste_to_new_excel: 開始 (行数=1357, 列数=89, タイトル=QAD_99.1.4.3)
[2026-09-18 17:22:09] [WARNING] Excel COM連携エラー (フォールバックCSVへ移行): (-2147418111, '呼び出し先が呼び出しを拒否しました。', None, None)
[2026-09-18 17:22:16] [INFO] paste_to_new_excel: フォールバックCSV起動成功 - C:\Users\0138018\AppData\Local\Temp\qad_exports\QAD_99.1.4.3_20260918_172209.csv (CSVを生成しExcelで起動しました (1356 件))
[2026-09-18 17:35:00] [INFO] ======================================================================
[2026-09-18 17:35:00] [INFO] QAD Modern Terminal 起動 - 2026-09-18 17:35:00
[2026-09-18 17:35:00] [INFO] Python: 3.12.10 (tags/v3.12.10:0cc8128, Apr  8 2025, 12:21:36) [MSC v.1943 64 bit (AMD64)] | 実行パス: C:\Users\0138018\AppData\Local\Programs\Python\Python312\pythonw.exe
[2026-09-18 17:35:00] [INFO] ======================================================================
[2026-09-18 17:35:05] [INFO] SSH接続確立 (connected)
[2026-09-18 17:36:25] [INFO] 入力欄クリック検知: 現在=InputField(row=2, cols=17..35)(左列=True) -> 宛先=InputField(row=10, cols=17..37)(左列=True), クリック列=17
[2026-09-18 17:36:27] [INFO] 入力欄クリック検知: 現在=InputField(row=10, cols=17..37)(左列=True) -> 宛先=InputField(row=4, cols=51..59)(左列=False), クリック列=51
[2026-09-18 17:36:28] [INFO] 入力欄クリック検知: 現在=InputField(row=4, cols=51..59)(左列=False) -> 宛先=InputField(row=2, cols=51..69)(左列=False), クリック列=52
[2026-09-18 17:36:29] [INFO] 入力欄クリック検知: 現在=InputField(row=2, cols=51..69)(左列=False) -> 宛先=InputField(row=2, cols=17..35)(左列=True), クリック列=18
[2026-09-18 17:36:31] [INFO] 入力欄クリック検知: 現在=InputField(row=2, cols=17..35)(左列=True) -> 宛先=InputField(row=10, cols=51..71)(左列=False), クリック列=54
[2026-09-18 17:36:32] [INFO] 入力欄クリック検知: 現在=InputField(row=10, cols=51..71)(左列=False) -> 宛先=InputField(row=11, cols=51..59)(左列=False), クリック列=52
[2026-09-18 17:36:34] [INFO] 入力欄クリック検知: 現在=InputField(row=11, cols=51..59)(左列=False) -> 宛先=InputField(row=11, cols=51..59)(左列=False), クリック列=51
[2026-09-18 17:36:37] [INFO] 入力欄クリック検知: 現在=InputField(row=11, cols=51..59)(左列=False) -> 宛先=InputField(row=13, cols=17..25)(左列=True), クリック列=17
[2026-09-18 17:36:38] [INFO] 入力欄クリック検知: 現在=InputField(row=13, cols=17..25)(左列=True) -> 宛先=InputField(row=2, cols=17..35)(左列=True), クリック列=17
[2026-09-18 17:37:05] [INFO] 入力欄クリック検知: 現在=InputField(row=2, cols=17..35)(左列=True) -> 宛先=InputField(row=4, cols=17..25)(左列=True), クリック列=18
[2026-09-18 17:37:10] [INFO] 入力欄クリック検知: 現在=InputField(row=4, cols=17..25)(左列=True) -> 宛先=InputField(row=4, cols=17..25)(左列=True), クリック列=17
[2026-09-18 17:37:16] [INFO] 入力欄クリック検知: 現在=InputField(row=4, cols=17..25)(左列=True) -> 宛先=InputField(row=5, cols=17..21)(左列=True), クリック列=18
[2026-09-18 17:37:17] [INFO] 入力欄クリック検知: 現在=InputField(row=5, cols=17..21)(左列=True) -> 宛先=InputField(row=6, cols=17..35)(左列=True), クリック列=18
[2026-09-18 17:37:18] [INFO] 入力欄クリック検知: 現在=InputField(row=6, cols=17..35)(左列=True) -> 宛先=InputField(row=6, cols=17..35)(左列=True), クリック列=17
[2026-09-18 17:38:14] [INFO] 入力欄クリック検知: 現在=InputField(row=19, cols=50..66)(左列=False) -> 宛先=InputField(row=19, cols=50..66)(左列=False), クリック列=61
[2026-09-18 17:55:35] [INFO] ======================================================================
[2026-09-18 17:55:35] [INFO] QAD Modern Terminal 起動 - 2026-09-18 17:55:35
[2026-09-18 17:55:35] [INFO] Python: 3.12.10 (tags/v3.12.10:0cc8128, Apr  8 2025, 12:21:36) [MSC v.1943 64 bit (AMD64)] | 実行パス: C:\Users\0138018\AppData\Local\Programs\Python\Python312\pythonw.exe
[2026-09-18 17:55:35] [INFO] ======================================================================
[2026-09-18 17:55:40] [INFO] SSH接続確立 (connected)
[2026-09-18 17:55:40] [INFO] 自動ログイン: Main Menu への自動遷移シーケンスを開始します
[2026-09-18 17:55:41] [INFO] 自動ログイン: '2' + Enter を送信
[2026-09-18 17:55:42] [INFO] 自動ログイン: '1' + Enter を送信
[2026-09-18 17:55:43] [INFO] 自動ログイン: Enter x 2 を送信
[2026-09-18 17:55:44] [INFO] 自動ログイン: Main Menu 着弾を検知しました！
[2026-09-18 17:58:20] [INFO] 入力欄クリック検知: 現在=InputField(row=19, cols=50..66)(左列=False) -> 宛先=InputField(row=19, cols=50..66)(左列=False), クリック列=56
[2026-09-18 17:58:22] [INFO] 入力欄クリック検知: 現在=InputField(row=19, cols=50..66)(左列=False) -> 宛先=InputField(row=19, cols=50..66)(左列=False), クリック列=50
[2026-09-18 18:01:31] [INFO] レポート条件入力画面で F1 キーが押下されました。クエリ待機ステータスを開始します。
[2026-09-18 18:01:40] [INFO] F4押下によりクエリ待機を解除しました
[2026-09-18 18:01:56] [INFO] レポート条件入力画面で F1 キーが押下されました。クエリ待機ステータスを開始します。
[2026-09-18 18:01:57] [INFO] レポート条件入力画面で F1 キーが押下されました。クエリ待機ステータスを開始します。
[2026-09-18 18:01:58] [INFO] レポート条件入力画面で F1 キーが押下されました。クエリ待機ステータスを開始します。
[2026-09-18 18:02:01] [INFO] レポート条件入力画面で F1 キーが押下されました。クエリ待機ステータスを開始します。
[2026-09-18 18:07:55] [INFO] レポート条件入力画面で F1 キーが押下されました。クエリ待機ステータスを開始します。
[2026-09-18 18:08:00] [INFO] レポート条件入力画面で F1 キーが押下されました。クエリ待機ステータスを開始します。
[2026-09-18 18:08:05] [INFO] レポート条件入力画面で F1 キーが押下されました。クエリ待機ステータスを開始します。
[2026-09-18 18:08:19] [INFO] レポート条件入力画面で F1 キーが押下されました。クエリ待機ステータスを開始します。
[2026-09-18 18:08:21] [INFO] レポート条件入力画面で F1 キーが押下されました。クエリ待機ステータスを開始します。
[2026-09-18 18:08:23] [INFO] F4押下によりクエリ待機を解除しました
[2026-09-18 18:08:24] [INFO] _check_is_report_output: 一致！ (区切り線行 6 + データ行 2 行検出)
[2026-09-18 18:08:24] [INFO] === レポート自動取得・Excel展開ワーカー起動 ===
[2026-09-18 18:08:24] [INFO] レポート取得: 1 ページ目取得完了 (文字数: 726)
[2026-09-18 18:08:24] [INFO] 継続プロンプトが見当たらないため取得完了と判断
[2026-09-18 18:08:24] [INFO] 全 1 ページの取得完了。パース処理を開始します...
[2026-09-18 18:08:24] [DEBUG] parse_report_text_to_table: 開始 (入力行数=9)
[2026-09-18 18:08:24] [DEBUG] parse_report_text_to_table: 区切り線行を検出 (行インデックス=6): ─── ────────────────── ─────────── ── ────────────── ───────
[2026-09-18 18:08:24] [INFO] parse_report_text_to_table: 固定長パース成功 (列数=7, データ行数=0)
[2026-09-18 18:08:24] [INFO] パース成功: カラム数=7, データ行数=0
[2026-09-18 18:08:24] [INFO] paste_to_new_excel: 開始 (行数=1, 列数=7, タイトル=QAD_Report)
[2026-09-18 18:08:26] [INFO] paste_to_new_excel: COM操作成功 - Excelに 0 件のデータを展開しました（文字列書式）
[2026-09-18 18:08:26] [INFO] Excel展開結果: success=True, msg=Excelに 0 件のデータを展開しました（文字列書式）
[2026-09-18 18:08:31] [INFO] _check_is_report_output: 一致！ (区切り線行 6 + データ行 14 行検出)
[2026-09-18 18:08:31] [INFO] === レポート自動取得・Excel展開ワーカー起動 ===
[2026-09-18 18:08:31] [INFO] レポート取得: 1 ページ目取得完了 (文字数: 1698)
[2026-09-18 18:08:31] [INFO] 継続プロンプトが見当たらないため取得完了と判断
[2026-09-18 18:08:31] [INFO] 全 1 ページの取得完了。パース処理を開始します...
[2026-09-18 18:08:31] [DEBUG] parse_report_text_to_table: 開始 (入力行数=21)
[2026-09-18 18:08:31] [DEBUG] parse_report_text_to_table: 区切り線行を検出 (行インデックス=6): ─── ────────────────── ─────────── ── ────────────── ───────
[2026-09-18 18:08:31] [INFO] parse_report_text_to_table: 固定長パース成功 (列数=7, データ行数=8)
[2026-09-18 18:08:31] [INFO] パース成功: カラム数=7, データ行数=8
[2026-09-18 18:08:31] [INFO] paste_to_new_excel: 開始 (行数=9, 列数=7, タイトル=QAD_Report)
[2026-09-18 18:08:32] [INFO] paste_to_new_excel: COM操作成功 - Excelに 8 件のデータを展開しました（文字列書式）
[2026-09-18 18:08:32] [INFO] Excel展開結果: success=True, msg=Excelに 8 件のデータを展開しました（文字列書式）
[2026-09-18 18:08:38] [INFO] レポート条件入力画面で F1 キーが押下されました。クエリ待機ステータスを開始します。
[2026-09-18 18:08:40] [INFO] レポート条件入力画面で F1 キーが押下されました。クエリ待機ステータスを開始します。
[2026-09-18 19:38:16] [INFO] SSH切断 (closed, error=None)
[2026-09-20 15:02:37] [INFO] ======================================================================
[2026-09-20 15:02:37] [INFO] QAD Modern Terminal 起動 - 2026-09-20 15:02:37
[2026-09-20 15:02:37] [INFO] Python: 3.12.10 (tags/v3.12.10:0cc8128, Apr  8 2025, 12:21:36) [MSC v.1943 64 bit (AMD64)] | 実行パス: C:\Users\0138018\AppData\Local\Programs\Python\Python312\pythonw.exe
[2026-09-20 15:02:37] [INFO] ======================================================================
[2026-09-20 15:02:45] [INFO] SSH接続確立 (connected)
[2026-09-20 15:02:45] [INFO] 自動ログイン: Main Menu への自動遷移シーケンスを開始します
[2026-09-20 15:02:46] [INFO] 自動ログイン: '2' + Enter を送信
[2026-09-20 15:02:47] [INFO] 自動ログイン: '1' + Enter を送信
[2026-09-20 15:02:48] [INFO] 自動ログイン: Enter x 2 を送信
[2026-09-20 15:02:49] [INFO] 自動ログイン: Main Menu 着弾を検知しました！
[2026-09-20 15:07:31] [INFO] レポート条件入力画面で F1 キーが押下されました。クエリ待機ステータスを開始します。
[2026-09-20 15:07:35] [INFO] レポート条件入力画面で F1 キーが押下されました。クエリ待機ステータスを開始します。
[2026-09-20 15:07:38] [INFO] F4押下によりクエリ待機を解除しました
[2026-09-20 15:07:40] [INFO] レポート条件入力画面で F1 キーが押下されました。クエリ待機ステータスを開始します。
[2026-09-20 15:07:41] [INFO] F4押下によりクエリ待機を解除しました
[2026-09-20 15:07:50] [INFO] レポート条件入力画面で F1 キーが押下されました。クエリ待機ステータスを開始します。
[2026-09-20 15:08:34] [INFO] input_winprint: Output欄に winPrint を入力し、実績キーシーケンスで実行します
[2026-09-20 15:08:38] [INFO] input_winprint: キーシーケンス送信完了 (winPrint\r -> F1 -> F1 -> Ctrl+F -> Space)
[2026-09-20 15:08:38] [INFO] === winPrint サーバー監視ワーカー起動 (実績ベース独立SFTP) ===
[2026-09-20 15:08:47] [INFO] winPrint 生成完了を検知 (サイズ: 613581 バイト)
[2026-09-20 15:08:50] [INFO] winPrint ローカル一時ファイルへのダウンロード完了: C:\Users\0138018\AppData\Local\Temp\winPrint_download.txt
[2026-09-20 15:08:51] [INFO] サーバー上の仮ファイル /home/takehik/winPrint を安全に削除しました
[2026-09-20 15:08:51] [INFO] winPrint クレンジング完了 (文字数: 606457)
[2026-09-20 15:08:51] [INFO] winPrint パース成功 (列数=28, データ行数=1200)
[2026-09-20 15:08:51] [INFO] paste_to_new_excel: 開始 (行数=1201, 列数=28, タイトル=QAD_99.7.5.11)
[2026-09-20 15:08:53] [INFO] paste_to_new_excel: COM操作成功 - Excelに 1200 件のデータを展開しました（文字列書式）
[2026-09-20 15:08:54] [INFO] winPrint完了後: Program Information画面を検知したため、自動でSpaceを送信して復帰します
[2026-09-20 15:19:10] [INFO] 入力欄クリック検知: 現在=InputField(row=15, cols=70..78)(左列=False) -> 宛先=InputField(row=16, cols=70..78)(左列=False), クリック列=80
[2026-09-20 15:27:52] [INFO] ======================================================================
[2026-09-20 15:27:52] [INFO] QAD Modern Terminal 起動 - 2026-09-20 15:27:52
[2026-09-20 15:27:52] [INFO] Python: 3.12.10 (tags/v3.12.10:0cc8128, Apr  8 2025, 12:21:36) [MSC v.1943 64 bit (AMD64)] | 実行パス: C:\Users\0138018\AppData\Local\Programs\Python\Python312\pythonw.exe
[2026-09-20 15:27:52] [INFO] ======================================================================
[2026-09-20 15:27:57] [INFO] SSH接続確立 (connected)
[2026-09-20 15:27:57] [INFO] 自動ログイン: Main Menu への自動遷移シーケンスを開始します
[2026-09-20 15:27:58] [INFO] 自動ログイン: '2' + Enter を送信
[2026-09-20 15:27:59] [INFO] 自動ログイン: '1' + Enter を送信
[2026-09-20 15:28:00] [INFO] 自動ログイン: Enter x 2 を送信
[2026-09-20 15:28:01] [INFO] 自動ログイン: Main Menu 着弾を検知しました！
[2026-09-20 15:28:12] [INFO] レポート条件入力画面で F1 キーが押下されました。クエリ待機ステータスを開始します。
[2026-09-20 15:28:14] [INFO] Output欄での F1 押下を検知しました。自動で winPrint を設定して実行します。
[2026-09-20 15:28:14] [INFO] input_winprint: Output欄に winPrint を入力し、実績キーシーケンスで実行します
[2026-09-20 15:28:18] [INFO] input_winprint: キーシーケンス送信完了 (winPrint\r -> F1 -> F1 -> Ctrl+F -> Space)
[2026-09-20 15:28:18] [INFO] === winPrint サーバー監視ワーカー起動 (実績ベース独立SFTP) ===
[2026-09-20 15:28:28] [INFO] winPrint 生成完了を検知 (サイズ: 613581 バイト)
[2026-09-20 15:28:31] [INFO] winPrint ローカル一時ファイルへのダウンロード完了: C:\Users\0138018\AppData\Local\Temp\winPrint_download.txt
[2026-09-20 15:28:31] [INFO] サーバー上の仮ファイル /home/takehik/winPrint を安全に削除しました
[2026-09-20 15:28:31] [INFO] winPrint クレンジング完了 (文字数: 606457)
[2026-09-20 15:28:31] [INFO] winPrint パース成功 (列数=28, データ行数=1200)
[2026-09-20 15:28:31] [INFO] paste_to_new_excel: 開始 (行数=1201, 列数=28, タイトル=QAD_99.7.5.11)
[2026-09-20 15:28:32] [INFO] paste_to_new_excel: COM操作成功 - Excelに 1200 件のデータを展開しました（文字列書式）
[2026-09-20 15:28:33] [INFO] winPrint完了後: Program Information画面を検知したため、自動でSpaceを送信して復帰します
[2026-09-20 15:43:03] [INFO] ======================================================================
[2026-09-20 15:43:03] [INFO] QAD Modern Terminal 起動 - 2026-09-20 15:43:03
[2026-09-20 15:43:03] [INFO] Python: 3.12.10 (tags/v3.12.10:0cc8128, Apr  8 2025, 12:21:36) [MSC v.1943 64 bit (AMD64)] | 実行パス: C:\Users\0138018\AppData\Local\Programs\Python\Python312\pythonw.exe
[2026-09-20 15:43:03] [INFO] ======================================================================
[2026-09-20 15:43:08] [INFO] SSH接続確立 (connected)
[2026-09-20 15:43:08] [INFO] 自動ログイン: Main Menu への自動遷移シーケンスを開始します
[2026-09-20 15:43:09] [INFO] 自動ログイン: '2' + Enter を送信
[2026-09-20 15:43:10] [INFO] 自動ログイン: '1' + Enter を送信
[2026-09-20 15:43:11] [INFO] 自動ログイン: Enter x 2 を送信
[2026-09-20 15:43:12] [INFO] 自動ログイン: Main Menu 着弾を検知しました！
[2026-09-20 15:43:27] [INFO] レポート条件入力画面で F1 キーが押下されました。クエリ待機ステータスを開始します。
[2026-09-20 15:43:28] [INFO] Output欄での F1 押下を検知しました。自動で winPrint を設定して実行します。
[2026-09-20 15:43:28] [INFO] input_winprint: Output欄に winPrint を入力し、実績キーシーケンスで実行します
[2026-09-20 15:43:29] [INFO] Output: winPrint を検知しました。サーバー監視＆自動Excel展開ワーカーを開始します。
[2026-09-20 15:43:29] [INFO] === winPrint サーバー監視ワーカー起動 (実績ベース独立SFTP) ===
[2026-09-20 15:43:32] [INFO] input_winprint: キーシーケンス送信完了 (winPrint\r -> F1 -> F1 -> Ctrl+F -> Space)
[2026-09-20 15:45:30] [INFO] winPrint 生成完了を検知 (サイズ: 349 バイト)
[2026-09-20 15:45:31] [INFO] SSH接続確立 (connected)
[2026-09-20 15:45:31] [INFO] 自動ログイン: Main Menu への自動遷移シーケンスを開始します
[2026-09-20 15:45:32] [INFO] winPrint ローカル一時ファイルへのダウンロード完了: C:\Users\0138018\AppData\Local\Temp\winPrint_download.txt
[2026-09-20 15:45:33] [INFO] 自動ログイン: '2' + Enter を送信
[2026-09-20 15:45:33] [INFO] サーバー上の仮ファイル /home/takehik/winPrint を安全に削除しました
[2026-09-20 15:45:33] [INFO] winPrint クレンジング完了 (文字数: 345)
[2026-09-20 15:45:33] [INFO] parse_report_to_rows でパースできなかったため parse_report_text_to_table で再試行
[2026-09-20 15:45:33] [DEBUG] parse_report_text_to_table: 開始 (入力行数=4)
[2026-09-20 15:45:33] [INFO] parse_report_text_to_table: 空白区切りパース完了 (行数=4)
[2026-09-20 15:45:33] [INFO] winPrint パース成功 (列数=1, データ行数=3)
[2026-09-20 15:45:33] [INFO] paste_to_new_excel: 開始 (行数=4, 列数=4, タイトル=QAD_Report)
[2026-09-20 15:45:34] [INFO] paste_to_new_excel: COM操作成功 - Excelに 3 件のデータを展開しました（文字列書式）
[2026-09-20 15:45:34] [INFO] 自動ログイン: '1' + Enter を送信
[2026-09-20 15:45:35] [INFO] winPrint完了後: Program Information画面を検知したため、自動でSpaceを送信して復帰します
[2026-09-20 15:45:35] [INFO] 自動ログイン: Enter x 2 を送信
[2026-09-20 15:45:35] [INFO] 自動ログイン: Main Menu 着弾を検知しました！
[2026-09-20 15:46:15] [INFO] レポート条件入力画面で F1 キーが押下されました。クエリ待機ステータスを開始します。
[2026-09-20 15:46:16] [INFO] Output欄での F1 押下を検知しました。自動で winPrint を設定して実行します。
[2026-09-20 15:46:16] [INFO] input_winprint: Output欄に winPrint を入力し、実績キーシーケンスで実行します
[2026-09-20 15:46:18] [INFO] Output: winPrint を検知しました。サーバー監視＆自動Excel展開ワーカーを開始します。
[2026-09-20 15:46:18] [INFO] === winPrint サーバー監視ワーカー起動 (実績ベース独立SFTP) ===
[2026-09-20 15:46:20] [INFO] input_winprint: キーシーケンス送信完了 (winPrint\r -> F1 -> F1 -> Ctrl+F -> Space)
[2026-09-20 15:46:52] [INFO] winPrint 生成完了を検知 (サイズ: 299442 バイト)
[2026-09-20 15:46:55] [INFO] winPrint ローカル一時ファイルへのダウンロード完了: C:\Users\0138018\AppData\Local\Temp\winPrint_download.txt
[2026-09-20 15:46:55] [INFO] サーバー上の仮ファイル /home/takehik/winPrint を安全に削除しました
[2026-09-20 15:46:55] [INFO] winPrint クレンジング完了 (文字数: 289259)
[2026-09-20 15:46:55] [INFO] winPrint パース成功 (列数=48, データ行数=433)
[2026-09-20 15:46:55] [INFO] paste_to_new_excel: 開始 (行数=434, 列数=48, タイトル=QAD_99.7.6.20)
[2026-09-20 15:46:56] [INFO] paste_to_new_excel: COM操作成功 - Excelに 433 件のデータを展開しました（文字列書式）
[2026-09-20 15:46:57] [INFO] winPrint完了後: Program Information画面を検知したため、自動でSpaceを送信して復帰します
[2026-09-20 15:50:31] [INFO] HOME画面復帰: F4 を送信します (step 1)
[2026-09-20 15:50:32] [INFO] HOME画面復帰: メインメニュー着弾を確認しました
[2026-09-20 16:02:42] [INFO] ======================================================================
[2026-09-20 16:02:42] [INFO] QAD Modern Terminal 起動 - 2026-09-20 16:02:42
[2026-09-20 16:02:42] [INFO] Python: 3.12.10 (tags/v3.12.10:0cc8128, Apr  8 2025, 12:21:36) [MSC v.1943 64 bit (AMD64)] | 実行パス: C:\Users\0138018\AppData\Local\Programs\Python\Python312\pythonw.exe
[2026-09-20 16:02:42] [INFO] ======================================================================
[2026-09-20 16:02:49] [INFO] SSH接続確立 (connected)
[2026-09-20 16:02:49] [INFO] 自動ログイン: Main Menu への自動遷移シーケンスを開始します
[2026-09-20 16:02:51] [INFO] 自動ログイン: '2' + Enter を送信
[2026-09-20 16:02:52] [INFO] 自動ログイン: '1' + Enter を送信
[2026-09-20 16:02:53] [INFO] 自動ログイン: Enter x 2 を送信
[2026-09-20 16:02:53] [INFO] 自動ログイン: Main Menu 着弾を検知しました！
[2026-09-20 16:02:55] [INFO] === OrderBooking 自動実行マクロ開始 ===
[2026-09-20 16:02:55] [INFO] OrderBooking: メインメニュー復帰完了
[2026-09-20 16:02:55] [INFO] OrderBooking: '99.7.6.20\r' を送信します
[2026-09-20 16:02:56] [INFO] OrderBooking: Prod line (From) に '1fgi' を入力
[2026-09-20 16:02:56] [INFO] OrderBooking: その隣の欄へ移動 (Tab)
[2026-09-20 16:02:57] [INFO] OrderBooking: Prod line (To) に '1fgi' を入力
[2026-09-20 16:02:57] [INFO] OrderBooking: Due Date に '09/20/26' を入力
[2026-09-20 16:02:57] [INFO] OrderBooking: F1 を送信して Output 欄へジャンプ
[2026-09-20 16:02:58] [INFO] OrderBooking: Output 欄への着弾を確認しました
[2026-09-20 16:02:58] [INFO] OrderBooking: input_winprint を起動して自動実行・サーバー監視・Excel展開を開始
[2026-09-20 16:02:58] [INFO] input_winprint: Output欄に winPrint を入力し、実績キーシーケンスで実行します
[2026-09-20 16:03:02] [INFO] input_winprint: キーシーケンス送信完了 (winPrint\r -> F1 -> F1 -> Ctrl+F -> Space)
[2026-09-20 16:03:02] [INFO] === winPrint サーバー監視ワーカー起動 (実績ベース独立SFTP) ===
[2026-09-20 16:03:49] [INFO] winPrint 生成完了を検知 (サイズ: 349 バイト)
[2026-09-20 16:03:51] [INFO] winPrint ローカル一時ファイルへのダウンロード完了: C:\Users\0138018\AppData\Local\Temp\winPrint_download.txt
[2026-09-20 16:03:51] [INFO] サーバー上の仮ファイル /home/takehik/winPrint を安全に削除しました
[2026-09-20 16:03:51] [INFO] winPrint クレンジング完了 (文字数: 345)
[2026-09-20 16:03:51] [INFO] parse_report_to_rows でパースできなかったため parse_report_text_to_table で再試行
[2026-09-20 16:03:51] [DEBUG] parse_report_text_to_table: 開始 (入力行数=4)
[2026-09-20 16:03:51] [INFO] parse_report_text_to_table: 空白区切りパース完了 (行数=4)
[2026-09-20 16:03:51] [INFO] winPrint パース成功 (列数=1, データ行数=3)
[2026-09-20 16:03:51] [INFO] paste_to_new_excel: 開始 (行数=4, 列数=4, タイトル=QAD_Report)
[2026-09-20 16:03:52] [INFO] SSH接続確立 (connected)
[2026-09-20 16:03:52] [INFO] 自動ログイン: Main Menu への自動遷移シーケンスを開始します
[2026-09-20 16:03:54] [INFO] 自動ログイン: '2' + Enter を送信
[2026-09-20 16:03:54] [INFO] paste_to_new_excel: COM操作成功 - Excelに 3 件のデータを展開しました（文字列書式）
[2026-09-20 16:03:55] [INFO] 自動ログイン: '1' + Enter を送信
[2026-09-20 16:03:56] [INFO] 自動ログイン: Enter x 2 を送信
[2026-09-20 16:03:56] [INFO] 自動ログイン: Main Menu 着弾を検知しました！
[2026-09-20 16:09:20] [INFO] === OrderBooking 自動実行マクロ開始 ===
[2026-09-20 16:09:20] [INFO] OrderBooking: メインメニュー復帰完了
[2026-09-20 16:09:20] [INFO] OrderBooking: '99.7.6.20\r' を送信します
[2026-09-20 16:09:21] [INFO] OrderBooking: Prod line (From) に '1fgi' を入力
[2026-09-20 16:09:21] [INFO] OrderBooking: その隣の欄へ移動 (Tab)
[2026-09-20 16:09:21] [INFO] OrderBooking: Prod line (To) に '1fgi' を入力
[2026-09-20 16:09:22] [INFO] OrderBooking: Due Date に '09/20/26' を入力
[2026-09-20 16:09:22] [INFO] OrderBooking: F1 を送信して Output 欄へジャンプ
[2026-09-20 16:09:23] [INFO] OrderBooking: Output 欄への着弾を確認しました
[2026-09-20 16:09:23] [INFO] OrderBooking: input_winprint を起動して自動実行・サーバー監視・Excel展開を開始
[2026-09-20 16:09:23] [INFO] input_winprint: Output欄に winPrint を入力し、実績キーシーケンスで実行します
[2026-09-20 16:09:27] [INFO] input_winprint: キーシーケンス送信完了 (winPrint\r -> F1 -> F1 -> Ctrl+F -> Space)
[2026-09-20 16:09:27] [INFO] === winPrint サーバー監視ワーカー起動 (実績ベース独立SFTP) ===
[2026-09-20 16:09:43] [INFO] ======================================================================
[2026-09-20 16:09:43] [INFO] QAD Modern Terminal 起動 - 2026-09-20 16:09:43
[2026-09-20 16:09:43] [INFO] Python: 3.12.10 (tags/v3.12.10:0cc8128, Apr  8 2025, 12:21:36) [MSC v.1943 64 bit (AMD64)] | 実行パス: C:\Users\0138018\AppData\Local\Programs\Python\Python312\pythonw.exe
[2026-09-20 16:09:43] [INFO] ======================================================================
[2026-09-20 16:09:49] [INFO] SSH接続確立 (connected)
[2026-09-20 16:09:49] [INFO] 自動ログイン: Main Menu への自動遷移シーケンスを開始します
[2026-09-20 16:09:50] [INFO] 自動ログイン: '2' + Enter を送信
[2026-09-20 16:09:51] [INFO] 自動ログイン: '1' + Enter を送信
[2026-09-20 16:09:52] [INFO] 自動ログイン: Enter x 2 を送信
[2026-09-20 16:09:53] [INFO] 自動ログイン: Main Menu 着弾を検知しました！
[2026-09-20 16:10:52] [INFO] 入力欄クリック検知: 現在=InputField(row=2, cols=22..30)(左列=True) -> 宛先=InputField(row=6, cols=22..30)(左列=True), クリック列=21
[2026-09-20 16:10:53] [INFO] 入力欄クリック検知: 現在=InputField(row=6, cols=22..30)(左列=True) -> 宛先=InputField(row=2, cols=22..30)(左列=True), クリック列=23
[2026-09-20 16:19:45] [INFO] 入力欄クリック検知: 現在=InputField(row=8, cols=57..65)(左列=False) -> 宛先=InputField(row=11, cols=22..26)(左列=True), クリック列=21
[2026-09-20 16:19:53] [INFO] ======================================================================
[2026-09-20 16:19:53] [INFO] QAD Modern Terminal 起動 - 2026-09-20 16:19:53
[2026-09-20 16:19:53] [INFO] Python: 3.12.10 (tags/v3.12.10:0cc8128, Apr  8 2025, 12:21:36) [MSC v.1943 64 bit (AMD64)] | 実行パス: C:\Users\0138018\AppData\Local\Programs\Python\Python312\pythonw.exe
[2026-09-20 16:19:53] [INFO] ======================================================================
[2026-09-20 16:19:59] [INFO] SSH接続確立 (connected)
[2026-09-20 16:19:59] [INFO] 自動ログイン: Main Menu への自動遷移シーケンスを開始します
[2026-09-20 16:20:01] [INFO] 自動ログイン: '2' + Enter を送信
[2026-09-20 16:20:02] [INFO] 自動ログイン: '1' + Enter を送信
[2026-09-20 16:20:03] [INFO] 自動ログイン: Enter x 2 を送信
[2026-09-20 16:20:04] [INFO] 自動ログイン: Main Menu 着弾を検知しました！
[2026-09-20 16:20:08] [INFO] === OrderBooking 自動実行マクロ開始（改セル一括貼り付け方式） ===
[2026-09-20 16:20:08] [INFO] OrderBooking: メインメニュー復帰完了
[2026-09-20 16:20:08] [INFO] OrderBooking: '99.7.6.20\r' を送信します
[2026-09-20 16:20:09] [INFO] OrderBooking: 99.7.6.20 条件入力画面の表示を確認しました
[2026-09-20 16:20:09] [INFO] OrderBooking: 本日の日付 = '09/20/26'
[2026-09-20 16:20:09] [INFO] OrderBooking: Part 1 (Sales Order ~ Prod Line) 送信
[2026-09-20 16:20:09] [INFO] OrderBooking: Part 2 (Site ~ Due Date: 09/20/26) 送信
[2026-09-20 16:20:10] [INFO] OrderBooking: F1 を送信して Output 欄へジャンプ
[2026-09-20 16:20:10] [INFO] OrderBooking: Output 欄への着弾を確認しました
[2026-09-20 16:20:11] [INFO] OrderBooking: input_winprint を起動して自動実行・サーバー監視・Excel展開を開始
[2026-09-20 16:20:11] [INFO] input_winprint: Output欄に winPrint を入力し、実績キーシーケンスで実行します
[2026-09-20 16:20:15] [INFO] input_winprint: キーシーケンス送信完了 (winPrint\r -> F1 -> F1 -> Ctrl+F -> Space)
[2026-09-20 16:20:15] [INFO] === winPrint サーバー監視ワーカー起動 (実績ベース独立SFTP) ===
[2026-09-20 16:22:26] [INFO] winPrint 生成完了を検知 (サイズ: 5372566 バイト)
[2026-09-20 16:22:26] [INFO] winPrint 生成完了を検知 (サイズ: 5372566 バイト)
[2026-09-20 16:22:33] [INFO] winPrint ローカル一時ファイルへのダウンロード完了: C:\Users\0138018\AppData\Local\Temp\winPrint_download.txt
[2026-09-20 16:22:33] [INFO] winPrint ローカル一時ファイルへのダウンロード完了: C:\Users\0138018\AppData\Local\Temp\winPrint_download.txt
[2026-09-20 16:22:33] [INFO] サーバー上の仮ファイル /home/takehik/winPrint を安全に削除しました
[2026-09-20 16:22:33] [INFO] winPrint クレンジング完了 (文字数: 3580649)
[2026-09-20 16:22:33] [INFO] winPrint パース成功 (列数=48, データ行数=294)
[2026-09-20 16:22:33] [INFO] paste_to_new_excel: 開始 (行数=295, 列数=48, タイトル=QAD_99.7.6.20)
[2026-09-20 16:22:33] [WARNING] 仮ファイル削除エラー (無視可能): [Errno 2] No such file
[2026-09-20 16:22:33] [INFO] winPrint クレンジング完了 (文字数: 3580649)
[2026-09-20 16:22:33] [INFO] winPrint パース成功 (列数=48, データ行数=294)
[2026-09-20 16:22:33] [INFO] paste_to_new_excel: 開始 (行数=295, 列数=48, タイトル=QAD_99.7.6.20)
[2026-09-20 16:22:34] [INFO] paste_to_new_excel: COM操作成功 - Excelに 294 件のデータを展開しました（文字列書式）
[2026-09-20 16:22:35] [INFO] paste_to_new_excel: COM操作成功 - Excelに 294 件のデータを展開しました（文字列書式）
[2026-09-20 16:22:35] [INFO] winPrint完了後: Program Information画面を検知したため、自動でSpaceを送信して復帰します
[2026-09-20 16:22:36] [INFO] winPrint完了後: Program Information画面を検知したため、自動でSpaceを送信して復帰します
[2026-09-20 16:40:57] [INFO] 入力欄クリック検知: 現在=InputField(row=2, cols=22..40)(左列=True) -> 宛先=InputField(row=18, cols=57..58)(左列=False), クリック列=56
[2026-09-20 17:29:50] [INFO] ======================================================================
[2026-09-20 17:29:50] [INFO] QAD Modern Terminal 起動 - 2026-09-20 17:29:50
[2026-09-20 17:29:50] [INFO] Python: 3.12.10 (tags/v3.12.10:0cc8128, Apr  8 2025, 12:21:36) [MSC v.1943 64 bit (AMD64)] | 実行パス: C:\Users\0138018\AppData\Local\Programs\Python\Python312\python.exe
[2026-09-20 17:29:50] [INFO] ======================================================================
[2026-09-20 17:29:54] [INFO] ======================================================================
[2026-09-20 17:29:54] [INFO] QAD Modern Terminal 起動 - 2026-09-20 17:29:54
[2026-09-20 17:29:54] [INFO] Python: 3.12.10 (tags/v3.12.10:0cc8128, Apr  8 2025, 12:21:36) [MSC v.1943 64 bit (AMD64)] | 実行パス: C:\Users\0138018\AppData\Local\Programs\Python\Python312\python.exe
[2026-09-20 17:29:54] [INFO] ======================================================================
[2026-09-20 17:30:24] [INFO] ======================================================================
[2026-09-20 17:30:24] [INFO] QAD Modern Terminal 起動 - 2026-09-20 17:30:24
[2026-09-20 17:30:24] [INFO] Python: 3.12.10 (tags/v3.12.10:0cc8128, Apr  8 2025, 12:21:36) [MSC v.1943 64 bit (AMD64)] | 実行パス: C:\Users\0138018\AppData\Local\Programs\Python\Python312\python.exe
[2026-09-20 17:30:24] [INFO] ======================================================================
[2026-09-20 17:30:43] [INFO] ======================================================================
[2026-09-20 17:30:43] [INFO] QAD Modern Terminal 起動 - 2026-09-20 17:30:43
[2026-09-20 17:30:43] [INFO] Python: 3.12.10 (tags/v3.12.10:0cc8128, Apr  8 2025, 12:21:36) [MSC v.1943 64 bit (AMD64)] | 実行パス: C:\Users\0138018\AppData\Local\Programs\Python\Python312\pythonw.exe
[2026-09-20 17:30:43] [INFO] ======================================================================
[2026-09-20 17:30:47] [INFO] SSH接続確立 (connected)
[2026-09-20 17:30:47] [INFO] 自動ログイン: Main Menu への自動遷移シーケンスを開始します
[2026-09-20 17:30:49] [INFO] 自動ログイン: '2' + Enter を送信
[2026-09-20 17:30:50] [INFO] 自動ログイン: '1' + Enter を送信
[2026-09-20 17:30:51] [INFO] 自動ログイン: Enter x 2 を送信
[2026-09-20 17:30:52] [INFO] 自動ログイン: Main Menu 着弾を検知しました！
[2026-09-20 17:33:21] [INFO] ======================================================================
[2026-09-20 17:33:21] [INFO] QAD Modern Terminal 起動 - 2026-09-20 17:33:21
[2026-09-20 17:33:21] [INFO] Python: 3.12.10 (tags/v3.12.10:0cc8128, Apr  8 2025, 12:21:36) [MSC v.1943 64 bit (AMD64)] | 実行パス: C:\Users\0138018\AppData\Local\Programs\Python\Python312\python.exe
[2026-09-20 17:33:21] [INFO] ======================================================================
[2026-09-20 17:34:18] [INFO] ======================================================================
[2026-09-20 17:34:18] [INFO] QAD Modern Terminal 起動 - 2026-09-20 17:34:18
[2026-09-20 17:34:18] [INFO] Python: 3.12.10 (tags/v3.12.10:0cc8128, Apr  8 2025, 12:21:36) [MSC v.1943 64 bit (AMD64)] | 実行パス: C:\Users\0138018\AppData\Local\Programs\Python\Python312\pythonw.exe
[2026-09-20 17:34:18] [INFO] ======================================================================
[2026-09-20 17:34:23] [INFO] SSH接続確立 (connected)
[2026-09-20 17:34:23] [INFO] 自動ログイン: Main Menu への自動遷移シーケンスを開始します
[2026-09-20 17:34:24] [INFO] 自動ログイン: '2' + Enter を送信
[2026-09-20 17:34:25] [INFO] 自動ログイン: '1' + Enter を送信
[2026-09-20 17:34:26] [INFO] 自動ログイン: Enter x 2 を送信
[2026-09-20 17:34:27] [INFO] 自動ログイン: Main Menu 着弾を検知しました！
[2026-09-20 17:36:49] [INFO] ======================================================================
[2026-09-20 17:36:49] [INFO] QAD Modern Terminal 起動 - 2026-09-20 17:36:49
[2026-09-20 17:36:49] [INFO] Python: 3.12.10 (tags/v3.12.10:0cc8128, Apr  8 2025, 12:21:36) [MSC v.1943 64 bit (AMD64)] | 実行パス: C:\Users\0138018\AppData\Local\Programs\Python\Python312\python.exe
[2026-09-20 17:36:49] [INFO] ======================================================================
[2026-09-20 17:37:08] [INFO] ======================================================================
[2026-09-20 17:37:08] [INFO] QAD Modern Terminal 起動 - 2026-09-20 17:37:08
[2026-09-20 17:37:08] [INFO] Python: 3.12.10 (tags/v3.12.10:0cc8128, Apr  8 2025, 12:21:36) [MSC v.1943 64 bit (AMD64)] | 実行パス: C:\Users\0138018\AppData\Local\Programs\Python\Python312\python.exe
[2026-09-20 17:37:08] [INFO] ======================================================================
[2026-09-20 17:37:18] [INFO] ======================================================================
[2026-09-20 17:37:18] [INFO] QAD Modern Terminal 起動 - 2026-09-20 17:37:18
[2026-09-20 17:37:18] [INFO] Python: 3.12.10 (tags/v3.12.10:0cc8128, Apr  8 2025, 12:21:36) [MSC v.1943 64 bit (AMD64)] | 実行パス: C:\Users\0138018\AppData\Local\Programs\Python\Python312\python.exe
[2026-09-20 17:37:18] [INFO] ======================================================================
[2026-09-20 17:53:52] [INFO] レポート条件入力画面で F1 キーが押下されました。クエリ待機ステータスを開始します。
[2026-09-20 19:07:52] [INFO] ======================================================================
[2026-09-20 19:07:52] [INFO] QAD Modern Terminal 起動 - 2026-09-20 19:07:52
[2026-09-20 19:07:52] [INFO] Python: 3.12.10 (tags/v3.12.10:0cc8128, Apr  8 2025, 12:21:36) [MSC v.1943 64 bit (AMD64)] | 実行パス: C:\Users\0138018\AppData\Local\Programs\Python\Python312\pythonw.exe
[2026-09-20 19:07:52] [INFO] ======================================================================
[2026-09-20 19:07:57] [INFO] SSH接続確立 (connected)
[2026-09-20 19:07:57] [INFO] 自動ログイン: Main Menu への自動遷移シーケンスを開始します
[2026-09-20 19:07:58] [INFO] 自動ログイン: '2' + Enter を送信
[2026-09-20 19:07:59] [INFO] 自動ログイン: '1' + Enter を送信
[2026-09-20 19:08:00] [INFO] 自動ログイン: Enter x 2 を送信
[2026-09-20 19:08:01] [INFO] 自動ログイン: Main Menu 着弾を検知しました！
[2026-09-20 19:09:56] [INFO] 在庫レポートGAS送信開始: ユーザー=takehik, ホスト=mfg03
[2026-09-20 19:49:42] [INFO] ======================================================================
[2026-09-20 19:49:42] [INFO] QAD Modern Terminal 起動 - 2026-09-20 19:49:42
[2026-09-20 19:49:42] [INFO] Python: 3.12.10 (tags/v3.12.10:0cc8128, Apr  8 2025, 12:21:36) [MSC v.1943 64 bit (AMD64)] | 実行パス: C:\Users\0138018\AppData\Local\Programs\Python\Python312\pythonw.exe
[2026-09-20 19:49:42] [INFO] ======================================================================
[2026-09-20 19:49:48] [INFO] SSH接続確立 (connected)
[2026-09-20 19:49:48] [INFO] 自動ログイン: Main Menu への自動遷移シーケンスを開始します
[2026-09-20 19:49:49] [INFO] 自動ログイン: '2' + Enter を送信
[2026-09-20 19:49:50] [INFO] 自動ログイン: '1' + Enter を送信
[2026-09-20 19:49:51] [INFO] 自動ログイン: Enter x 2 を送信
[2026-09-20 19:49:52] [INFO] 自動ログイン: Main Menu 着弾を検知しました！
[2026-09-20 19:50:05] [INFO] 在庫レポートGAS送信開始: ユーザー=takehik, ホスト=mfg03
[2026-09-20 20:03:40] [INFO] ======================================================================
[2026-09-20 20:03:40] [INFO] QAD Modern Terminal 起動 - 2026-09-20 20:03:40
[2026-09-20 20:03:40] [INFO] Python: 3.12.10 (tags/v3.12.10:0cc8128, Apr  8 2025, 12:21:36) [MSC v.1943 64 bit (AMD64)] | 実行パス: C:\Users\0138018\AppData\Local\Programs\Python\Python312\pythonw.exe
[2026-09-20 20:03:40] [INFO] ======================================================================
[2026-09-20 20:03:44] [INFO] SSH接続確立 (connected)
[2026-09-20 20:03:44] [INFO] 自動ログイン: Main Menu への自動遷移シーケンスを開始します
[2026-09-20 20:03:45] [INFO] 自動ログイン: '2' + Enter を送信
[2026-09-20 20:03:46] [INFO] 自動ログイン: '1' + Enter を送信
[2026-09-20 20:03:47] [INFO] 自動ログイン: Enter x 2 を送信
[2026-09-20 20:03:48] [INFO] 自動ログイン: Main Menu 着弾を検知しました！
[2026-09-20 20:03:50] [INFO] 並行GAS送信開始 (99.7.6.20 & 99.7.5.11): ユーザー=takehik, ホスト=mfg03
[2026-09-20 20:03:50] [INFO] 並行ワーカー [99.7.6.20 受注残]: 接続中...
[2026-09-20 20:03:50] [INFO] 並行ワーカー [99.7.5.11 売上]: 接続中 (対象期間: 09/01/26 ～ 09/20/26)...
[2026-09-20 20:04:09] [INFO] 並行ワーカー [99.7.5.11 売上]: 抽出完了 785件 (19.0秒) ➔ 即時GAS送信
[2026-09-20 20:04:10] [INFO] 並行送信サブタスク完了: 99.7.5.11 (売上) -> 785件 (19.0秒)
[2026-09-20 20:04:13] [INFO] 並行ワーカー [99.7.6.20 受注残]: 抽出完了 304件 (22.8秒) ➔ 即時GAS送信
[2026-09-20 20:04:13] [INFO] 並行送信サブタスク完了: 99.7.6.20 (受注残) -> 304件 (22.8秒)
[2026-09-20 20:04:13] [INFO] 並行送信全完了: 売上: 785件 & 受注残: 304件 (総所要時間: 22.9秒)
[2026-09-20 20:25:48] [INFO] ======================================================================
[2026-09-20 20:25:48] [INFO] QAD Modern Terminal 起動 - 2026-09-20 20:25:48
[2026-09-20 20:25:48] [INFO] Python: 3.12.10 (tags/v3.12.10:0cc8128, Apr  8 2025, 12:21:36) [MSC v.1943 64 bit (AMD64)] | 実行パス: C:\Users\0138018\AppData\Local\Programs\Python\Python312\pythonw.exe
[2026-09-20 20:25:48] [INFO] ======================================================================
[2026-09-20 20:25:53] [INFO] SSH接続確立 (connected)
[2026-09-20 20:25:53] [INFO] 自動ログイン: Main Menu への自動遷移シーケンスを開始します
[2026-09-20 20:25:54] [INFO] 自動ログイン: '2' + Enter を送信
[2026-09-20 20:25:55] [INFO] 自動ログイン: '1' + Enter を送信
[2026-09-20 20:25:57] [INFO] 自動ログイン: Enter x 2 を送信
[2026-09-20 20:25:57] [INFO] 自動ログイン: Main Menu 着弾を検知しました！
[2026-09-20 20:26:20] [INFO] 並行GAS送信開始 (99.7.6.20 & 99.7.5.11): ユーザー=takehik, ホスト=mfg03
[2026-09-20 20:26:20] [INFO] 並行ワーカー [99.7.6.20 受注残]: 接続中...
[2026-09-20 20:26:20] [INFO] 並行ワーカー [99.7.5.11 売上]: 接続中 (対象期間: 09/01/26 ～ 09/20/26)...
[2026-09-20 20:26:38] [INFO] 並行ワーカー [99.7.5.11 売上]: 抽出完了 787件 (17.9秒) ➔ 即時GAS送信
[2026-09-20 20:26:38] [INFO] 並行送信サブタスク完了: 99.7.5.11 (売上) -> 787件 (17.9秒)
[2026-09-20 20:26:43] [INFO] 並行ワーカー [99.7.6.20 受注残]: 抽出完了 297件 (22.8秒) ➔ 即時GAS送信
[2026-09-20 20:26:43] [INFO] 並行送信サブタスク完了: 99.7.6.20 (受注残) -> 297件 (22.8秒)
[2026-09-20 20:26:43] [INFO] 並行送信全完了: 売上: 787件 & 受注残: 297件 (総所要時間: 22.8秒)
[2026-09-20 20:29:29] [INFO] 在庫レポートGAS送信開始: ユーザー=takehik, ホスト=mfg03
[2026-09-20 20:29:54] [INFO] 在庫レポートGAS送信完了: 9,684件
[2026-09-20 20:30:56] [INFO] 在庫レポートGAS送信開始: ユーザー=takehik, ホスト=mfg03
[2026-09-20 20:31:21] [INFO] 在庫レポートGAS送信完了: 9,684件
[2026-09-20 20:31:51] [INFO] 並行GAS送信開始 (99.7.6.20 & 99.7.5.11): ユーザー=takehik, ホスト=mfg03
[2026-09-20 20:31:51] [INFO] 並行ワーカー [99.7.6.20 受注残]: 接続中...
[2026-09-20 20:31:51] [INFO] 並行ワーカー [99.7.5.11 売上]: 接続中 (対象期間: 09/01/26 ～ 09/20/26)...
[2026-09-20 20:32:08] [INFO] 並行ワーカー [99.7.5.11 売上]: 抽出完了 787件 (16.7秒) ➔ 即時GAS送信
[2026-09-20 20:32:08] [INFO] 並行送信サブタスク完了: 99.7.5.11 (売上) -> 787件 (16.7秒)
[2026-09-20 20:32:12] [INFO] 並行ワーカー [99.7.6.20 受注残]: 抽出完了 301件 (21.3秒) ➔ 即時GAS送信
[2026-09-20 20:32:12] [INFO] 並行送信サブタスク完了: 99.7.6.20 (受注残) -> 301件 (21.3秒)
[2026-09-20 20:32:12] [INFO] 並行送信全完了: 売上: 787件 & 受注残: 301件 (総所要時間: 21.3秒)
[2026-09-20 20:40:41] [INFO] 並行GAS送信開始 (99.7.6.20 & 99.7.5.11): ユーザー=takehik, ホスト=mfg03
[2026-09-20 20:40:41] [INFO] 並行ワーカー [99.7.6.20 受注残]: 接続中...
[2026-09-20 20:40:41] [INFO] 並行ワーカー [99.7.5.11 売上]: 接続中 (対象期間: 09/01/26 ～ 09/20/26)...
[2026-09-20 20:40:58] [INFO] 並行ワーカー [99.7.5.11 売上]: 抽出完了 786件 (17.3秒) ➔ 即時GAS送信
[2026-09-20 20:40:58] [INFO] 並行送信サブタスク完了: 99.7.5.11 (売上) -> 786件 (17.3秒)
[2026-09-20 20:41:03] [INFO] 並行ワーカー [99.7.6.20 受注残]: 抽出完了 304件 (21.8秒) ➔ 即時GAS送信
[2026-09-20 20:41:03] [INFO] 並行送信サブタスク完了: 99.7.6.20 (受注残) -> 304件 (21.8秒)
[2026-09-20 20:41:03] [INFO] 並行送信全完了: 売上: 786件 & 受注残: 304件 (総所要時間: 21.8秒)
[2026-09-20 20:47:12] [INFO] レポート条件入力画面で F1 キーが押下されました。クエリ待機ステータスを開始します。
[2026-09-20 20:47:16] [INFO] input_32printer: Output欄に 32prn を入力し、実績キーシーケンスで実行します
[2026-09-20 20:47:20] [INFO] input_32printer: キーシーケンス送信完了 (32prn\r -> F1 -> F1 -> Ctrl+F -> Space)
[2026-09-20 20:47:25] [INFO] === 32printer データストリーム受信完了 (231,158 bytes) ===
[2026-09-20 20:47:25] [INFO] 32printer 解凍完了 (文字数: 4,072,985)
[2026-09-20 20:47:25] [INFO] メニュー画面に戻ったためクエリ待機状態を解除します
[2026-09-20 20:47:26] [INFO] 32printer パース成功 (列数=33, データ行数=9,684)
[2026-09-20 20:47:26] [INFO] paste_to_new_excel: 開始 (行数=9685, 列数=33, タイトル=QAD_99.3.6.1)
[2026-09-20 20:47:28] [INFO] paste_to_new_excel: COM操作成功 - Excelに 9684 件のデータを展開しました（文字列書式）
[2026-09-20 20:51:35] [INFO] ======================================================================
[2026-09-20 20:51:35] [INFO] QAD Modern Terminal 起動 - 2026-09-20 20:51:35
[2026-09-20 20:51:35] [INFO] Python: 3.12.10 (tags/v3.12.10:0cc8128, Apr  8 2025, 12:21:36) [MSC v.1943 64 bit (AMD64)] | 実行パス: C:\Users\0138018\AppData\Local\Programs\Python\Python312\pythonw.exe
[2026-09-20 20:51:35] [INFO] ======================================================================
[2026-09-20 20:51:40] [INFO] SSH接続確立 (connected)
[2026-09-20 20:51:40] [INFO] 自動ログイン: Main Menu への自動遷移シーケンスを開始します
[2026-09-20 20:51:41] [INFO] 自動ログイン: '2' + Enter を送信
[2026-09-20 20:51:42] [INFO] 自動ログイン: '1' + Enter を送信
[2026-09-20 20:51:43] [INFO] 自動ログイン: Enter x 2 を送信
[2026-09-20 20:51:44] [INFO] 自動ログイン: Main Menu 着弾を検知しました！
[2026-09-20 20:51:57] [INFO] 並行GAS送信開始 (99.7.6.20 & 99.7.5.11): ユーザー=takehik, ホスト=mfg03
[2026-09-20 20:51:57] [INFO] 並行ワーカー [99.7.5.11 売上]: 接続中 (対象期間: 09/01/26 ～ 09/20/26)...
[2026-09-20 20:51:59] [INFO] 並行ワーカー [99.7.6.20 受注残]: 接続中...
[2026-09-20 20:52:15] [INFO] 並行ワーカー [99.7.5.11 売上]: 抽出完了 706件 (18.5秒) ➔ 即時GAS送信
[2026-09-20 20:52:15] [INFO] 並行送信サブタスク完了: 99.7.5.11 (売上) -> 706件 (18.5秒)
[2026-09-20 20:52:23] [INFO] 並行ワーカー [99.7.6.20 受注残]: 抽出完了 294件 (23.1秒) ➔ 即時GAS送信
[2026-09-20 20:52:23] [INFO] 並行送信サブタスク完了: 99.7.6.20 (受注残) -> 294件 (23.1秒)
[2026-09-20 20:52:23] [INFO] 並行送信全完了: 売上: 706件 & 受注残: 294件 (総所要時間: 25.6秒)
[2026-09-20 20:55:28] [INFO] 入力欄クリック検知: 現在=InputField(row=19, cols=50..66)(左列=False) -> 宛先=InputField(row=19, cols=50..66)(左列=False), クリック列=50
[2026-09-20 20:55:34] [INFO] HOME画面復帰: F4 を送信します (step 1)
[2026-09-20 20:55:34] [INFO] HOME画面復帰: メインメニュー着弾を確認しました
[2026-09-20 20:59:01] [INFO] 並行GAS送信開始 (99.7.6.20 & 99.7.5.11): ユーザー=takehik, ホスト=mfg03
[2026-09-20 20:59:01] [INFO] 並行ワーカー [99.7.5.11 売上]: 接続中 (対象期間: 09/01/26 ～ 09/20/26)...
[2026-09-20 20:59:04] [INFO] 並行ワーカー [99.7.6.20 受注残]: 接続中...
[2026-09-20 20:59:21] [INFO] 並行ワーカー [99.7.5.11 売上]: 抽出完了 812件 (19.8秒) ➔ 即時GAS送信
[2026-09-20 20:59:21] [INFO] 並行送信サブタスク完了: 99.7.5.11 (売上) -> 812件 (19.8秒)
[2026-09-20 20:59:28] [INFO] 並行ワーカー [99.7.6.20 受注残]: 抽出完了 294件 (24.1秒) ➔ 即時GAS送信
[2026-09-20 20:59:28] [INFO] 並行送信サブタスク完了: 99.7.6.20 (受注残) -> 294件 (24.1秒)
[2026-09-20 20:59:28] [INFO] 並行送信全完了: 売上: 812件 & 受注残: 294件 (総所要時間: 26.6秒)
[2026-09-20 21:00:58] [INFO] 並行GAS送信開始 (99.7.6.20 & 99.7.5.11): ユーザー=takehik, ホスト=mfg03
[2026-09-20 21:00:58] [INFO] 並行ワーカー [99.7.5.11 売上]: 接続中 (対象期間: 09/01/26 ～ 09/20/26)...
[2026-09-20 21:01:01] [INFO] 並行ワーカー [99.7.6.20 受注残]: 接続中...
[2026-09-20 21:01:17] [INFO] 並行ワーカー [99.7.5.11 売上]: 抽出完了 813件 (18.9秒) ➔ 即時GAS送信
[2026-09-20 21:01:17] [INFO] 並行送信サブタスク完了: 99.7.5.11 (売上) -> 813件 (18.9秒)
[2026-09-20 21:01:24] [INFO] 並行ワーカー [99.7.6.20 受注残]: 抽出完了 294件 (23.5秒) ➔ 即時GAS送信
[2026-09-20 21:01:24] [INFO] 並行送信サブタスク完了: 99.7.6.20 (受注残) -> 294件 (23.5秒)
[2026-09-20 21:01:24] [INFO] 並行送信全完了: 売上: 813件 & 受注残: 294件 (総所要時間: 26.0秒)
[2026-09-20 21:14:51] [INFO] ======================================================================
[2026-09-20 21:14:51] [INFO] QAD Modern Terminal 起動 - 2026-09-20 21:14:51
[2026-09-20 21:14:51] [INFO] Python: 3.12.10 (tags/v3.12.10:0cc8128, Apr  8 2025, 12:21:36) [MSC v.1943 64 bit (AMD64)] | 実行パス: C:\Users\0138018\AppData\Local\Programs\Python\Python312\pythonw.exe
[2026-09-20 21:14:51] [INFO] ======================================================================
[2026-09-20 21:14:56] [INFO] SSH接続確立 (connected)
[2026-09-20 21:14:56] [INFO] 自動ログイン: Main Menu への自動遷移シーケンスを開始します
[2026-09-20 21:14:57] [INFO] 自動ログイン: '2' + Enter を送信
[2026-09-20 21:14:58] [INFO] 自動ログイン: '1' + Enter を送信
[2026-09-20 21:14:59] [INFO] 自動ログイン: Enter x 2 を送信
[2026-09-20 21:15:00] [INFO] 自動ログイン: Main Menu 着弾を検知しました！
[2026-09-20 21:15:02] [INFO] 並行GAS送信開始 (99.7.6.20 & 99.7.5.11): ユーザー=takehik, ホスト=mfg03
[2026-09-20 21:15:02] [INFO] 並行ワーカー [99.7.6.20 受注残]: 接続中...
[2026-09-20 21:15:25] [INFO] 並行ワーカー [99.7.6.20 受注残]: 抽出完了 294件 (23.2秒) ➔ 即時GAS送信
[2026-09-20 21:15:25] [INFO] 並行ワーカー [99.7.5.11 売上]: 接続中 (対象期間: 09/01/26 ～ 09/20/26)...
[2026-09-20 21:15:25] [INFO] 並行送信サブタスク完了: 99.7.6.20 (受注残) -> 294件 (23.2秒)
[2026-09-20 21:15:43] [INFO] 並行ワーカー [99.7.5.11 売上]: 抽出完了 816件 (18.1秒) ➔ 即時GAS送信
[2026-09-20 21:15:43] [INFO] 並行送信サブタスク完了: 99.7.5.11 (売上) -> 816件 (18.1秒)
[2026-09-20 21:15:43] [INFO] 並行送信全完了: 受注残: 294件 & 売上: 816件 (総所要時間: 41.4秒)
[2026-09-20 21:20:25] [INFO] 並行GAS送信開始 (99.7.6.20 & 99.7.5.11): ユーザー=takehik, ホスト=mfg03
[2026-09-20 21:20:25] [INFO] 並行ワーカー [99.7.6.20 受注残]: 接続中...
[2026-09-20 21:20:47] [INFO] 並行ワーカー [99.7.6.20 受注残]: 抽出完了 294件 (22.7秒) ➔ 即時GAS送信
[2026-09-20 21:20:47] [INFO] 並行ワーカー [99.7.5.11 売上]: 接続中 (対象期間: 09/01/26 ～ 09/20/26)...
[2026-09-20 21:20:47] [INFO] 並行送信サブタスク完了: 99.7.6.20 (受注残) -> 294件 (22.7秒)
[2026-09-20 21:21:05] [INFO] 並行ワーカー [99.7.5.11 売上]: 抽出完了 816件 (17.8秒) ➔ 即時GAS送信
[2026-09-20 21:21:05] [INFO] 並行送信サブタスク完了: 99.7.5.11 (売上) -> 816件 (17.8秒)
[2026-09-20 21:21:05] [INFO] 並行送信全完了: 受注残: 294件 & 売上: 816件 (総所要時間: 40.5秒)
[2026-09-20 21:29:14] [INFO] 並行GAS送信開始 (99.7.6.20 & 99.7.5.11): ユーザー=takehik, ホスト=mfg03
[2026-09-20 21:29:14] [INFO] 並行ワーカー [99.7.6.20 受注残]: 接続中...
[2026-09-20 21:29:37] [INFO] 並行ワーカー [99.7.6.20 受注残]: 抽出完了 294件 (23.2秒) ➔ 即時GAS送信
[2026-09-20 21:29:37] [INFO] 並行ワーカー [99.7.5.11 売上]: 接続中 (対象期間: 09/01/26 ～ 09/20/26)...
[2026-09-20 21:29:37] [INFO] 並行送信サブタスク完了: 99.7.6.20 (受注残) -> 294件 (23.2秒)
[2026-09-20 21:29:55] [INFO] 並行ワーカー [99.7.5.11 売上]: 抽出完了 816件 (18.2秒) ➔ 即時GAS送信
[2026-09-20 21:29:55] [INFO] 並行送信サブタスク完了: 99.7.5.11 (売上) -> 816件 (18.2秒)
[2026-09-20 21:29:55] [INFO] 並行送信全完了: 受注残: 294件 & 売上: 816件 (総所要時間: 41.5秒)
[2026-09-21 00:36:39] [INFO] SSH切断 (closed, error=None)
[2026-09-21 01:45:14] [INFO] ======================================================================
[2026-09-21 01:45:14] [INFO] QAD Modern Terminal 起動 - 2026-09-21 01:45:14
[2026-09-21 01:45:14] [INFO] Python: 3.12.10 (tags/v3.12.10:0cc8128, Apr  8 2025, 12:21:36) [MSC v.1943 64 bit (AMD64)] | 実行パス: C:\Users\0138018\AppData\Local\Programs\Python\Python312\pythonw.exe
[2026-09-21 01:45:14] [INFO] ======================================================================
[2026-09-21 01:45:19] [INFO] SSH接続確立 (connected)
[2026-09-21 01:45:19] [INFO] 自動ログイン: Main Menu への自動遷移シーケンスを開始します
[2026-09-21 01:45:20] [INFO] 自動ログイン: '2' + Enter を送信
[2026-09-21 01:45:21] [INFO] 自動ログイン: '1' + Enter を送信
[2026-09-21 01:45:22] [INFO] 自動ログイン: Enter x 2 を送信
[2026-09-21 01:45:23] [INFO] 自動ログイン: Main Menu 着弾を検知しました！
[2026-09-21 01:45:24] [INFO] 並行GAS送信開始 (99.7.6.20 & 99.7.5.11): ユーザー=takehik, ホスト=mfg03
[2026-09-21 01:45:24] [INFO] 並行ワーカー [99.7.6.20 受注残]: 接続中...
[2026-09-21 01:46:02] [INFO] 並行ワーカー [99.7.6.20 受注残]: 抽出完了 294件 (37.9秒) ➔ 即時GAS送信
[2026-09-21 01:46:02] [INFO] 並行ワーカー [99.7.5.11 売上]: 接続中 (対象期間: 09/01/26 ～ 09/21/26)...
[2026-09-21 01:46:02] [INFO] 並行送信サブタスク完了: 99.7.6.20 (受注残) -> 294件 (37.9秒)
[2026-09-21 01:46:21] [INFO] 並行ワーカー [99.7.5.11 売上]: 抽出完了 816件 (19.1秒) ➔ 即時GAS送信
[2026-09-21 01:46:21] [INFO] 並行送信サブタスク完了: 99.7.5.11 (売上) -> 816件 (19.1秒)
[2026-09-21 01:46:21] [INFO] 並行送信全完了: 受注残: 294件 & 売上: 816件 (総所要時間: 57.0秒)
[2026-09-21 01:47:14] [INFO] 並行GAS送信開始 (99.7.6.20 & 99.7.5.11): ユーザー=takehik, ホスト=mfg03
[2026-09-21 01:47:14] [INFO] 並行ワーカー [99.7.6.20 受注残]: 接続中...
[2026-09-21 01:47:38] [INFO] 並行ワーカー [99.7.6.20 受注残]: 抽出完了 294件 (23.1秒) ➔ 即時GAS送信
[2026-09-21 01:47:38] [INFO] 並行ワーカー [99.7.5.11 売上]: 接続中 (対象期間: 09/01/26 ～ 09/21/26)...
[2026-09-21 01:47:38] [INFO] 並行送信サブタスク完了: 99.7.6.20 (受注残) -> 294件 (23.1秒)
[2026-09-21 01:47:56] [INFO] 並行ワーカー [99.7.5.11 売上]: 抽出完了 816件 (18.3秒) ➔ 即時GAS送信
[2026-09-21 01:47:56] [INFO] 並行送信サブタスク完了: 99.7.5.11 (売上) -> 816件 (18.3秒)
[2026-09-21 01:47:56] [INFO] 並行送信全完了: 受注残: 294件 & 売上: 816件 (総所要時間: 41.4秒)
[2026-09-21 02:24:54] [INFO] ======================================================================
[2026-09-21 02:24:54] [INFO] QAD Modern Terminal 起動 - 2026-09-21 02:24:54
[2026-09-21 02:24:54] [INFO] Python: 3.12.10 (tags/v3.12.10:0cc8128, Apr  8 2025, 12:21:36) [MSC v.1943 64 bit (AMD64)] | 実行パス: C:\Users\0138018\AppData\Local\Programs\Python\Python312\python.exe
[2026-09-21 02:24:54] [INFO] ======================================================================
[2026-09-21 02:28:54] [INFO] ======================================================================
[2026-09-21 02:28:54] [INFO] QAD Modern Terminal 起動 - 2026-09-21 02:28:54
[2026-09-21 02:28:54] [INFO] Python: 3.12.10 (tags/v3.12.10:0cc8128, Apr  8 2025, 12:21:36) [MSC v.1943 64 bit (AMD64)] | 実行パス: C:\Users\0138018\AppData\Local\Programs\Python\Python312\python.exe
[2026-09-21 02:28:54] [INFO] PROJECT_ROOT: C:\Users\0138018\.antigravity\mfgpro_controller
[2026-09-21 02:28:54] [INFO] ======================================================================
[2026-09-21 02:28:59] [INFO] ======================================================================
[2026-09-21 02:28:59] [INFO] QAD Modern Terminal 起動 - 2026-09-21 02:28:59
[2026-09-21 02:28:59] [INFO] Python: 3.12.10 (tags/v3.12.10:0cc8128, Apr  8 2025, 12:21:36) [MSC v.1943 64 bit (AMD64)] | 実行パス: C:\Users\0138018\AppData\Local\Programs\Python\Python312\python.exe
[2026-09-21 02:28:59] [INFO] PROJECT_ROOT: C:\Users\0138018\.antigravity\mfgpro_controller
[2026-09-21 02:28:59] [INFO] ======================================================================
[2026-09-21 02:35:29] [INFO] ======================================================================
[2026-09-21 02:35:29] [INFO] QAD Modern Terminal 起動 - 2026-09-21 02:35:29
[2026-09-21 02:35:29] [INFO] Python: 3.12.10 (tags/v3.12.10:0cc8128, Apr  8 2025, 12:21:36) [MSC v.1943 64 bit (AMD64)] | 実行パス: C:\Users\0138018\AppData\Local\Programs\Python\Python312\pythonw.exe
[2026-09-21 02:35:29] [INFO] PROJECT_ROOT: C:\Users\0138018\.antigravity\mfgpro_controller
[2026-09-21 02:35:29] [INFO] ======================================================================
[2026-09-21 02:35:34] [INFO] SSH接続確立 (connected) [Tab 1]
[2026-09-21 02:35:34] [INFO] 自動ログイン: Tab 1 のMain Menu自動遷移シーケンスを開始
[2026-09-21 02:35:36] [INFO] SSH接続確立 (connected) [Tab 2]
[2026-09-21 02:35:36] [INFO] 自動ログイン: Tab 2 のMain Menu自動遷移シーケンスを開始
[2026-09-21 02:35:37] [INFO] 自動ログイン: Tab 1 Main Menu 着弾検知
[2026-09-21 02:35:40] [INFO] 自動ログイン: Tab 2 Main Menu 着弾検知
[2026-09-21 02:47:27] [INFO] ======================================================================
[2026-09-21 02:47:27] [INFO] QAD Modern Terminal 起動 - 2026-09-21 02:47:27
[2026-09-21 02:47:27] [INFO] Python: 3.12.10 (tags/v3.12.10:0cc8128, Apr  8 2025, 12:21:36) [MSC v.1943 64 bit (AMD64)] | 実行パス: C:\Users\0138018\AppData\Local\Programs\Python\Python312\python.exe
[2026-09-21 02:47:27] [INFO] PROJECT_ROOT: C:\Users\0138018\.antigravity\mfgpro_controller
[2026-09-21 02:47:27] [INFO] ======================================================================
[2026-09-21 02:47:36] [INFO] ======================================================================
[2026-09-21 02:47:36] [INFO] QAD Modern Terminal 起動 - 2026-09-21 02:47:36
[2026-09-21 02:47:36] [INFO] Python: 3.12.10 (tags/v3.12.10:0cc8128, Apr  8 2025, 12:21:36) [MSC v.1943 64 bit (AMD64)] | 実行パス: C:\Users\0138018\AppData\Local\Programs\Python\Python312\python.exe
[2026-09-21 02:47:36] [INFO] PROJECT_ROOT: C:\Users\0138018\.antigravity\mfgpro_controller
[2026-09-21 02:47:36] [INFO] ======================================================================
[2026-09-21 02:50:42] [INFO] ======================================================================
[2026-09-21 02:50:42] [INFO] QAD Modern Terminal 起動 - 2026-09-21 02:50:42
[2026-09-21 02:50:42] [INFO] Python: 3.12.10 (tags/v3.12.10:0cc8128, Apr  8 2025, 12:21:36) [MSC v.1943 64 bit (AMD64)] | 実行パス: C:\Users\0138018\AppData\Local\Programs\Python\Python312\pythonw.exe
[2026-09-21 02:50:42] [INFO] PROJECT_ROOT: C:\Users\0138018\.antigravity\mfgpro_controller
[2026-09-21 02:50:42] [INFO] ======================================================================
[2026-09-21 02:50:46] [INFO] SSH接続確立 (connected) [Tab 1]
[2026-09-21 02:50:46] [INFO] 自動ログイン: Tab 1 のMain Menu自動遷移シーケンスを開始
[2026-09-21 02:50:50] [INFO] 自動ログイン: Tab 1 Main Menu 着弾検知
[2026-09-21 02:54:40] [INFO] ======================================================================
[2026-09-21 02:54:40] [INFO] QAD Modern Terminal 起動 - 2026-09-21 02:54:40
[2026-09-21 02:54:40] [INFO] Python: 3.12.10 (tags/v3.12.10:0cc8128, Apr  8 2025, 12:21:36) [MSC v.1943 64 bit (AMD64)] | 実行パス: C:\Users\0138018\AppData\Local\Programs\Python\Python312\python.exe
[2026-09-21 02:54:40] [INFO] PROJECT_ROOT: C:\Users\0138018\.antigravity\mfgpro_controller
[2026-09-21 02:54:40] [INFO] ======================================================================
[2026-09-21 02:56:26] [INFO] ======================================================================
[2026-09-21 02:56:26] [INFO] QAD Modern Terminal 起動 - 2026-09-21 02:56:26
[2026-09-21 02:56:26] [INFO] Python: 3.12.10 (tags/v3.12.10:0cc8128, Apr  8 2025, 12:21:36) [MSC v.1943 64 bit (AMD64)] | 実行パス: C:\Users\0138018\AppData\Local\Programs\Python\Python312\pythonw.exe
[2026-09-21 02:56:26] [INFO] PROJECT_ROOT: C:\Users\0138018\.antigravity\mfgpro_controller
[2026-09-21 02:56:26] [INFO] ======================================================================
[2026-09-21 02:56:31] [INFO] SSH接続確立 (connected) [Tab 1]
[2026-09-21 02:56:31] [INFO] 自動ログイン: Tab 1 のMain Menu自動遷移シーケンスを開始
[2026-09-21 02:56:35] [INFO] 自動ログイン: Tab 1 Main Menu 着弾検知
[2026-09-21 02:59:59] [INFO] ======================================================================
[2026-09-21 02:59:59] [INFO] QAD Modern Terminal 起動 - 2026-09-21 02:59:59
[2026-09-21 02:59:59] [INFO] Python: 3.12.10 (tags/v3.12.10:0cc8128, Apr  8 2025, 12:21:36) [MSC v.1943 64 bit (AMD64)] | 実行パス: C:\Users\0138018\AppData\Local\Programs\Python\Python312\python.exe
[2026-09-21 02:59:59] [INFO] PROJECT_ROOT: C:\Users\0138018\.antigravity\mfgpro_controller
[2026-09-21 02:59:59] [INFO] ======================================================================
[2026-09-21 03:00:48] [INFO] ======================================================================
[2026-09-21 03:00:48] [INFO] QAD Modern Terminal 起動 - 2026-09-21 03:00:48
[2026-09-21 03:00:48] [INFO] Python: 3.12.10 (tags/v3.12.10:0cc8128, Apr  8 2025, 12:21:36) [MSC v.1943 64 bit (AMD64)] | 実行パス: C:\Users\0138018\AppData\Local\Programs\Python\Python312\pythonw.exe
[2026-09-21 03:00:48] [INFO] PROJECT_ROOT: C:\Users\0138018\.antigravity\mfgpro_controller
[2026-09-21 03:00:48] [INFO] ======================================================================
[2026-09-21 03:00:53] [INFO] SSH接続確立 (connected) [Tab 1]
[2026-09-21 03:00:53] [INFO] 自動ログイン: Tab 1 のMain Menu自動遷移シーケンスを開始
[2026-09-21 03:00:59] [INFO] SSH接続確立 (connected) [Tab 2]
[2026-09-21 03:00:59] [INFO] 自動ログイン: Tab 1 Main Menu 着弾検知
[2026-09-21 03:00:59] [INFO] 自動ログイン: Tab 2 のMain Menu自動遷移シーケンスを開始
[2026-09-21 03:01:05] [INFO] 自動ログイン: Tab 2 Main Menu 着弾検知
[2026-09-21 03:05:26] [INFO] ======================================================================
[2026-09-21 03:05:26] [INFO] QAD Modern Terminal 起動 - 2026-09-21 03:05:26
[2026-09-21 03:05:26] [INFO] Python: 3.12.10 (tags/v3.12.10:0cc8128, Apr  8 2025, 12:21:36) [MSC v.1943 64 bit (AMD64)] | 実行パス: C:\Users\0138018\AppData\Local\Programs\Python\Python312\python.exe
[2026-09-21 03:05:26] [INFO] PROJECT_ROOT: C:\Users\0138018\.antigravity\mfgpro_controller
[2026-09-21 03:05:26] [INFO] ======================================================================
[2026-09-21 03:13:20] [INFO] ======================================================================
[2026-09-21 03:13:20] [INFO] QAD Modern Terminal 起動 - 2026-09-21 03:13:20
[2026-09-21 03:13:20] [INFO] Python: 3.12.10 (tags/v3.12.10:0cc8128, Apr  8 2025, 12:21:36) [MSC v.1943 64 bit (AMD64)] | 実行パス: C:\Users\0138018\AppData\Local\Programs\Python\Python312\pythonw.exe
[2026-09-21 03:13:20] [INFO] PROJECT_ROOT: C:\Users\0138018\.antigravity\mfgpro_controller
[2026-09-21 03:13:20] [INFO] ======================================================================
[2026-09-21 03:13:25] [INFO] SSH接続確立 (connected) [Tab 1]
[2026-09-21 03:13:25] [INFO] 自動ログイン: Tab 1 のMain Menu自動遷移シーケンスを開始
[2026-09-21 03:13:29] [INFO] 自動ログイン: Tab 1 Main Menu 着弾検知
[2026-09-21 03:13:29] [INFO] SSH接続確立 (connected) [Tab 2]
[2026-09-21 03:13:29] [INFO] 自動ログイン: Tab 2 のMain Menu自動遷移シーケンスを開始
[2026-09-21 03:13:32] [INFO] 自動ログイン: Tab 2 Main Menu 着弾検知
[2026-09-21 03:13:55] [INFO] SSH接続確立 (connected) [Tab 3]
[2026-09-21 03:13:55] [INFO] 自動ログイン: Tab 3 のMain Menu自動遷移シーケンスを開始
[2026-09-21 03:13:59] [INFO] 自動ログイン: Tab 3 Main Menu 着弾検知
[2026-09-21 03:17:17] [INFO] ======================================================================
[2026-09-21 03:17:17] [INFO] QAD Modern Terminal 起動 - 2026-09-21 03:17:17
[2026-09-21 03:17:17] [INFO] Python: 3.12.10 (tags/v3.12.10:0cc8128, Apr  8 2025, 12:21:36) [MSC v.1943 64 bit (AMD64)] | 実行パス: C:\Users\0138018\AppData\Local\Programs\Python\Python312\python.exe
[2026-09-21 03:17:17] [INFO] PROJECT_ROOT: C:\Users\0138018\.antigravity\mfgpro_controller
[2026-09-21 03:17:17] [INFO] ======================================================================
[2026-09-21 03:17:59] [INFO] ======================================================================
[2026-09-21 03:17:59] [INFO] QAD Modern Terminal 起動 - 2026-09-21 03:17:59
[2026-09-21 03:17:59] [INFO] Python: 3.12.10 (tags/v3.12.10:0cc8128, Apr  8 2025, 12:21:36) [MSC v.1943 64 bit (AMD64)] | 実行パス: C:\Users\0138018\AppData\Local\Programs\Python\Python312\pythonw.exe
[2026-09-21 03:17:59] [INFO] PROJECT_ROOT: C:\Users\0138018\.antigravity\mfgpro_controller
[2026-09-21 03:17:59] [INFO] ======================================================================
[2026-09-21 03:18:04] [INFO] SSH接続確立 (connected) [Tab 1]
[2026-09-21 03:18:04] [INFO] 自動ログイン: Tab 1 のMain Menu自動遷移シーケンスを開始
[2026-09-21 03:18:08] [INFO] 自動ログイン: Tab 1 Main Menu 着弾検知
[2026-09-21 03:18:25] [INFO] SSH接続確立 (connected) [Tab 2]
[2026-09-21 03:18:25] [INFO] 自動ログイン: Tab 2 のMain Menu自動遷移シーケンスを開始
[2026-09-21 03:19:45] [INFO] ======================================================================
[2026-09-21 03:19:45] [INFO] QAD Modern Terminal 起動 - 2026-09-21 03:19:45
[2026-09-21 03:19:45] [INFO] Python: 3.12.10 (tags/v3.12.10:0cc8128, Apr  8 2025, 12:21:36) [MSC v.1943 64 bit (AMD64)] | 実行パス: C:\Users\0138018\AppData\Local\Programs\Python\Python312\python.exe
[2026-09-21 03:19:45] [INFO] PROJECT_ROOT: C:\Users\0138018\.antigravity\mfgpro_controller
[2026-09-21 03:19:45] [INFO] ======================================================================
[2026-09-21 03:19:56] [INFO] ======================================================================
[2026-09-21 03:19:56] [INFO] QAD Modern Terminal 起動 - 2026-09-21 03:19:56
[2026-09-21 03:19:56] [INFO] Python: 3.12.10 (tags/v3.12.10:0cc8128, Apr  8 2025, 12:21:36) [MSC v.1943 64 bit (AMD64)] | 実行パス: C:\Users\0138018\AppData\Local\Programs\Python\Python312\python.exe
[2026-09-21 03:19:56] [INFO] PROJECT_ROOT: C:\Users\0138018\.antigravity\mfgpro_controller
[2026-09-21 03:19:56] [INFO] ======================================================================
[2026-09-21 03:20:43] [INFO] ======================================================================
[2026-09-21 03:20:43] [INFO] QAD Modern Terminal 起動 - 2026-09-21 03:20:43
[2026-09-21 03:20:43] [INFO] Python: 3.12.10 (tags/v3.12.10:0cc8128, Apr  8 2025, 12:21:36) [MSC v.1943 64 bit (AMD64)] | 実行パス: C:\Users\0138018\AppData\Local\Programs\Python\Python312\python.exe
[2026-09-21 03:20:43] [INFO] PROJECT_ROOT: C:\Users\0138018\.antigravity\mfgpro_controller
[2026-09-21 03:20:43] [INFO] ======================================================================
[2026-09-21 03:20:51] [INFO] ======================================================================
[2026-09-21 03:20:51] [INFO] QAD Modern Terminal 起動 - 2026-09-21 03:20:51
[2026-09-21 03:20:51] [INFO] Python: 3.12.10 (tags/v3.12.10:0cc8128, Apr  8 2025, 12:21:36) [MSC v.1943 64 bit (AMD64)] | 実行パス: C:\Users\0138018\AppData\Local\Programs\Python\Python312\python.exe
[2026-09-21 03:20:51] [INFO] PROJECT_ROOT: C:\Users\0138018\.antigravity\mfgpro_controller
[2026-09-21 03:20:51] [INFO] ======================================================================
[2026-09-21 03:21:15] [INFO] ======================================================================
[2026-09-21 03:21:15] [INFO] QAD Modern Terminal 起動 - 2026-09-21 03:21:15
[2026-09-21 03:21:15] [INFO] Python: 3.12.10 (tags/v3.12.10:0cc8128, Apr  8 2025, 12:21:36) [MSC v.1943 64 bit (AMD64)] | 実行パス: C:\Users\0138018\AppData\Local\Programs\Python\Python312\pythonw.exe
[2026-09-21 03:21:15] [INFO] PROJECT_ROOT: C:\Users\0138018\.antigravity\mfgpro_controller
[2026-09-21 03:21:15] [INFO] ======================================================================
[2026-09-21 03:21:20] [INFO] SSH接続確立 (connected) [Tab 1]
[2026-09-21 03:21:20] [INFO] 自動ログイン: Tab 1 のMain Menu自動遷移シーケンスを開始
[2026-09-21 03:21:22] [INFO] SSH接続確立 (connected) [Tab 2]
[2026-09-21 03:21:22] [INFO] 自動ログイン: Tab 2 のMain Menu自動遷移シーケンスを開始
[2026-09-21 03:21:25] [INFO] SSH接続確立 (connected) [Tab 3]
[2026-09-21 03:21:25] [INFO] 自動ログイン: Tab 3 のMain Menu自動遷移シーケンスを開始
[2026-09-21 03:21:58] [INFO] ======================================================================
[2026-09-21 03:21:58] [INFO] QAD Modern Terminal 起動 - 2026-09-21 03:21:58
[2026-09-21 03:21:58] [INFO] Python: 3.12.10 (tags/v3.12.10:0cc8128, Apr  8 2025, 12:21:36) [MSC v.1943 64 bit (AMD64)] | 実行パス: C:\Users\0138018\AppData\Local\Programs\Python\Python312\pythonw.exe
[2026-09-21 03:21:58] [INFO] PROJECT_ROOT: C:\Users\0138018\.antigravity\mfgpro_controller
[2026-09-21 03:21:58] [INFO] ======================================================================
[2026-09-21 03:22:03] [INFO] SSH接続確立 (connected) [Tab 1]
[2026-09-21 03:22:03] [INFO] 自動ログイン: Tab 1 のMain Menu自動遷移シーケンスを開始
[2026-09-21 03:22:06] [INFO] 自動ログイン: Tab 1 Main Menu 着弾検知
[2026-09-21 03:22:13] [INFO] SSH接続確立 (connected) [Tab 2]
[2026-09-21 03:22:13] [INFO] 自動ログイン: Tab 2 のMain Menu自動遷移シーケンスを開始
[2026-09-21 03:22:17] [INFO] 自動ログイン: Tab 2 Main Menu 着弾検知
[2026-09-21 03:23:18] [INFO] 入力欄クリック検知: 現在=InputField(row=4, cols=57..67)(左列=False) -> 宛先=InputField(row=6, cols=22..26)(左列=True), クリック列=23
[2026-09-21 03:23:22] [INFO] 入力欄クリック検知: 現在=InputField(row=6, cols=22..26)(左列=True) -> 宛先=InputField(row=6, cols=57..61)(左列=False), クリック列=56
[2026-09-21 03:23:24] [INFO] 入力欄クリック検知: 現在=InputField(row=6, cols=57..61)(左列=False) -> 宛先=InputField(row=6, cols=57..61)(左列=False), クリック列=57
[2026-09-21 03:23:48] [INFO] SSH接続確立 (connected) [Tab 3]
[2026-09-21 03:23:48] [INFO] 自動ログイン: Tab 3 のMain Menu自動遷移シーケンスを開始
[2026-09-21 03:23:52] [INFO] 自動ログイン: Tab 3 Main Menu 着弾検知
[2026-09-21 03:23:53] [INFO] === OrderBooking 自動実行マクロ開始（改セル一括貼り付け方式） ===
[2026-09-21 03:23:53] [INFO] OrderBooking: メインメニュー復帰完了
[2026-09-21 03:23:54] [INFO] OrderBooking: '99.7.6.20\r' を送信します
[2026-09-21 03:23:54] [INFO] OrderBooking: 99.7.6.20 条件入力画面の表示を確認しました
[2026-09-21 03:23:55] [INFO] OrderBooking: 本日の日付 = '09/21/26'
[2026-09-21 03:23:55] [INFO] OrderBooking: Part 1 (Sales Order ~ Prod Line) 送信
[2026-09-21 03:23:55] [INFO] OrderBooking: Part 2 (Site ~ Due Date: 09/21/26) 送信
[2026-09-21 03:23:55] [INFO] OrderBooking: F1 を送信して Output 欄へジャンプ
[2026-09-21 03:23:56] [INFO] OrderBooking: Output 欄への着弾を確認しました
[2026-09-21 03:23:56] [INFO] OrderBooking: input_32printer を起動して自動実行・ストリーム直接受信・Excel展開を開始
[2026-09-21 03:23:56] [INFO] input_32printer: Output欄に 32prn を入力し、実績キーシーケンスで実行します
[2026-09-21 03:24:00] [INFO] input_32printer: キーシーケンス送信完了 (32prn\r -> F1 -> F1 -> Ctrl+F -> Space)
[2026-09-21 03:24:18] [INFO] === 32printer データストリーム受信完了 (28,691 bytes) ===
[2026-09-21 03:24:18] [INFO] 32printer 解凍完了 (文字数: 197,285)
[2026-09-21 03:24:18] [INFO] 32printer パース成功 (列数=48, データ行数=294)
[2026-09-21 03:24:18] [INFO] paste_to_new_excel: 開始 (行数=295, 列数=48, タイトル=QAD_Report)
[2026-09-21 03:24:19] [INFO] paste_to_new_excel: COM操作成功 - Excelに 294 件のデータを展開しました（文字列書式）
[2026-09-21 03:30:29] [INFO] SSH接続確立 (connected) [Tab 4]
[2026-09-21 03:30:29] [INFO] 自動ログイン: Tab 4 のMain Menu自動遷移シーケンスを開始
[2026-09-21 03:30:33] [INFO] 自動ログイン: Tab 4 Main Menu 着弾検知
[2026-09-21 03:32:52] [INFO] ======================================================================
[2026-09-21 03:32:52] [INFO] QAD Modern Terminal 起動 - 2026-09-21 03:32:52
[2026-09-21 03:32:52] [INFO] Python: 3.12.10 (tags/v3.12.10:0cc8128, Apr  8 2025, 12:21:36) [MSC v.1943 64 bit (AMD64)] | 実行パス: C:\Users\0138018\AppData\Local\Programs\Python\Python312\pythonw.exe
[2026-09-21 03:32:52] [INFO] PROJECT_ROOT: C:\Users\0138018\.antigravity\mfgpro_controller
[2026-09-21 03:32:52] [INFO] ======================================================================
[2026-09-21 03:32:58] [INFO] SSH接続確立 (connected) [Tab 1]
[2026-09-21 03:32:58] [INFO] 自動ログイン: Tab 1 のMain Menu自動遷移シーケンスを開始
[2026-09-21 03:33:02] [INFO] 自動ログイン: Tab 1 Main Menu 着弾検知
[2026-09-23 06:03:26] [INFO] ======================================================================
[2026-09-23 06:03:26] [INFO] QAD Modern Terminal 起動 - 2026-09-23 06:03:26
[2026-09-23 06:03:26] [INFO] Python: 3.12.10 (tags/v3.12.10:0cc8128, Apr  8 2025, 12:21:36) [MSC v.1943 64 bit (AMD64)] | 実行パス: C:\Users\0138018\AppData\Local\Programs\Python\Python312\pythonw.exe
[2026-09-23 06:03:26] [INFO] PROJECT_ROOT: C:\Users\0138018\.antigravity\mfgpro_controller
[2026-09-23 06:03:26] [INFO] ======================================================================
[2026-09-23 06:03:33] [INFO] SSH接続確立 (connected) [Tab 1]
[2026-09-23 06:03:33] [INFO] 自動ログイン: Tab 1 のMain Menu自動遷移シーケンスを開始
[2026-09-23 06:03:36] [INFO] 自動ログイン: Tab 1 Main Menu 着弾検知
[2026-09-23 06:03:37] [INFO] 在庫レポートGAS送信開始: ユーザー=takehik, ホスト=mfg03
[2026-09-23 06:04:09] [INFO] 在庫レポートGAS送信完了: 9,684件
[2026-09-23 06:23:48] [INFO] ======================================================================
[2026-09-23 06:23:48] [INFO] QAD Modern Terminal 起動 - 2026-09-23 06:23:48
[2026-09-23 06:23:48] [INFO] Python: 3.12.10 (tags/v3.12.10:0cc8128, Apr  8 2025, 12:21:36) [MSC v.1943 64 bit (AMD64)] | 実行パス: C:\Users\0138018\AppData\Local\Programs\Python\Python312\pythonw.exe
[2026-09-23 06:23:48] [INFO] PROJECT_ROOT: C:\Users\0138018\.antigravity\mfgpro_controller
[2026-09-23 06:23:48] [INFO] ======================================================================
[2026-09-23 06:23:54] [INFO] SSH接続確立 (connected) [Tab 1]
[2026-09-23 06:23:54] [INFO] 自動ログイン: Tab 1 のMain Menu自動遷移シーケンスを開始
[2026-09-23 06:23:58] [INFO] 自動ログイン: Tab 1 Main Menu 着弾検知
[2026-09-23 06:23:59] [INFO] 在庫レポートGAS送信開始: ユーザー=takehik, ホスト=mfg03
[2026-09-23 06:24:24] [INFO] 在庫レポートGAS送信完了: 9,684件
[2026-09-23 06:30:33] [INFO] ======================================================================
[2026-09-23 06:30:33] [INFO] QAD Modern Terminal 起動 - 2026-09-23 06:30:33
[2026-09-23 06:30:33] [INFO] Python: 3.12.10 (tags/v3.12.10:0cc8128, Apr  8 2025, 12:21:36) [MSC v.1943 64 bit (AMD64)] | 実行パス: C:\Users\0138018\AppData\Local\Programs\Python\Python312\pythonw.exe
[2026-09-23 06:30:33] [INFO] PROJECT_ROOT: C:\Users\0138018\.antigravity\mfgpro_controller
[2026-09-23 06:30:33] [INFO] ======================================================================
[2026-09-23 06:30:38] [INFO] SSH接続確立 (connected) [Tab 1]
[2026-09-23 06:30:38] [INFO] 自動ログイン: Tab 1 のMain Menu自動遷移シーケンスを開始
[2026-09-23 06:30:42] [INFO] 自動ログイン: Tab 1 Main Menu 着弾検知
[2026-09-23 06:30:53] [INFO] 在庫レポートGAS送信開始: ユーザー=takehik, ホスト=mfg03
[2026-09-23 06:31:11] [INFO] 在庫レポートGAS送信完了: 9,684件
[2026-09-23 06:38:51] [INFO] ======================================================================
[2026-09-23 06:38:51] [INFO] QAD Modern Terminal 起動 - 2026-09-23 06:38:51
[2026-09-23 06:38:51] [INFO] Python: 3.12.10 (tags/v3.12.10:0cc8128, Apr  8 2025, 12:21:36) [MSC v.1943 64 bit (AMD64)] | 実行パス: C:\Users\0138018\AppData\Local\Programs\Python\Python312\pythonw.exe
[2026-09-23 06:38:51] [INFO] PROJECT_ROOT: C:\Users\0138018\.antigravity\mfgpro_controller
[2026-09-23 06:38:51] [INFO] ======================================================================
[2026-09-23 06:38:56] [INFO] SSH接続確立 (connected) [Tab 1]
[2026-09-23 06:38:56] [INFO] 自動ログイン: Tab 1 のMain Menu自動遷移シーケンスを開始
[2026-09-23 06:38:59] [INFO] 自動ログイン: Tab 1 Main Menu 着弾検知
[2026-09-23 06:39:05] [INFO] 在庫レポートGAS送信開始: ユーザー=takehik, ホスト=mfg03
[2026-09-23 06:39:23] [INFO] 在庫レポートGAS送信完了: 9,684件
[2026-09-23 06:39:35] [INFO] 並行GAS送信開始 (99.7.6.20 & 99.7.5.11): ユーザー=takehik, ホスト=mfg03
[2026-09-23 06:39:35] [INFO] 並行ワーカー [99.7.6.20 受注残]: 接続中...
[2026-09-23 06:40:11] [INFO] 並行ワーカー [99.7.6.20 受注残]: 抽出完了 293件 (35.7秒) ➔ 即時GAS送信
[2026-09-23 06:40:11] [INFO] 並行ワーカー [99.7.5.11 売上]: 接続中 (対象期間: 09/01/26 ～ 09/23/26)...
[2026-09-23 06:40:11] [INFO] 並行送信サブタスク完了: 99.7.6.20 (受注残) -> 293件 (35.7秒)
[2026-09-23 06:40:23] [INFO] SSH接続確立 (connected) [Tab 2]
[2026-09-23 06:40:23] [INFO] 自動ログイン: Tab 2 のMain Menu自動遷移シーケンスを開始
[2026-09-23 06:40:27] [INFO] 自動ログイン: Tab 2 Main Menu 着弾検知
[2026-09-23 06:40:29] [INFO] 並行ワーカー [99.7.5.11 売上]: 抽出完了 816件 (18.3秒) ➔ 即時GAS送信
[2026-09-23 06:40:29] [INFO] 並行送信サブタスク完了: 99.7.5.11 (売上) -> 816件 (18.3秒)
[2026-09-23 06:40:29] [INFO] 並行送信全完了: 受注残: 293件 & 売上: 816件 (総所要時間: 54.0秒)
[2026-09-23 06:40:48] [INFO] SSH接続確立 (connected) [Tab 3]
[2026-09-23 06:40:48] [INFO] 自動ログイン: Tab 3 のMain Menu自動遷移シーケンスを開始
[2026-09-23 06:40:52] [INFO] 自動ログイン: Tab 3 Main Menu 着弾検知
[2026-09-23 06:50:51] [INFO] 並行GAS送信開始 (99.7.6.20 & 99.7.5.11): ユーザー=takehik, ホスト=mfg03
[2026-09-23 06:50:51] [INFO] 並行ワーカー [99.7.6.20 受注残]: 接続中...
[2026-09-23 06:51:14] [INFO] 並行ワーカー [99.7.6.20 受注残]: 抽出完了 293件 (22.6秒) ➔ 即時GAS送信
[2026-09-23 06:51:14] [INFO] 並行ワーカー [99.7.5.11 売上]: 接続中 (対象期間: 09/01/26 ～ 09/23/26)...
[2026-09-23 06:51:14] [INFO] 並行送信サブタスク完了: 99.7.6.20 (受注残) -> 293件 (22.6秒)
[2026-09-23 06:51:33] [INFO] 並行ワーカー [99.7.5.11 売上]: 抽出完了 816件 (18.6秒) ➔ 即時GAS送信
[2026-09-23 06:51:33] [INFO] 並行送信サブタスク完了: 99.7.5.11 (売上) -> 816件 (18.6秒)
[2026-09-23 06:51:33] [INFO] 並行送信全完了: 受注残: 293件 & 売上: 816件 (総所要時間: 41.2秒)
[2026-09-24 02:27:20] [INFO] ======================================================================
[2026-09-24 02:27:20] [INFO] QAD Modern Terminal 起動 - 2026-09-24 02:27:20
[2026-09-24 02:27:20] [INFO] Python: 3.12.10 (tags/v3.12.10:0cc8128, Apr  8 2025, 12:21:36) [MSC v.1943 64 bit (AMD64)] | 実行パス: C:\Users\0138018\AppData\Local\Programs\Python\Python312\pythonw.exe
[2026-09-24 02:27:20] [INFO] PROJECT_ROOT: C:\Users\0138018\.antigravity\mfgpro_controller
[2026-09-24 02:27:20] [INFO] ======================================================================
[2026-09-24 02:27:26] [INFO] SSH接続確立 (connected) [Tab 1]
[2026-09-24 02:27:26] [INFO] 自動ログイン: Tab 1 のMain Menu自動遷移シーケンスを開始
[2026-09-24 02:27:30] [INFO] 自動ログイン: Tab 1 Main Menu 着弾検知
[2026-09-24 02:37:42] [INFO] レポート条件入力画面で F1 キーが押下されました。クエリ待機ステータスを開始します。
[2026-09-24 02:37:45] [INFO] レポート条件入力画面で F1 キーが押下されました。クエリ待機ステータスを開始します。
[2026-09-24 02:37:50] [INFO] F4押下によりクエリ待機を解除しました
[2026-09-24 02:38:00] [INFO] レポート条件入力画面で F1 キーが押下されました。クエリ待機ステータスを開始します。
[2026-09-24 02:38:02] [INFO] レポート条件入力画面で F1 キーが押下されました。クエリ待機ステータスを開始します。
[2026-09-24 02:38:04] [INFO] レポート条件入力画面で F1 キーが押下されました。クエリ待機ステータスを開始します。
[2026-09-24 02:38:05] [INFO] レポート条件入力画面で F1 キーが押下されました。クエリ待機ステータスを開始します。
[2026-09-24 02:38:06] [INFO] レポート条件入力画面で F1 キーが押下されました。クエリ待機ステータスを開始します。
[2026-09-24 02:38:52] [INFO] レポート条件入力画面で F1 キーが押下されました。クエリ待機ステータスを開始します。
[2026-09-24 02:38:59] [INFO] レポート条件入力画面で F1 キーが押下されました。クエリ待機ステータスを開始します。
[2026-09-24 02:39:03] [INFO] レポート条件入力画面で F1 キーが押下されました。クエリ待機ステータスを開始します。
[2026-09-24 02:39:06] [INFO] レポート条件入力画面で F1 キーが押下されました。クエリ待機ステータスを開始します。
[2026-09-24 02:39:07] [INFO] _check_is_report_output: 一致！ (クエリ待機中 + レポート区切り線行 6 検出: │─── ────────────────── ─────────── ── ───────────)
[2026-09-24 02:39:07] [INFO] === レポート自動取得・Excel展開ワーカー起動 ===
[2026-09-24 02:39:07] [INFO] レポート取得: 1 ページ目取得完了 (文字数: 726)
[2026-09-24 02:39:07] [INFO] 継続プロンプトが見当たらないため取得完了と判断
[2026-09-24 02:39:07] [INFO] 全 1 ページの取得完了。パース処理を開始します...
[2026-09-24 02:39:07] [DEBUG] parse_report_text_to_table: 開始 (入力行数=9)
[2026-09-24 02:39:07] [DEBUG] parse_report_text_to_table: 区切り線行を検出 (行インデックス=6): ─── ────────────────── ─────────── ── ────────────── ───────
[2026-09-24 02:39:07] [INFO] parse_report_text_to_table: 固定長パース成功 (列数=7, データ行数=0)
[2026-09-24 02:39:07] [INFO] パース成功: カラム数=7, データ行数=0
[2026-09-24 02:39:07] [INFO] paste_to_new_excel: 開始 (行数=1, 列数=7, タイトル=QAD_Report)
[2026-09-24 02:39:09] [INFO] paste_to_new_excel: COM操作成功 - Excelに 0 件のデータを展開しました（文字列書式）
[2026-09-24 02:39:09] [INFO] Excel展開結果: success=True, msg=Excelに 0 件のデータを展開しました（文字列書式）
[2026-09-24 02:39:21] [INFO] 並行GAS送信開始 (99.7.6.20 & 99.7.5.11): ユーザー=takehik, ホスト=mfg03
[2026-09-24 02:39:21] [INFO] 並行ワーカー [99.7.6.20 受注残]: 接続中...
[2026-09-24 02:39:54] [INFO] 並行ワーカー [99.7.6.20 受注残]: 抽出完了 293件 (33.0秒) ➔ 即時GAS送信
[2026-09-24 02:39:54] [INFO] 並行ワーカー [99.7.5.11 売上]: 接続中 (対象期間: 09/01/26 ～ 09/24/26)...
[2026-09-24 02:39:54] [INFO] 並行送信サブタスク完了: 99.7.6.20 (受注残) -> 293件 (33.0秒)
[2026-09-24 02:40:12] [INFO] 並行ワーカー [99.7.5.11 売上]: 抽出完了 816件 (18.6秒) ➔ 即時GAS送信
[2026-09-24 02:40:12] [INFO] 並行送信サブタスク完了: 99.7.5.11 (売上) -> 816件 (18.6秒)
[2026-09-24 02:40:12] [INFO] 並行送信全完了: 受注残: 293件 & 売上: 816件 (総所要時間: 51.7秒)
[2026-09-24 02:41:22] [INFO] _check_is_report_output: 一致！ (区切り線行 6 + データ行 15 行検出)
[2026-09-24 02:41:22] [INFO] === レポート自動取得・Excel展開ワーカー起動 ===
[2026-09-24 02:41:22] [INFO] レポート取得: 1 ページ目取得完了 (文字数: 1764)
[2026-09-24 02:41:22] [INFO] 継続プロンプトが見当たらないため取得完了と判断
[2026-09-24 02:41:22] [INFO] 全 1 ページの取得完了。パース処理を開始します...
[2026-09-24 02:41:22] [DEBUG] parse_report_text_to_table: 開始 (入力行数=22)
[2026-09-24 02:41:22] [DEBUG] parse_report_text_to_table: 区切り線行を検出 (行インデックス=6): ─── ────────────────── ─────────── ── ────────────── ───────
[2026-09-24 02:41:22] [INFO] parse_report_text_to_table: 固定長パース成功 (列数=7, データ行数=9)
[2026-09-24 02:41:22] [INFO] パース成功: カラム数=7, データ行数=9
[2026-09-24 02:41:22] [INFO] paste_to_new_excel: 開始 (行数=10, 列数=7, タイトル=QAD_Report)
[2026-09-24 02:41:23] [INFO] paste_to_new_excel: COM操作成功 - Excelに 9 件のデータを展開しました（文字列書式）
[2026-09-24 02:41:23] [INFO] Excel展開結果: success=True, msg=Excelに 9 件のデータを展開しました（文字列書式）
[2026-09-24 02:41:36] [INFO] レポート条件入力画面で F1 キーが押下されました。クエリ待機ステータスを開始します。
[2026-09-24 02:41:38] [INFO] レポート条件入力画面で F1 キーが押下されました。クエリ待機ステータスを開始します。
[2026-09-24 02:41:39] [INFO] _check_is_report_output: 一致！ (クエリ待機中 + レポート区切り線行 6 検出: │─── ──────────│ ──────── │──────── ── ───────────)
[2026-09-24 02:41:39] [INFO] === レポート自動取得・Excel展開ワーカー起動 ===
[2026-09-24 02:41:39] [INFO] レポート取得: 1 ページ目取得完了 (文字数: 1751)
[2026-09-24 02:41:39] [INFO] 継続プロンプトが見当たらないため取得完了と判断
[2026-09-24 02:41:39] [INFO] 全 1 ページの取得完了。パース処理を開始します...
[2026-09-24 02:41:39] [DEBUG] parse_report_text_to_table: 開始 (入力行数=22)
[2026-09-24 02:41:39] [DEBUG] parse_report_text_to_table: 区切り線行を検出 (行インデックス=6): ─── ──────────  ────────  ──────── ── ────────────── ───────
[2026-09-24 02:41:39] [INFO] parse_report_text_to_table: 固定長パース成功 (列数=8, データ行数=9)
[2026-09-24 02:41:39] [INFO] パース成功: カラム数=8, データ行数=9
[2026-09-24 02:41:39] [INFO] paste_to_new_excel: 開始 (行数=10, 列数=8, タイトル=QAD_Report)
[2026-09-24 02:41:40] [INFO] レポート条件入力画面で F1 キーが押下されました。クエリ待機ステータスを開始します。
[2026-09-24 02:41:40] [INFO] paste_to_new_excel: COM操作成功 - Excelに 9 件のデータを展開しました（文字列書式）
[2026-09-24 02:41:40] [INFO] Excel展開結果: success=True, msg=Excelに 9 件のデータを展開しました（文字列書式）
[2026-09-24 02:41:43] [INFO] レポート条件入力画面で F1 キーが押下されました。クエリ待機ステータスを開始します。
[2026-09-24 02:41:44] [INFO] レポート条件入力画面で F1 キーが押下されました。クエリ待機ステータスを開始します。
[2026-09-24 02:41:45] [INFO] _check_is_report_output: 一致！ (クエリ待機中 + レポート区切り線行 6 検出: │─── ────────────────── ─────────── ── ───────────)
[2026-09-24 02:41:45] [INFO] === レポート自動取得・Excel展開ワーカー起動 ===
[2026-09-24 02:41:45] [INFO] レポート取得: 1 ページ目取得完了 (文字数: 1753)
[2026-09-24 02:41:45] [INFO] 継続プロンプトが見当たらないため取得完了と判断
[2026-09-24 02:41:45] [INFO] 全 1 ページの取得完了。パース処理を開始します...
[2026-09-24 02:41:45] [DEBUG] parse_report_text_to_table: 開始 (入力行数=22)
[2026-09-24 02:41:45] [DEBUG] parse_report_text_to_table: 区切り線行を検出 (行インデックス=6): ─── ────────────────── ─────────── ── ────────────── ───────
[2026-09-24 02:41:45] [INFO] parse_report_text_to_table: 固定長パース成功 (列数=7, データ行数=8)
[2026-09-24 02:41:45] [INFO] パース成功: カラム数=7, データ行数=8
[2026-09-24 02:41:45] [INFO] paste_to_new_excel: 開始 (行数=9, 列数=7, タイトル=QAD_Report)
[2026-09-24 02:41:46] [INFO] paste_to_new_excel: COM操作成功 - Excelに 8 件のデータを展開しました（文字列書式）
[2026-09-24 02:41:46] [INFO] Excel展開結果: success=True, msg=Excelに 8 件のデータを展開しました（文字列書式）
[2026-09-24 02:41:51] [INFO] レポート条件入力画面で F1 キーが押下されました。クエリ待機ステータスを開始します。
[2026-09-24 02:41:52] [INFO] レポート条件入力画面で F1 キーが押下されました。クエリ待機ステータスを開始します。
[2026-09-24 02:41:53] [INFO] F4押下によりクエリ待機を解除しました
[2026-09-24 02:42:27] [INFO] レポート条件入力画面で F1 キーが押下されました。クエリ待機ステータスを開始します。
[2026-09-24 02:42:28] [INFO] レポート条件入力画面で F1 キーが押下されました。クエリ待機ステータスを開始します。
[2026-09-24 02:42:29] [INFO] レポート条件入力画面で F1 キーが押下されました。クエリ待機ステータスを開始します。
[2026-09-24 02:42:33] [INFO] レポート条件入力画面で F1 キーが押下されました。クエリ待機ステータスを開始します。
[2026-09-24 02:42:34] [INFO] レポート条件入力画面で F1 キーが押下されました。クエリ待機ステータスを開始します。
[2026-09-24 02:42:58] [INFO] 在庫レポートGAS送信開始: ユーザー=takehik, ホスト=mfg03
[2026-09-24 02:43:26] [INFO] 在庫レポートGAS送信完了: 9,684件
[2026-09-24 16:11:46] [INFO] ======================================================================
[2026-09-24 16:11:46] [INFO] QAD Modern Terminal 起動 - 2026-09-24 16:11:46
[2026-09-24 16:11:46] [INFO] Python: 3.12.10 (tags/v3.12.10:0cc8128, Apr  8 2025, 12:21:36) [MSC v.1943 64 bit (AMD64)] | 実行パス: C:\Users\0138018\AppData\Local\Programs\Python\Python312\pythonw.exe
[2026-09-24 16:11:46] [INFO] PROJECT_ROOT: C:\Users\0138018\.antigravity\mfgpro_controller
[2026-09-24 16:11:46] [INFO] ======================================================================
[2026-09-24 16:11:51] [INFO] SSH接続確立 (connected) [Tab 1]
[2026-09-24 16:11:51] [INFO] 自動ログイン: Tab 1 のMain Menu自動遷移シーケンスを開始
[2026-09-24 16:11:55] [INFO] 自動ログイン: Tab 1 Main Menu 着弾検知
[2026-09-24 16:22:51] [INFO] ======================================================================
[2026-09-24 16:22:51] [INFO] QAD Modern Terminal 起動 - 2026-09-24 16:22:51
[2026-09-24 16:22:51] [INFO] Python: 3.12.10 (tags/v3.12.10:0cc8128, Apr  8 2025, 12:21:36) [MSC v.1943 64 bit (AMD64)] | 実行パス: C:\Users\0138018\AppData\Local\Programs\Python\Python312\pythonw.exe
[2026-09-24 16:22:51] [INFO] PROJECT_ROOT: C:\Users\0138018\.antigravity\mfgpro_controller
[2026-09-24 16:22:51] [INFO] ======================================================================
[2026-09-24 16:22:56] [INFO] SSH接続確立 (connected) [Tab 1]
[2026-09-24 16:22:56] [INFO] 自動ログイン: Tab 1 のMain Menu自動遷移シーケンスを開始
[2026-09-24 16:23:00] [INFO] 自動ログイン: Tab 1 Main Menu 着弾検知
[2026-09-24 18:22:59] [INFO] SSH切断 (closed, error=None) [Tab 1]
[2026-09-24 21:55:54] [INFO] ======================================================================
[2026-09-24 21:55:54] [INFO] QAD Modern Terminal 起動 - 2026-09-24 21:55:54
[2026-09-24 21:55:54] [INFO] Python: 3.12.10 (tags/v3.12.10:0cc8128, Apr  8 2025, 12:21:36) [MSC v.1943 64 bit (AMD64)] | 実行パス: C:\Users\0138018\AppData\Local\Programs\Python\Python312\pythonw.exe
[2026-09-24 21:55:54] [INFO] PROJECT_ROOT: C:\Users\0138018\.antigravity\mfgpro_controller
[2026-09-24 21:55:54] [INFO] ======================================================================
[2026-09-24 21:56:09] [INFO] SSH接続確立 (connected) [Tab 2]
[2026-09-24 21:56:09] [INFO] 自動ログイン: Tab 2 のMain Menu自動遷移シーケンスを開始
[2026-09-24 21:56:13] [INFO] 自動ログイン: Tab 2 Main Menu 着弾検知
[2026-09-24 23:49:13] [INFO] SSH切断 (closed, error=None) [Tab 2]
[2026-09-24 23:56:42] [INFO] ======================================================================
[2026-09-24 23:56:42] [INFO] QAD Modern Terminal 起動 - 2026-09-24 23:56:42
[2026-09-24 23:56:42] [INFO] Python: 3.12.10 (tags/v3.12.10:0cc8128, Apr  8 2025, 12:21:36) [MSC v.1943 64 bit (AMD64)] | 実行パス: C:\Users\0138018\AppData\Local\Programs\Python\Python312\pythonw.exe
[2026-09-24 23:56:42] [INFO] PROJECT_ROOT: C:\Users\0138018\.antigravity\mfgpro_controller
[2026-09-24 23:56:42] [INFO] ======================================================================
[2026-09-24 23:56:48] [INFO] SSH接続確立 (connected) [Tab 1]
[2026-09-24 23:56:48] [INFO] 自動ログイン: Tab 1 のMain Menu自動遷移シーケンスを開始
[2026-09-24 23:56:52] [INFO] 自動ログイン: Tab 1 Main Menu 着弾検知
[2026-09-25 00:02:29] [INFO] ======================================================================
[2026-09-25 00:02:29] [INFO] QAD Modern Terminal 起動 - 2026-09-25 00:02:29
[2026-09-25 00:02:29] [INFO] Python: 3.12.10 (tags/v3.12.10:0cc8128, Apr  8 2025, 12:21:36) [MSC v.1943 64 bit (AMD64)] | 実行パス: C:\Users\0138018\AppData\Local\Programs\Python\Python312\python.exe
[2026-09-25 00:02:29] [INFO] PROJECT_ROOT: C:\Users\0138018\.antigravity\mfgpro_controller
[2026-09-25 00:02:29] [INFO] ======================================================================
[2026-09-25 00:03:32] [INFO] レポート条件入力画面で F1 キーが押下されました。クエリ待機ステータスを開始します。
[2026-09-25 00:03:35] [INFO] input_32printer: Output欄に 32prn を入力し、実績キーシーケンスで実行します
[2026-09-25 00:03:39] [INFO] input_32printer: キーシーケンス送信完了 (32prn\r -> F1 -> F1 -> Ctrl+F -> Space)
[2026-09-25 00:03:39] [INFO] === 32printer データストリーム受信完了 (126,806 bytes) ===
[2026-09-25 00:03:39] [INFO] 32printer 解凍完了 (文字数: 965,193)
[2026-09-25 00:03:39] [INFO] メニュー画面に戻ったためクエリ待機状態を解除します
[2026-09-25 00:03:39] [INFO] 32printer パース成功 (列数=86, データ行数=726)
[2026-09-25 00:03:40] [INFO] paste_to_new_excel: 開始 (行数=727, 列数=86, タイトル=QAD_99.2.1.4)
[2026-09-25 00:03:45] [INFO] paste_to_new_excel: COM操作成功 - Excelに 726 件のデータを展開しました（文字列書式）
[2026-09-25 00:06:59] [INFO] レポート条件入力画面で F1 キーが押下されました。クエリ待機ステータスを開始します。
[2026-09-25 00:07:02] [INFO] input_32printer: Output欄に 32prn を入力し、実績キーシーケンスで実行します
[2026-09-25 00:07:06] [INFO] === 32printer データストリーム受信完了 (298,466 bytes) ===
[2026-09-25 00:07:06] [INFO] 32printer 解凍完了 (文字数: 1,976,208)
[2026-09-25 00:07:06] [INFO] メニュー画面に戻ったためクエリ待機状態を解除します
[2026-09-25 00:07:06] [INFO] 32printer パース成功 (列数=44, データ行数=2,948)
[2026-09-25 00:07:06] [INFO] input_32printer: キーシーケンス送信完了 (32prn\r -> F1 -> F1 -> Ctrl+F -> Space)
[2026-09-25 00:07:06] [INFO] paste_to_new_excel: 開始 (行数=2949, 列数=44, タイトル=QAD_99.2.1.15)
[2026-09-25 00:07:08] [INFO] paste_to_new_excel: COM操作成功 - Excelに 2948 件のデータを展開しました（文字列書式）
[2026-09-25 00:07:10] [INFO] ======================================================================
[2026-09-25 00:07:10] [INFO] QAD Modern Terminal 起動 - 2026-09-25 00:07:10
[2026-09-25 00:07:10] [INFO] Python: 3.12.10 (tags/v3.12.10:0cc8128, Apr  8 2025, 12:21:36) [MSC v.1943 64 bit (AMD64)] | 実行パス: C:\Users\0138018\AppData\Local\Programs\Python\Python312\python.exe
[2026-09-25 00:07:10] [INFO] PROJECT_ROOT: C:\Users\0138018\.antigravity\mfgpro_controller
[2026-09-25 00:07:10] [INFO] ======================================================================
[2026-09-25 00:07:41] [INFO] ======================================================================
[2026-09-25 00:07:41] [INFO] QAD Modern Terminal 起動 - 2026-09-25 00:07:41
[2026-09-25 00:07:41] [INFO] Python: 3.12.10 (tags/v3.12.10:0cc8128, Apr  8 2025, 12:21:36) [MSC v.1943 64 bit (AMD64)] | 実行パス: C:\Users\0138018\AppData\Local\Programs\Python\Python312\python.exe
[2026-09-25 00:07:41] [INFO] PROJECT_ROOT: C:\Users\0138018\.antigravity\mfgpro_controller
[2026-09-25 00:07:41] [INFO] ======================================================================
[2026-09-25 00:08:11] [INFO] ======================================================================
[2026-09-25 00:08:11] [INFO] QAD Modern Terminal 起動 - 2026-09-25 00:08:11
[2026-09-25 00:08:11] [INFO] Python: 3.12.10 (tags/v3.12.10:0cc8128, Apr  8 2025, 12:21:36) [MSC v.1943 64 bit (AMD64)] | 実行パス: C:\Users\0138018\AppData\Local\Programs\Python\Python312\python.exe
[2026-09-25 00:08:11] [INFO] PROJECT_ROOT: C:\Users\0138018\.antigravity\mfgpro_controller
[2026-09-25 00:08:11] [INFO] ======================================================================
[2026-09-25 00:09:36] [INFO] 入力欄クリック検知: 現在=InputField(row=3, cols=22..30)(左列=True) -> 宛先=InputField(row=12, cols=57..66)(左列=False), クリック列=60
[2026-09-25 00:09:38] [INFO] 入力欄クリック検知: 現在=InputField(row=12, cols=57..66)(左列=False) -> 宛先=InputField(row=2, cols=22..40)(左列=True), クリック列=22
[2026-09-25 00:09:40] [INFO] 入力欄クリック検知: 現在=InputField(row=2, cols=22..40)(左列=True) -> 宛先=InputField(row=11, cols=22..30)(左列=True), クリック列=22
[2026-09-25 00:09:42] [INFO] 入力欄クリック検知: 現在=InputField(row=11, cols=22..30)(左列=True) -> 宛先=InputField(row=12, cols=57..66)(左列=False), クリック列=58
[2026-09-25 00:09:43] [INFO] 入力欄クリック検知: 現在=InputField(row=12, cols=57..66)(左列=False) -> 宛先=InputField(row=10, cols=22..30)(左列=True), クリック列=20
[2026-09-25 00:09:55] [INFO] レポート条件入力画面で F1 キーが押下されました。クエリ待機ステータスを開始します。
[2026-09-25 00:09:59] [INFO] input_32printer: Output欄に 32prn を入力し、実績キーシーケンスで実行します
[2026-09-25 00:10:03] [INFO] input_32printer: キーシーケンス送信完了 (32prn\r -> F1 -> F1 -> Ctrl+F -> Space)
[2026-09-25 00:10:17] [INFO] === 32printer データストリーム受信完了 (225,260 bytes) ===
[2026-09-25 00:10:17] [INFO] 32printer 解凍完了 (文字数: 3,922,479)
[2026-09-25 00:10:17] [INFO] メニュー画面に戻ったためクエリ待機状態を解除します
[2026-09-25 00:10:17] [INFO] 32printer パース成功 (列数=33, データ行数=9,326)
[2026-09-25 00:10:17] [INFO] paste_to_new_excel: 開始 (行数=9327, 列数=33, タイトル=QAD_99.3.6.1)
[2026-09-25 00:10:20] [INFO] paste_to_new_excel: COM操作成功 - Excelに 9326 件のデータを展開しました（文字列書式）
[2026-09-25 00:10:44] [INFO] 入力欄クリック検知: 現在=InputField(row=18, cols=70..78)(左列=False) -> 宛先=InputField(row=18, cols=70..78)(左列=False), クリック列=80
[2026-09-25 00:13:06] [INFO] ======================================================================
[2026-09-25 00:13:06] [INFO] QAD Modern Terminal 起動 - 2026-09-25 00:13:06
[2026-09-25 00:13:06] [INFO] Python: 3.12.10 (tags/v3.12.10:0cc8128, Apr  8 2025, 12:21:36) [MSC v.1943 64 bit (AMD64)] | 実行パス: C:\Users\0138018\AppData\Local\Programs\Python\Python312\python.exe
[2026-09-25 00:13:06] [INFO] PROJECT_ROOT: C:\Users\0138018\.antigravity\mfgpro_controller
[2026-09-25 00:13:06] [INFO] ======================================================================
[2026-09-25 00:15:08] [INFO] ======================================================================
[2026-09-25 00:15:08] [INFO] QAD Modern Terminal 起動 - 2026-09-25 00:15:08
[2026-09-25 00:15:08] [INFO] Python: 3.12.10 (tags/v3.12.10:0cc8128, Apr  8 2025, 12:21:36) [MSC v.1943 64 bit (AMD64)] | 実行パス: C:\Users\0138018\AppData\Local\Programs\Python\Python312\pythonw.exe
[2026-09-25 00:15:08] [INFO] PROJECT_ROOT: C:\Users\0138018\.antigravity\mfgpro_controller
[2026-09-25 00:15:08] [INFO] ======================================================================
[2026-09-25 00:15:16] [INFO] SSH接続確立 (connected) [Tab 1]
[2026-09-25 00:15:16] [INFO] 自動ログイン: Tab 1 のMain Menu自動遷移シーケンスを開始
[2026-09-25 00:15:20] [INFO] 自動ログイン: Tab 1 Main Menu 着弾検知
[2026-09-25 00:18:05] [INFO] ======================================================================
[2026-09-25 00:18:05] [INFO] QAD Modern Terminal 起動 - 2026-09-25 00:18:05
[2026-09-25 00:18:05] [INFO] Python: 3.12.10 (tags/v3.12.10:0cc8128, Apr  8 2025, 12:21:36) [MSC v.1943 64 bit (AMD64)] | 実行パス: C:\Users\0138018\AppData\Local\Programs\Python\Python312\python.exe
[2026-09-25 00:18:05] [INFO] PROJECT_ROOT: C:\Users\0138018\.antigravity\mfgpro_controller
[2026-09-25 00:18:05] [INFO] ======================================================================
[2026-09-25 00:27:00] [INFO] ======================================================================
[2026-09-25 00:27:00] [INFO] QAD Modern Terminal 起動 - 2026-09-25 00:27:00
[2026-09-25 00:27:00] [INFO] Python: 3.12.10 (tags/v3.12.10:0cc8128, Apr  8 2025, 12:21:36) [MSC v.1943 64 bit (AMD64)] | 実行パス: C:\Users\0138018\AppData\Local\Programs\Python\Python312\python.exe
[2026-09-25 00:27:00] [INFO] PROJECT_ROOT: C:\Users\0138018\.antigravity\mfgpro_controller
[2026-09-25 00:27:00] [INFO] ======================================================================
[2026-09-25 00:28:54] [INFO] SSH切断 (closed, error=None) [Tab 1]
[2026-09-25 00:50:37] [INFO] ======================================================================
[2026-09-25 00:50:37] [INFO] QAD Modern Terminal 起動 - 2026-09-25 00:50:37
[2026-09-25 00:50:37] [INFO] Python: 3.12.10 (tags/v3.12.10:0cc8128, Apr  8 2025, 12:21:36) [MSC v.1943 64 bit (AMD64)] | 実行パス: C:\Users\0138018\AppData\Local\Programs\Python\Python312\pythonw.exe
[2026-09-25 00:50:37] [INFO] PROJECT_ROOT: C:\Users\0138018\.antigravity\mfgpro_controller
[2026-09-25 00:50:37] [INFO] ======================================================================
[2026-09-25 00:50:43] [INFO] SSH接続確立 (connected) [Tab 1]
[2026-09-25 00:50:43] [INFO] 自動ログイン: Tab 1 のMain Menu自動遷移シーケンスを開始
[2026-09-25 00:50:46] [INFO] 自動ログイン: Tab 1 Main Menu 着弾検知
[2026-09-25 00:53:37] [INFO] ======================================================================
[2026-09-25 00:53:37] [INFO] QAD Modern Terminal 起動 - 2026-09-25 00:53:37
[2026-09-25 00:53:37] [INFO] Python: 3.12.10 (tags/v3.12.10:0cc8128, Apr  8 2025, 12:21:36) [MSC v.1943 64 bit (AMD64)] | 実行パス: C:\Users\0138018\AppData\Local\Programs\Python\Python312\python.exe
[2026-09-25 00:53:37] [INFO] PROJECT_ROOT: C:\Users\0138018\.antigravity\mfgpro_controller
[2026-09-25 00:53:37] [INFO] ======================================================================
[2026-09-25 03:21:08] [INFO] ======================================================================
[2026-09-25 03:21:08] [INFO] QAD Modern Terminal 起動 - 2026-09-25 03:21:08
[2026-09-25 03:21:08] [INFO] Python: 3.12.10 (tags/v3.12.10:0cc8128, Apr  8 2025, 12:21:36) [MSC v.1943 64 bit (AMD64)] | 実行パス: C:\Users\0138018\AppData\Local\Programs\Python\Python312\pythonw.exe
[2026-09-25 03:21:08] [INFO] PROJECT_ROOT: C:\Users\0138018\.antigravity\mfgpro_controller
[2026-09-25 03:21:08] [INFO] ======================================================================
[2026-09-25 03:21:15] [INFO] SSH接続確立 (connected) [Tab 1]
[2026-09-25 03:21:15] [INFO] 自動ログイン: Tab 1 のMain Menu自動遷移シーケンスを開始
[2026-09-25 03:21:19] [INFO] 自動ログイン: Tab 1 Main Menu 着弾検知
[2026-09-25 04:23:36] [INFO] ======================================================================
[2026-09-25 04:23:36] [INFO] QAD Modern Terminal 起動 - 2026-09-25 04:23:36
[2026-09-25 04:23:36] [INFO] Python: 3.12.10 (tags/v3.12.10:0cc8128, Apr  8 2025, 12:21:36) [MSC v.1943 64 bit (AMD64)] | 実行パス: C:\Users\0138018\AppData\Local\Programs\Python\Python312\pythonw.exe
[2026-09-25 04:23:36] [INFO] PROJECT_ROOT: C:\Users\0138018\.antigravity\mfgpro_controller
[2026-09-25 04:23:36] [INFO] ======================================================================
[2026-09-25 04:23:42] [INFO] SSH接続確立 (connected) [Tab 1]
[2026-09-25 04:23:42] [INFO] 自動ログイン: Tab 1 のMain Menu自動遷移シーケンスを開始
[2026-09-25 04:23:46] [INFO] 自動ログイン: Tab 1 Main Menu 着弾検知
[2026-09-25 04:24:51] [INFO] ======================================================================
[2026-09-25 04:24:51] [INFO] QAD Modern Terminal 起動 - 2026-09-25 04:24:51
[2026-09-25 04:24:51] [INFO] Python: 3.12.10 (tags/v3.12.10:0cc8128, Apr  8 2025, 12:21:36) [MSC v.1943 64 bit (AMD64)] | 実行パス: C:\Users\0138018\AppData\Local\Programs\Python\Python312\python.exe
[2026-09-25 04:24:51] [INFO] PROJECT_ROOT: C:\Users\0138018\.antigravity\mfgpro_controller
[2026-09-25 04:24:51] [INFO] ======================================================================
[2026-09-25 05:19:18] [INFO] ======================================================================
[2026-09-25 05:19:18] [INFO] QAD Modern Terminal 起動 - 2026-09-25 05:19:18
[2026-09-25 05:19:18] [INFO] Python: 3.12.10 (tags/v3.12.10:0cc8128, Apr  8 2025, 12:21:36) [MSC v.1943 64 bit (AMD64)] | 実行パス: C:\Users\0138018\AppData\Local\Programs\Python\Python312\pythonw.exe
[2026-09-25 05:19:18] [INFO] PROJECT_ROOT: C:\Users\0138018\.antigravity\mfgpro_controller
[2026-09-25 05:19:18] [INFO] ======================================================================
[2026-09-25 05:19:25] [INFO] SSH接続確立 (connected) [Tab 1]
[2026-09-25 05:19:25] [INFO] 自動ログイン: Tab 1 のMain Menu自動遷移シーケンスを開始
[2026-09-25 05:19:28] [INFO] 自動ログイン: Tab 1 Main Menu 着弾検知
[2026-09-25 05:28:24] [INFO] ======================================================================
[2026-09-25 05:28:24] [INFO] QAD Modern Terminal 起動 - 2026-09-25 05:28:24
[2026-09-25 05:28:24] [INFO] Python: 3.12.10 (tags/v3.12.10:0cc8128, Apr  8 2025, 12:21:36) [MSC v.1943 64 bit (AMD64)] | 実行パス: C:\Users\0138018\AppData\Local\Programs\Python\Python312\pythonw.exe
[2026-09-25 05:28:24] [INFO] PROJECT_ROOT: C:\Users\0138018\.antigravity\mfgpro_controller
[2026-09-25 05:28:24] [INFO] ======================================================================
[2026-09-25 05:28:29] [INFO] SSH接続確立 (connected) [Tab 1]
[2026-09-25 05:28:29] [INFO] 自動ログイン: Tab 1 のMain Menu自動遷移シーケンスを開始
[2026-09-25 05:28:33] [INFO] 自動ログイン: Tab 1 Main Menu 着弾検知
[2026-09-25 05:29:33] [INFO] ======================================================================
[2026-09-25 05:29:33] [INFO] QAD Modern Terminal 起動 - 2026-09-25 05:29:33
[2026-09-25 05:29:33] [INFO] Python: 3.12.10 (tags/v3.12.10:0cc8128, Apr  8 2025, 12:21:36) [MSC v.1943 64 bit (AMD64)] | 実行パス: C:\Users\0138018\AppData\Local\Programs\Python\Python312\python.exe
[2026-09-25 05:29:33] [INFO] PROJECT_ROOT: C:\Users\0138018\.antigravity\mfgpro_controller
[2026-09-25 05:29:33] [INFO] ======================================================================
[2026-09-25 05:32:52] [INFO] ======================================================================
[2026-09-25 05:32:52] [INFO] QAD Modern Terminal 起動 - 2026-09-25 05:32:52
[2026-09-25 05:32:52] [INFO] Python: 3.12.10 (tags/v3.12.10:0cc8128, Apr  8 2025, 12:21:36) [MSC v.1943 64 bit (AMD64)] | 実行パス: C:\Users\0138018\AppData\Local\Programs\Python\Python312\pythonw.exe
[2026-09-25 05:32:52] [INFO] PROJECT_ROOT: C:\Users\0138018\.antigravity\mfgpro_controller
[2026-09-25 05:32:52] [INFO] ======================================================================
[2026-09-25 05:32:58] [INFO] SSH接続確立 (connected) [Tab 1]
[2026-09-25 05:32:58] [INFO] 自動ログイン: Tab 1 のMain Menu自動遷移シーケンスを開始
[2026-09-25 05:33:02] [INFO] 自動ログイン: Tab 1 Main Menu 着弾検知
[2026-09-25 05:36:54] [INFO] ======================================================================
[2026-09-25 05:36:54] [INFO] QAD Modern Terminal 起動 - 2026-09-25 05:36:54
[2026-09-25 05:36:54] [INFO] Python: 3.12.10 (tags/v3.12.10:0cc8128, Apr  8 2025, 12:21:36) [MSC v.1943 64 bit (AMD64)] | 実行パス: C:\Users\0138018\AppData\Local\Programs\Python\Python312\python.exe
[2026-09-25 05:36:54] [INFO] PROJECT_ROOT: C:\Users\0138018\.antigravity\mfgpro_controller
[2026-09-25 05:36:54] [INFO] ======================================================================
[2026-09-25 05:37:24] [INFO] ======================================================================
[2026-09-25 05:37:24] [INFO] QAD Modern Terminal 起動 - 2026-09-25 05:37:24
[2026-09-25 05:37:24] [INFO] Python: 3.12.10 (tags/v3.12.10:0cc8128, Apr  8 2025, 12:21:36) [MSC v.1943 64 bit (AMD64)] | 実行パス: C:\Users\0138018\AppData\Local\Programs\Python\Python312\python.exe
[2026-09-25 05:37:24] [INFO] PROJECT_ROOT: C:\Users\0138018\.antigravity\mfgpro_controller
[2026-09-25 05:37:24] [INFO] ======================================================================
[2026-09-25 05:37:38] [INFO] ======================================================================
[2026-09-25 05:37:38] [INFO] QAD Modern Terminal 起動 - 2026-09-25 05:37:38
[2026-09-25 05:37:38] [INFO] Python: 3.12.10 (tags/v3.12.10:0cc8128, Apr  8 2025, 12:21:36) [MSC v.1943 64 bit (AMD64)] | 実行パス: C:\Users\0138018\AppData\Local\Programs\Python\Python312\python.exe
[2026-09-25 05:37:38] [INFO] PROJECT_ROOT: C:\Users\0138018\.antigravity\mfgpro_controller
[2026-09-25 05:37:38] [INFO] ======================================================================
[2026-09-25 05:37:58] [INFO] ======================================================================
[2026-09-25 05:37:58] [INFO] QAD Modern Terminal 起動 - 2026-09-25 05:37:58
[2026-09-25 05:37:58] [INFO] Python: 3.12.10 (tags/v3.12.10:0cc8128, Apr  8 2025, 12:21:36) [MSC v.1943 64 bit (AMD64)] | 実行パス: C:\Users\0138018\AppData\Local\Programs\Python\Python312\python.exe
[2026-09-25 05:37:58] [INFO] PROJECT_ROOT: C:\Users\0138018\.antigravity\mfgpro_controller
[2026-09-25 05:37:58] [INFO] ======================================================================
[2026-09-25 05:42:33] [INFO] ======================================================================
[2026-09-25 05:42:33] [INFO] QAD Modern Terminal 起動 - 2026-09-25 05:42:33
[2026-09-25 05:42:33] [INFO] Python: 3.12.10 (tags/v3.12.10:0cc8128, Apr  8 2025, 12:21:36) [MSC v.1943 64 bit (AMD64)] | 実行パス: C:\Users\0138018\AppData\Local\Programs\Python\Python312\python.exe
[2026-09-25 05:42:33] [INFO] PROJECT_ROOT: C:\Users\0138018\.antigravity\mfgpro_controller
[2026-09-25 05:42:33] [INFO] ======================================================================
[2026-09-25 05:46:25] [INFO] ======================================================================
[2026-09-25 05:46:25] [INFO] QAD Modern Terminal 起動 - 2026-09-25 05:46:25
[2026-09-25 05:46:25] [INFO] Python: 3.12.10 (tags/v3.12.10:0cc8128, Apr  8 2025, 12:21:36) [MSC v.1943 64 bit (AMD64)] | 実行パス: C:\Users\0138018\AppData\Local\Programs\Python\Python312\pythonw.exe
[2026-09-25 05:46:25] [INFO] PROJECT_ROOT: C:\Users\0138018\.antigravity\mfgpro_controller
[2026-09-25 05:46:25] [INFO] ======================================================================
[2026-09-25 05:46:32] [INFO] SSH接続確立 (connected) [Tab 1]
[2026-09-25 05:46:32] [INFO] 自動ログイン: Tab 1 のMain Menu自動遷移シーケンスを開始
[2026-09-25 05:46:35] [INFO] 自動ログイン: Tab 1 Main Menu 着弾検知
[2026-09-25 05:51:43] [INFO] ======================================================================
[2026-09-25 05:51:43] [INFO] QAD Modern Terminal 起動 - 2026-09-25 05:51:43
[2026-09-25 05:51:43] [INFO] Python: 3.12.10 (tags/v3.12.10:0cc8128, Apr  8 2025, 12:21:36) [MSC v.1943 64 bit (AMD64)] | 実行パス: C:\Users\0138018\AppData\Local\Programs\Python\Python312\pythonw.exe
[2026-09-25 05:51:43] [INFO] PROJECT_ROOT: C:\Users\0138018\.antigravity\mfgpro_controller
[2026-09-25 05:51:43] [INFO] ======================================================================
[2026-09-25 05:51:49] [INFO] SSH接続確立 (connected) [Tab 1]
[2026-09-25 05:51:49] [INFO] 自動ログイン: Tab 1 のMain Menu自動遷移シーケンスを開始
[2026-09-25 05:51:53] [INFO] 自動ログイン: Tab 1 Main Menu 着弾検知
[2026-09-25 05:52:16] [INFO] ======================================================================
[2026-09-25 05:52:16] [INFO] QAD Modern Terminal 起動 - 2026-09-25 05:52:16
[2026-09-25 05:52:16] [INFO] Python: 3.12.10 (tags/v3.12.10:0cc8128, Apr  8 2025, 12:21:36) [MSC v.1943 64 bit (AMD64)] | 実行パス: C:\Users\0138018\AppData\Local\Programs\Python\Python312\pythonw.exe
[2026-09-25 05:52:16] [INFO] PROJECT_ROOT: C:\Users\0138018\.antigravity\mfgpro_controller
[2026-09-25 05:52:16] [INFO] ======================================================================
[2026-09-25 05:56:09] [INFO] ======================================================================
[2026-09-25 05:56:09] [INFO] QAD Modern Terminal 起動 - 2026-09-25 05:56:09
[2026-09-25 05:56:09] [INFO] Python: 3.12.10 (tags/v3.12.10:0cc8128, Apr  8 2025, 12:21:36) [MSC v.1943 64 bit (AMD64)] | 実行パス: C:\Users\0138018\AppData\Local\Programs\Python\Python312\python.exe
[2026-09-25 05:56:09] [INFO] PROJECT_ROOT: C:\Users\0138018\.antigravity\mfgpro_controller
[2026-09-25 05:56:09] [INFO] ======================================================================
[2026-09-25 05:56:18] [INFO] ======================================================================
[2026-09-25 05:56:18] [INFO] QAD Modern Terminal 起動 - 2026-09-25 05:56:18
[2026-09-25 05:56:18] [INFO] Python: 3.12.10 (tags/v3.12.10:0cc8128, Apr  8 2025, 12:21:36) [MSC v.1943 64 bit (AMD64)] | 実行パス: C:\Users\0138018\AppData\Local\Programs\Python\Python312\python.exe
[2026-09-25 05:56:18] [INFO] PROJECT_ROOT: C:\Users\0138018\.antigravity\mfgpro_controller
[2026-09-25 05:56:18] [INFO] ======================================================================
[2026-09-25 08:09:35] [INFO] SSH切断 (closed, error=None) [Tab 1]
[2026-09-27 02:31:46] [INFO] ======================================================================
[2026-09-27 02:31:46] [INFO] QAD Modern Terminal 起動 - 2026-09-27 02:31:46
[2026-09-27 02:31:46] [INFO] Python: 3.12.10 (tags/v3.12.10:0cc8128, Apr  8 2025, 12:21:36) [MSC v.1943 64 bit (AMD64)] | 実行パス: C:\Users\0138018\AppData\Local\Programs\Python\Python312\pythonw.exe
[2026-09-27 02:31:46] [INFO] PROJECT_ROOT: C:\Users\0138018\.antigravity\mfgpro_controller
[2026-09-27 02:31:46] [INFO] ======================================================================
[2026-09-27 02:31:59] [INFO] SSH接続確立 (connected) [Tab 1]
[2026-09-27 02:31:59] [INFO] 自動ログイン: Tab 1 のMain Menu自動遷移シーケンスを開始
[2026-09-27 02:32:02] [INFO] 自動ログイン: Tab 1 Main Menu 着弾検知
[2026-09-27 02:34:43] [INFO] レポート条件入力画面で F1 キーが押下されました。クエリ待機ステータスを開始します。
[2026-09-27 02:34:45] [INFO] input_32printer: Output欄に 32prn を入力し、実績キーシーケンスで実行します
[2026-09-27 02:34:48] [INFO] === 32printer データストリーム受信完了 (70,834 bytes) ===
[2026-09-27 02:34:48] [INFO] 32printer 解凍完了 (文字数: 1,470,116)
[2026-09-27 02:34:48] [INFO] 32printer パース成功 (列数=89, データ行数=1,356)
[2026-09-27 02:34:48] [INFO] paste_to_new_excel: 開始 (行数=1357, 列数=89, タイトル=QAD_99.1.4.3)
[2026-09-27 02:34:49] [INFO] メニュー画面に戻ったためクエリ待機状態を解除します
[2026-09-27 02:34:49] [INFO] input_32printer: キーシーケンス送信完了 (32prn\r -> F1 -> F1 -> Ctrl+F -> Space)
[2026-09-27 02:34:57] [INFO] paste_to_new_excel: COM操作成功 - Excelに 1356 件のデータを展開しました（文字列書式）
[2026-09-27 02:37:25] [INFO] Output: 32prn を検知しました。ストリーム受信待機に入ります。
[2026-09-27 02:45:39] [INFO] ======================================================================
[2026-09-27 02:45:39] [INFO] QAD Modern Terminal 起動 - 2026-09-27 02:45:39
[2026-09-27 02:45:39] [INFO] Python: 3.12.10 (tags/v3.12.10:0cc8128, Apr  8 2025, 12:21:36) [MSC v.1943 64 bit (AMD64)] | 実行パス: C:\Users\0138018\AppData\Local\Programs\Python\Python312\python.exe
[2026-09-27 02:45:39] [INFO] PROJECT_ROOT: C:\Users\0138018\.antigravity\mfgpro_controller
[2026-09-27 02:45:39] [INFO] ======================================================================
[2026-09-27 02:46:25] [INFO] ======================================================================
[2026-09-27 02:46:25] [INFO] QAD Modern Terminal 起動 - 2026-09-27 02:46:25
[2026-09-27 02:46:25] [INFO] Python: 3.12.10 (tags/v3.12.10:0cc8128, Apr  8 2025, 12:21:36) [MSC v.1943 64 bit (AMD64)] | 実行パス: C:\Users\0138018\AppData\Local\Programs\Python\Python312\python.exe
[2026-09-27 02:46:25] [INFO] PROJECT_ROOT: C:\Users\0138018\.antigravity\mfgpro_controller
[2026-09-27 02:46:25] [INFO] ======================================================================
[2026-09-27 02:47:10] [INFO] ======================================================================
[2026-09-27 02:47:10] [INFO] QAD Modern Terminal 起動 - 2026-09-27 02:47:10
[2026-09-27 02:47:10] [INFO] Python: 3.12.10 (tags/v3.12.10:0cc8128, Apr  8 2025, 12:21:36) [MSC v.1943 64 bit (AMD64)] | 実行パス: C:\Users\0138018\AppData\Local\Programs\Python\Python312\python.exe
[2026-09-27 02:47:10] [INFO] PROJECT_ROOT: C:\Users\0138018\.antigravity\mfgpro_controller
[2026-09-27 02:47:10] [INFO] ======================================================================
[2026-09-27 02:47:13] [INFO] ItemList: ヘッダー = ['Item Number', 'Line', 'Description', 'UM', 'Status']
[2026-09-27 02:47:13] [INFO] ItemList: JSON保存成功 (4 件) -> C:\Users\0138018\AppData\Local\Temp\tmpl_g6q7jo\itemList.json
[2026-09-27 02:47:44] [INFO] 在庫レポートGAS送信開始: ユーザー=takehik, ホスト=mfg03
[2026-09-27 02:47:57] [INFO] レポート条件入力画面で F1 キーが押下されました。クエリ待機ステータスを開始します。
[2026-09-27 02:48:01] [INFO] input_32printer: Output欄に 32prn を入力し、実績キーシーケンスで実行します
[2026-09-27 02:48:05] [INFO] input_32printer: キーシーケンス送信完了 (32prn\r -> F1 -> F1 -> Ctrl+F -> Space)
[2026-09-27 02:48:12] [INFO] ======================================================================
[2026-09-27 02:48:12] [INFO] QAD Modern Terminal 起動 - 2026-09-27 02:48:12
[2026-09-27 02:48:12] [INFO] Python: 3.12.10 (tags/v3.12.10:0cc8128, Apr  8 2025, 12:21:36) [MSC v.1943 64 bit (AMD64)] | 実行パス: C:\Users\0138018\AppData\Local\Programs\Python\Python312\python.exe
[2026-09-27 02:48:12] [INFO] PROJECT_ROOT: C:\Users\0138018\.antigravity\mfgpro_controller
[2026-09-27 02:48:12] [INFO] ======================================================================
[2026-09-27 02:48:13] [INFO] 在庫レポートGAS送信完了: 9,109件
[2026-09-27 02:48:14] [INFO] === 32printer データストリーム受信完了 (323,193 bytes) ===
[2026-09-27 02:48:14] [INFO] メニュー画面に戻ったためクエリ待機状態を解除します
[2026-09-27 02:48:14] [INFO] ItemList: ヘッダー = ['Item Number', 'Line', 'Description', 'UM', 'Status']
[2026-09-27 02:48:14] [INFO] ItemList: JSON保存成功 (3 件) -> C:\Users\0138018\AppData\Local\Temp\tmpl46d6hzv\itemList.json
[2026-09-27 02:48:14] [INFO] 32printer 解凍完了 (文字数: 6,178,307)
[2026-09-27 02:48:18] [INFO] 32printer パース成功 (列数=33, データ行数=14,690)
[2026-09-27 02:48:20] [INFO] paste_to_new_excel: 開始 (行数=14691, 列数=33, タイトル=QAD_99.3.6.1)
[2026-09-27 02:48:39] [INFO] paste_to_new_excel: COM操作成功 - Excelに 14690 件のデータを展開しました（文字列書式）
[2026-09-27 02:48:50] [INFO] ======================================================================
[2026-09-27 02:48:50] [INFO] QAD Modern Terminal 起動 - 2026-09-27 02:48:50
[2026-09-27 02:48:50] [INFO] Python: 3.12.10 (tags/v3.12.10:0cc8128, Apr  8 2025, 12:21:36) [MSC v.1943 64 bit (AMD64)] | 実行パス: C:\Users\0138018\AppData\Local\Programs\Python\Python312\python.exe
[2026-09-27 02:48:50] [INFO] PROJECT_ROOT: C:\Users\0138018\.antigravity\mfgpro_controller
[2026-09-27 02:48:50] [INFO] ======================================================================
[2026-09-27 02:48:53] [INFO] ItemList: ヘッダー = ['Item Number', 'Line', 'Description', 'UM', 'Status']
[2026-09-27 02:48:53] [INFO] ItemList: JSON保存成功 (3 件) -> C:\Users\0138018\AppData\Local\Temp\tmpgi_dcgj4\itemList.json
[2026-09-27 02:49:23] [INFO] ======================================================================
[2026-09-27 02:49:23] [INFO] QAD Modern Terminal 起動 - 2026-09-27 02:49:23
[2026-09-27 02:49:23] [INFO] Python: 3.12.10 (tags/v3.12.10:0cc8128, Apr  8 2025, 12:21:36) [MSC v.1943 64 bit (AMD64)] | 実行パス: C:\Users\0138018\AppData\Local\Programs\Python\Python312\python.exe
[2026-09-27 02:49:23] [INFO] PROJECT_ROOT: C:\Users\0138018\.antigravity\mfgpro_controller
[2026-09-27 02:49:23] [INFO] ======================================================================
[2026-09-27 02:49:26] [INFO] ItemList: ヘッダー = ['Item Number', 'Line', 'Description', 'UM', 'Status']
[2026-09-27 02:49:26] [INFO] ItemList: JSON保存成功 (3 件) -> C:\Users\0138018\AppData\Local\Temp\tmpnl7wf3ae\itemList.json
[2026-09-27 02:49:33] [INFO] レポート条件入力画面で F1 キーが押下されました。クエリ待機ステータスを開始します。
[2026-09-27 02:49:35] [INFO] input_32printer: Output欄に 32prn を入力し、実績キーシーケンスで実行します
[2026-09-27 02:49:36] [INFO] ======================================================================
[2026-09-27 02:49:36] [INFO] QAD Modern Terminal 起動 - 2026-09-27 02:49:36
[2026-09-27 02:49:36] [INFO] Python: 3.12.10 (tags/v3.12.10:0cc8128, Apr  8 2025, 12:21:36) [MSC v.1943 64 bit (AMD64)] | 実行パス: C:\Users\0138018\AppData\Local\Programs\Python\Python312\python.exe
[2026-09-27 02:49:36] [INFO] PROJECT_ROOT: C:\Users\0138018\.antigravity\mfgpro_controller
[2026-09-27 02:49:36] [INFO] ======================================================================
[2026-09-27 02:49:39] [INFO] input_32printer: キーシーケンス送信完了 (32prn\r -> F1 -> F1 -> Ctrl+F -> Space)
[2026-09-27 02:49:47] [INFO] === 32printer データストリーム受信完了 (323,193 bytes) ===
[2026-09-27 02:49:48] [INFO] メニュー画面に戻ったためクエリ待機状態を解除します
[2026-09-27 02:49:48] [INFO] 32printer 解凍完了 (文字数: 6,178,307)
[2026-09-27 02:49:50] [INFO] 32printer パース成功 (列数=33, データ行数=14,690)
[2026-09-27 02:49:51] [INFO] paste_to_new_excel: 開始 (行数=14691, 列数=33, タイトル=QAD_99.3.6.1)
[2026-09-27 02:50:02] [INFO] paste_to_new_excel: COM操作成功 - Excelに 14690 件のデータを展開しました（文字列書式）
[2026-09-27 02:50:28] [INFO] Output: 32prn を検知しました。ストリーム受信待機に入ります。
[2026-09-27 02:50:29] [INFO] Output欄での F1 押下を検知しました。自動で 32prn を設定して実行します。
[2026-09-27 02:50:29] [INFO] input_32printer: Output欄に 32prn を入力し、実績キーシーケンスで実行します
[2026-09-27 02:50:31] [INFO] Output: 32prn を検知しました。ストリーム受信待機に入ります。
[2026-09-27 02:50:33] [INFO] input_32printer: キーシーケンス送信完了 (32prn\r -> F1 -> F1 -> Ctrl+F -> Space)
[2026-09-27 02:50:41] [INFO] === 32printer データストリーム受信完了 (323,189 bytes) ===
[2026-09-27 02:50:41] [INFO] 32printer 解凍完了 (文字数: 6,178,307)
[2026-09-27 02:50:44] [INFO] 32printer パース成功 (列数=33, データ行数=14,690)
[2026-09-27 02:50:45] [INFO] paste_to_new_excel: 開始 (行数=14691, 列数=33, タイトル=QAD_99.3.6.1)
[2026-09-27 02:50:50] [INFO] === 32printer データストリーム受信完了 (323,193 bytes) ===
[2026-09-27 02:50:51] [INFO] 32printer 解凍完了 (文字数: 6,178,307)
[2026-09-27 02:50:54] [INFO] 32printer パース成功 (列数=33, データ行数=14,690)
[2026-09-27 02:50:55] [INFO] paste_to_new_excel: 開始 (行数=14691, 列数=33, タイトル=QAD_99.3.6.1)
[2026-09-27 02:50:56] [WARNING] Excel COM連携エラー (フォールバックCSVへ移行): (-2146777998, 'OLE error 0x800ac472', None, None)
[2026-09-27 02:50:59] [INFO] paste_to_new_excel: COM操作成功 - Excelに 14690 件のデータを展開しました（文字列書式）
[2026-09-27 02:53:04] [INFO] ======================================================================
[2026-09-27 02:53:04] [INFO] QAD Modern Terminal 起動 - 2026-09-27 02:53:04
[2026-09-27 02:53:04] [INFO] Python: 3.12.10 (tags/v3.12.10:0cc8128, Apr  8 2025, 12:21:36) [MSC v.1943 64 bit (AMD64)] | 実行パス: C:\Users\0138018\AppData\Local\Programs\Python\Python312\pythonw.exe
[2026-09-27 02:53:04] [INFO] PROJECT_ROOT: C:\Users\0138018\.antigravity\mfgpro_controller
[2026-09-27 02:53:04] [INFO] ======================================================================
[2026-09-27 02:53:18] [INFO] SSH接続確立 (connected) [Tab 1]
[2026-09-27 02:53:18] [INFO] 自動ログイン: Tab 1 のMain Menu自動遷移シーケンスを開始
[2026-09-27 02:53:21] [INFO] === Item list (99.1.4.3) 自動更新マクロ開始 ===
[2026-09-27 02:53:21] [INFO] ItemList: メインメニュー復帰完了
[2026-09-27 02:53:22] [INFO] 自動ログイン: Tab 1 Main Menu 着弾検知
[2026-09-27 02:53:22] [INFO] ItemList: '99.1.4.3\r' を送信します
[2026-09-27 02:53:22] [INFO] ItemList: 99.1.4.3 条件入力画面の表示を確認しました
[2026-09-27 02:53:22] [INFO] ItemList: F1 を送信して Output 欄へジャンプ
[2026-09-27 02:53:23] [INFO] ItemList: Output 欄への着弾を確認しました
[2026-09-27 02:53:23] [INFO] ItemList: input_32printer を起動してデータ取得開始
[2026-09-27 02:53:23] [INFO] input_32printer: Output欄に 32prn を入力し、実績キーシーケンスで実行します
[2026-09-27 02:53:27] [INFO] input_32printer: キーシーケンス送信完了 (32prn\r -> F1 -> F1 -> Ctrl+F -> Space)
[2026-09-27 02:53:28] [INFO] === 32printer データストリーム受信完了 (246,191 bytes) ===
[2026-09-27 02:53:28] [INFO] 32printer 解凍完了 (文字数: 7,300,673)
[2026-09-27 02:53:30] [INFO] ItemList: ヘッダー = ['Item Number', 'UM', 'Description1', 'Description2', 'Line', 'Added', 'Dsgn Grp', 'Promotion Group', 'Type', 'Status', 'Group', 'Drawing', 'Rev', 'Drwg Loc', 'Drwg Size', 'Price Break Cat', 'ABC', 'Lot/Ser', 'Site', 'Location', 'Loc Type', 'Auto Lot', 'Lot Group', 'Article Number', 'Avg Int', 'Cyc Int', 'Shelf Life', 'Sngl Lot', 'Key Item', 'PO Rcpt Status', 'Active', 'WO Rcpt Status', 'Active', 'Commodity Code', 'Ship Weight', 'Ship Weight UM', 'Freight Class', 'Net Weight', 'Net Weight UM', 'Size', 'Size UM', 'Master Sched', 'Plan Orders', 'Time Fence', 'Order Policy', 'Order Qty', 'Order Period', 'Safety Stock', 'Safety Time', 'Reorder Point', 'Rev', 'Issue Policy', 'Buyer/Planner', 'Supplier', 'PO Site', 'P/M', 'Config', 'Insp Req', 'Insp LT', 'Mfg LT', 'Pur LT', 'ATP Enf', 'Family ATP', 'Run Seq 1', 'Run Seq 2', 'Phantom', 'Min Ord', 'Max Ord', 'Ord Mult', 'Op Based Yield', 'Yield%', 'Run Time', 'Setup Time', 'EMT Type', 'Auto EMT Processing', 'Network Code', 'Routing Code', 'BOM/Formula', 'Tax Class', 'Width', 'UM', 'Length', 'UM', 'Item EAN No.', 'GSM', 'Min Width', 'Version', 'Coating Type', 'CS SP']
[2026-09-27 02:53:30] [INFO] ItemList: JSON保存成功 (6,732 件) -> C:\Users\0138018\.antigravity\mfgpro_controller\itemList.json
[2026-09-27 02:57:51] [INFO] Output欄での F1 押下を検知しました。自動で 32prn を設定して実行します。
[2026-09-27 02:57:51] [INFO] input_32printer: Output欄に 32prn を入力し、実績キーシーケンスで実行します
[2026-09-27 02:57:52] [INFO] Output: 32prn を検知しました。ストリーム受信待機に入ります。
[2026-09-27 02:57:55] [INFO] input_32printer: キーシーケンス送信完了 (32prn\r -> F1 -> F1 -> Ctrl+F -> Space)
[2026-09-27 02:57:56] [INFO] === 32printer データストリーム受信完了 (246,191 bytes) ===
[2026-09-27 02:57:56] [INFO] 32printer 解凍完了 (文字数: 7,300,673)
[2026-09-27 02:57:58] [INFO] 32printer パース成功 (列数=89, データ行数=6,734)
[2026-09-27 02:57:58] [INFO] paste_to_new_excel: 開始 (行数=6735, 列数=89, タイトル=QAD_99.1.4.3)
[2026-09-27 02:57:59] [INFO] === 32printer データストリーム受信完了 (246,191 bytes) ===
[2026-09-27 02:57:59] [INFO] 32printer 解凍完了 (文字数: 7,300,673)
[2026-09-27 02:58:01] [INFO] 32printer パース成功 (列数=89, データ行数=6,734)
[2026-09-27 02:58:01] [INFO] paste_to_new_excel: 開始 (行数=6735, 列数=89, タイトル=QAD_99.1.4.3)
[2026-09-27 02:58:08] [INFO] paste_to_new_excel: COM操作成功 - Excelに 6734 件のデータを展開しました（文字列書式）
[2026-09-27 02:58:14] [INFO] paste_to_new_excel: COM操作成功 - Excelに 6734 件のデータを展開しました（文字列書式）
[2026-09-27 03:08:14] [INFO] レポート条件入力画面で F1 キーが押下されました。クエリ待機ステータスを開始します。
[2026-09-27 03:08:14] [INFO] Output欄での F1 押下を検知しました。自動で 32prn を設定して実行します。
[2026-09-27 03:08:14] [INFO] input_32printer: Output欄に 32prn を入力し、実績キーシーケンスで実行します
[2026-09-27 03:08:16] [INFO] Output: 32prn を検知しました。ストリーム受信待機に入ります。
[2026-09-27 03:08:17] [INFO] === 32printer データストリーム受信完了 (12,799 bytes) ===
[2026-09-27 03:08:17] [INFO] 32printer 解凍完了 (文字数: 254,405)
[2026-09-27 03:08:17] [INFO] 32printer パース成功 (列数=33, データ行数=599)
[2026-09-27 03:08:17] [INFO] paste_to_new_excel: 開始 (行数=600, 列数=33, タイトル=QAD_99.3.6.1)
[2026-09-27 03:08:18] [INFO] === 32printer データストリーム受信完了 (12,804 bytes) ===
[2026-09-27 03:08:18] [INFO] 32printer 解凍完了 (文字数: 254,405)
[2026-09-27 03:08:18] [INFO] メニュー画面に戻ったためクエリ待機状態を解除します
[2026-09-27 03:08:18] [INFO] 32printer パース成功 (列数=33, データ行数=599)
[2026-09-27 03:08:18] [INFO] paste_to_new_excel: 開始 (行数=600, 列数=33, タイトル=QAD_99.3.6.1)
[2026-09-27 03:08:18] [INFO] input_32printer: キーシーケンス送信完了 (32prn\r -> F1 -> F1 -> Ctrl+F -> Space)
[2026-09-27 03:08:21] [INFO] paste_to_new_excel: COM操作成功 - Excelに 599 件のデータを展開しました（文字列書式）
[2026-09-27 03:08:26] [INFO] paste_to_new_excel: COM操作成功 - Excelに 599 件のデータを展開しました（文字列書式）
[2026-09-27 03:08:40] [INFO] 入力欄クリック検知: 現在=InputField(row=2, cols=22..40)(左列=True) -> 宛先=InputField(row=2, cols=57..75)(左列=False), クリック列=63
[2026-09-27 03:08:53] [INFO] 入力欄クリック検知: 現在=InputField(row=3, cols=22..30)(左列=True) -> 宛先=InputField(row=2, cols=22..40)(左列=True), クリック列=36
[2026-09-27 03:09:01] [INFO] ======================================================================
[2026-09-27 03:09:01] [INFO] QAD Modern Terminal 起動 - 2026-09-27 03:09:01
[2026-09-27 03:09:01] [INFO] Python: 3.12.10 (tags/v3.12.10:0cc8128, Apr  8 2025, 12:21:36) [MSC v.1943 64 bit (AMD64)] | 実行パス: C:\Users\0138018\AppData\Local\Programs\Python\Python312\python.exe
[2026-09-27 03:09:01] [INFO] PROJECT_ROOT: C:\Users\0138018\.antigravity\mfgpro_controller
[2026-09-27 03:09:01] [INFO] ======================================================================
[2026-09-27 03:09:01] [INFO] ItemList: ラベル行(スキップ) = ['Item Number', 'Prod Line', 'Description 1', 'Description 2', 'UM']
[2026-09-27 03:09:01] [INFO] ItemList: JSON保存成功 (3 件) -> C:\Users\0138018\AppData\Local\Temp\tmp4c07gy5t\itemList.json
[2026-09-27 03:09:14] [INFO] ======================================================================
[2026-09-27 03:09:14] [INFO] QAD Modern Terminal 起動 - 2026-09-27 03:09:14
[2026-09-27 03:09:14] [INFO] Python: 3.12.10 (tags/v3.12.10:0cc8128, Apr  8 2025, 12:21:36) [MSC v.1943 64 bit (AMD64)] | 実行パス: C:\Users\0138018\AppData\Local\Programs\Python\Python312\python.exe
[2026-09-27 03:09:14] [INFO] PROJECT_ROOT: C:\Users\0138018\.antigravity\mfgpro_controller
[2026-09-27 03:09:14] [INFO] ======================================================================
[2026-09-27 03:09:14] [INFO] ItemList: ラベル行(スキップ) = ['Item Number', 'Prod Line', 'Description 1', 'Description 2', 'UM']
[2026-09-27 03:09:14] [INFO] ItemList: JSON保存成功 (3 件) -> C:\Users\0138018\AppData\Local\Temp\tmp1e_ne9e5\itemList.json
[2026-09-27 03:09:17] [INFO] Output: 32prn を検知しました。ストリーム受信待機に入ります。
[2026-09-27 03:09:17] [INFO] Output欄での F1 押下を検知しました。自動で 32prn を設定して実行します。
[2026-09-27 03:09:17] [INFO] input_32printer: Output欄に 32prn を入力し、実績キーシーケンスで実行します
[2026-09-27 03:09:18] [INFO] Output: 32prn を検知しました。ストリーム受信待機に入ります。
[2026-09-27 03:09:20] [INFO] === 32printer データストリーム受信完了 (13,922 bytes) ===
[2026-09-27 03:09:20] [INFO] 32printer 解凍完了 (文字数: 282,497)
[2026-09-27 03:09:20] [INFO] 32printer パース成功 (列数=33, データ行数=666)
[2026-09-27 03:09:20] [INFO] paste_to_new_excel: 開始 (行数=667, 列数=33, タイトル=QAD_99.3.6.1)
[2026-09-27 03:09:20] [INFO] === 32printer データストリーム受信完了 (13,922 bytes) ===
[2026-09-27 03:09:20] [INFO] 32printer 解凍完了 (文字数: 282,497)
[2026-09-27 03:09:20] [INFO] 32printer パース成功 (列数=33, データ行数=666)
[2026-09-27 03:09:20] [INFO] paste_to_new_excel: 開始 (行数=667, 列数=33, タイトル=QAD_99.3.6.1)
[2026-09-27 03:09:20] [INFO] paste_to_new_excel: COM操作成功 - Excelに 666 件のデータを展開しました（文字列書式）
[2026-09-27 03:09:21] [INFO] input_32printer: キーシーケンス送信完了 (32prn\r -> F1 -> F1 -> Ctrl+F -> Space)
[2026-09-27 03:09:21] [INFO] paste_to_new_excel: COM操作成功 - Excelに 666 件のデータを展開しました（文字列書式）
[2026-09-27 03:09:35] [INFO] ======================================================================
[2026-09-27 03:09:35] [INFO] QAD Modern Terminal 起動 - 2026-09-27 03:09:35
[2026-09-27 03:09:35] [INFO] Python: 3.12.10 (tags/v3.12.10:0cc8128, Apr  8 2025, 12:21:36) [MSC v.1943 64 bit (AMD64)] | 実行パス: C:\Users\0138018\AppData\Local\Programs\Python\Python312\python.exe
[2026-09-27 03:09:35] [INFO] PROJECT_ROOT: C:\Users\0138018\.antigravity\mfgpro_controller
[2026-09-27 03:09:35] [INFO] ======================================================================
[2026-09-27 03:09:36] [INFO] ItemList: ラベル行(スキップ) = ['Item Number', 'Prod Line', 'Description 1', 'Description 2', 'UM']
[2026-09-27 03:09:36] [INFO] ItemList: JSON保存成功 (3 件) -> C:\Users\0138018\AppData\Local\Temp\tmp_8c387t5\itemList.json
[2026-09-27 03:15:21] [INFO] ======================================================================
[2026-09-27 03:15:21] [INFO] QAD Modern Terminal 起動 - 2026-09-27 03:15:21
[2026-09-27 03:15:21] [INFO] Python: 3.12.10 (tags/v3.12.10:0cc8128, Apr  8 2025, 12:21:36) [MSC v.1943 64 bit (AMD64)] | 実行パス: C:\Users\0138018\AppData\Local\Programs\Python\Python312\python.exe
[2026-09-27 03:15:21] [INFO] PROJECT_ROOT: C:\Users\0138018\.antigravity\mfgpro_controller
[2026-09-27 03:15:21] [INFO] ======================================================================
[2026-09-27 03:15:22] [INFO] ItemList: ラベル行(スキップ) = ['Item Number', 'Prod Line', 'Description 1', 'Description 2', 'UM']
[2026-09-27 03:15:22] [INFO] ItemList: JSON保存成功 (3 件) -> C:\Users\0138018\AppData\Local\Temp\tmp6emd878x\itemList.json
[2026-09-27 03:17:42] [INFO] ======================================================================
[2026-09-27 03:17:42] [INFO] QAD Modern Terminal 起動 - 2026-09-27 03:17:42
[2026-09-27 03:17:42] [INFO] Python: 3.12.10 (tags/v3.12.10:0cc8128, Apr  8 2025, 12:21:36) [MSC v.1943 64 bit (AMD64)] | 実行パス: C:\Users\0138018\AppData\Local\Programs\Python\Python312\pythonw.exe
[2026-09-27 03:17:42] [INFO] PROJECT_ROOT: C:\Users\0138018\.antigravity\mfgpro_controller
[2026-09-27 03:17:42] [INFO] ======================================================================
[2026-09-27 03:17:50] [INFO] SSH接続確立 (connected) [Tab 1]
[2026-09-27 03:17:50] [INFO] 自動ログイン: Tab 1 のMain Menu自動遷移シーケンスを開始
[2026-09-27 03:17:54] [INFO] 自動ログイン: Tab 1 Main Menu 着弾検知
[2026-09-27 03:23:57] [INFO] ======================================================================
[2026-09-27 03:23:57] [INFO] QAD Modern Terminal 起動 - 2026-09-27 03:23:57
[2026-09-27 03:23:57] [INFO] Python: 3.12.10 (tags/v3.12.10:0cc8128, Apr  8 2025, 12:21:36) [MSC v.1943 64 bit (AMD64)] | 実行パス: C:\Users\0138018\AppData\Local\Programs\Python\Python312\python.exe
[2026-09-27 03:23:57] [INFO] PROJECT_ROOT: C:\Users\0138018\.antigravity\mfgpro_controller
[2026-09-27 03:23:57] [INFO] ======================================================================
[2026-09-27 03:24:19] [INFO] ======================================================================
[2026-09-27 03:24:19] [INFO] QAD Modern Terminal 起動 - 2026-09-27 03:24:19
[2026-09-27 03:24:19] [INFO] Python: 3.12.10 (tags/v3.12.10:0cc8128, Apr  8 2025, 12:21:36) [MSC v.1943 64 bit (AMD64)] | 実行パス: C:\Users\0138018\AppData\Local\Programs\Python\Python312\python.exe
[2026-09-27 03:24:19] [INFO] PROJECT_ROOT: C:\Users\0138018\.antigravity\mfgpro_controller
[2026-09-27 03:24:19] [INFO] ======================================================================
[2026-09-27 03:24:29] [INFO] ======================================================================
[2026-09-27 03:24:29] [INFO] QAD Modern Terminal 起動 - 2026-09-27 03:24:29
[2026-09-27 03:24:29] [INFO] Python: 3.12.10 (tags/v3.12.10:0cc8128, Apr  8 2025, 12:21:36) [MSC v.1943 64 bit (AMD64)] | 実行パス: C:\Users\0138018\AppData\Local\Programs\Python\Python312\python.exe
[2026-09-27 03:24:29] [INFO] PROJECT_ROOT: C:\Users\0138018\.antigravity\mfgpro_controller
[2026-09-27 03:24:29] [INFO] ======================================================================
[2026-09-27 03:24:52] [INFO] ======================================================================
[2026-09-27 03:24:52] [INFO] QAD Modern Terminal 起動 - 2026-09-27 03:24:52
[2026-09-27 03:24:52] [INFO] Python: 3.12.10 (tags/v3.12.10:0cc8128, Apr  8 2025, 12:21:36) [MSC v.1943 64 bit (AMD64)] | 実行パス: C:\Users\0138018\AppData\Local\Programs\Python\Python312\python.exe
[2026-09-27 03:24:52] [INFO] PROJECT_ROOT: C:\Users\0138018\.antigravity\mfgpro_controller
[2026-09-27 03:24:52] [INFO] ======================================================================
[2026-09-27 03:25:12] [INFO] ======================================================================
[2026-09-27 03:25:12] [INFO] QAD Modern Terminal 起動 - 2026-09-27 03:25:12
[2026-09-27 03:25:12] [INFO] Python: 3.12.10 (tags/v3.12.10:0cc8128, Apr  8 2025, 12:21:36) [MSC v.1943 64 bit (AMD64)] | 実行パス: C:\Users\0138018\AppData\Local\Programs\Python\Python312\python.exe
[2026-09-27 03:25:12] [INFO] PROJECT_ROOT: C:\Users\0138018\.antigravity\mfgpro_controller
[2026-09-27 03:25:12] [INFO] ======================================================================
[2026-09-27 03:25:13] [INFO] ItemList: ラベル行(スキップ) = ['Item Number', 'Prod Line', 'Description 1', 'Description 2', 'UM']
[2026-09-27 03:25:13] [INFO] ItemList: JSON保存成功 (3 件) -> C:\Users\0138018\AppData\Local\Temp\tmpnfe7qm0e\itemList.json
[2026-09-27 03:29:40] [INFO] ======================================================================
[2026-09-27 03:29:40] [INFO] QAD Modern Terminal 起動 - 2026-09-27 03:29:40
[2026-09-27 03:29:40] [INFO] Python: 3.12.10 (tags/v3.12.10:0cc8128, Apr  8 2025, 12:21:36) [MSC v.1943 64 bit (AMD64)] | 実行パス: C:\Users\0138018\AppData\Local\Programs\Python\Python312\python.exe
[2026-09-27 03:29:40] [INFO] PROJECT_ROOT: C:\Users\0138018\.antigravity\mfgpro_controller
[2026-09-27 03:29:40] [INFO] ======================================================================
[2026-09-27 03:36:21] [INFO] ======================================================================
[2026-09-27 03:36:21] [INFO] QAD Modern Terminal 起動 - 2026-09-27 03:36:21
[2026-09-27 03:36:21] [INFO] Python: 3.12.10 (tags/v3.12.10:0cc8128, Apr  8 2025, 12:21:36) [MSC v.1943 64 bit (AMD64)] | 実行パス: C:\Users\0138018\AppData\Local\Programs\Python\Python312\pythonw.exe
[2026-09-27 03:36:21] [INFO] PROJECT_ROOT: C:\Users\0138018\.antigravity\mfgpro_controller
[2026-09-27 03:36:21] [INFO] ======================================================================
[2026-09-27 03:36:33] [INFO] SSH接続確立 (connected) [Tab 1]
[2026-09-27 03:36:33] [INFO] 自動ログイン: Tab 1 のMain Menu自動遷移シーケンスを開始
[2026-09-27 03:36:36] [INFO] 自動ログイン: Tab 1 Main Menu 着弾検知
[2026-09-27 03:39:53] [INFO] ======================================================================
[2026-09-27 03:39:53] [INFO] QAD Modern Terminal 起動 - 2026-09-27 03:39:53
[2026-09-27 03:39:53] [INFO] Python: 3.12.10 (tags/v3.12.10:0cc8128, Apr  8 2025, 12:21:36) [MSC v.1943 64 bit (AMD64)] | 実行パス: C:\Users\0138018\AppData\Local\Programs\Python\Python312\python.exe
[2026-09-27 03:39:53] [INFO] PROJECT_ROOT: C:\Users\0138018\.antigravity\mfgpro_controller
[2026-09-27 03:39:53] [INFO] ======================================================================
[2026-09-27 03:40:13] [INFO] ======================================================================
[2026-09-27 03:40:13] [INFO] QAD Modern Terminal 起動 - 2026-09-27 03:40:13
[2026-09-27 03:40:13] [INFO] Python: 3.12.10 (tags/v3.12.10:0cc8128, Apr  8 2025, 12:21:36) [MSC v.1943 64 bit (AMD64)] | 実行パス: C:\Users\0138018\AppData\Local\Programs\Python\Python312\python.exe
[2026-09-27 03:40:13] [INFO] PROJECT_ROOT: C:\Users\0138018\.antigravity\mfgpro_controller
[2026-09-27 03:40:13] [INFO] ======================================================================
[2026-09-27 03:40:52] [INFO] ======================================================================
[2026-09-27 03:40:52] [INFO] QAD Modern Terminal 起動 - 2026-09-27 03:40:52
[2026-09-27 03:40:52] [INFO] Python: 3.12.10 (tags/v3.12.10:0cc8128, Apr  8 2025, 12:21:36) [MSC v.1943 64 bit (AMD64)] | 実行パス: C:\Users\0138018\AppData\Local\Programs\Python\Python312\python.exe
[2026-09-27 03:40:52] [INFO] PROJECT_ROOT: C:\Users\0138018\.antigravity\mfgpro_controller
[2026-09-27 03:40:52] [INFO] ======================================================================
[2026-09-27 03:48:17] [INFO] ======================================================================
[2026-09-27 03:48:17] [INFO] QAD Modern Terminal 起動 - 2026-09-27 03:48:17
[2026-09-27 03:48:17] [INFO] Python: 3.12.10 (tags/v3.12.10:0cc8128, Apr  8 2025, 12:21:36) [MSC v.1943 64 bit (AMD64)] | 実行パス: C:\Users\0138018\AppData\Local\Programs\Python\Python312\python.exe
[2026-09-27 03:48:17] [INFO] PROJECT_ROOT: C:\Users\0138018\.antigravity\mfgpro_controller
[2026-09-27 03:48:17] [INFO] ======================================================================
[2026-09-27 03:50:48] [INFO] ======================================================================
[2026-09-27 03:50:48] [INFO] QAD Modern Terminal 起動 - 2026-09-27 03:50:48
[2026-09-27 03:50:48] [INFO] Python: 3.12.10 (tags/v3.12.10:0cc8128, Apr  8 2025, 12:21:36) [MSC v.1943 64 bit (AMD64)] | 実行パス: C:\Users\0138018\AppData\Local\Programs\Python\Python312\pythonw.exe
[2026-09-27 03:50:48] [INFO] PROJECT_ROOT: C:\Users\0138018\.antigravity\mfgpro_controller
[2026-09-27 03:50:48] [INFO] ======================================================================
[2026-09-27 03:51:00] [INFO] SSH接続確立 (connected) [Tab 1]
[2026-09-27 03:51:00] [INFO] 自動ログイン: Tab 1 のMain Menu自動遷移シーケンスを開始
[2026-09-27 03:51:04] [INFO] 自動ログイン: Tab 1 Main Menu 着弾検知
[2026-09-27 03:56:47] [INFO] ======================================================================
[2026-09-27 03:56:47] [INFO] QAD Modern Terminal 起動 - 2026-09-27 03:56:47
[2026-09-27 03:56:47] [INFO] Python: 3.12.10 (tags/v3.12.10:0cc8128, Apr  8 2025, 12:21:36) [MSC v.1943 64 bit (AMD64)] | 実行パス: C:\Users\0138018\AppData\Local\Programs\Python\Python312\python.exe
[2026-09-27 03:56:47] [INFO] PROJECT_ROOT: C:\Users\0138018\.antigravity\mfgpro_controller
[2026-09-27 03:56:47] [INFO] ======================================================================
[2026-09-27 03:56:56] [INFO] SSH接続確立 (connected) [Tab 1]
[2026-09-27 03:56:56] [INFO] 自動ログイン: Tab 1 のMain Menu自動遷移シーケンスを開始
[2026-09-27 03:57:16] [INFO] レポート条件入力画面で F1 キーが押下されました。クエリ待機ステータスを開始します。
[2026-09-27 03:57:17] [INFO] レポート条件入力画面で F1 キーが押下されました。クエリ待機ステータスを開始します。
[2026-09-27 03:57:19] [INFO] ======================================================================
[2026-09-27 03:57:19] [INFO] QAD Modern Terminal 起動 - 2026-09-27 03:57:19
[2026-09-27 03:57:19] [INFO] Python: 3.12.10 (tags/v3.12.10:0cc8128, Apr  8 2025, 12:21:36) [MSC v.1943 64 bit (AMD64)] | 実行パス: C:\Users\0138018\AppData\Local\Programs\Python\Python312\python.exe
[2026-09-27 03:57:19] [INFO] PROJECT_ROOT: C:\Users\0138018\.antigravity\mfgpro_controller
[2026-09-27 03:57:19] [INFO] ======================================================================
[2026-09-27 03:57:19] [INFO] F4押下によりクエリ待機を解除しました
[2026-09-27 03:57:26] [INFO] レポート条件入力画面で F1 キーが押下されました。クエリ待機ステータスを開始します。
[2026-09-27 03:57:32] [INFO] レポート条件入力画面で F1 キーが押下されました。クエリ待機ステータスを開始します。
[2026-09-27 03:57:35] [INFO] F4押下によりクエリ待機を解除しました
[2026-09-27 03:57:37] [INFO] レポート条件入力画面で F1 キーが押下されました。クエリ待機ステータスを開始します。
[2026-09-27 03:57:41] [INFO] ======================================================================
[2026-09-27 03:57:41] [INFO] QAD Modern Terminal 起動 - 2026-09-27 03:57:41
[2026-09-27 03:57:41] [INFO] Python: 3.12.10 (tags/v3.12.10:0cc8128, Apr  8 2025, 12:21:36) [MSC v.1943 64 bit (AMD64)] | 実行パス: C:\Users\0138018\AppData\Local\Programs\Python\Python312\python.exe
[2026-09-27 03:57:41] [INFO] PROJECT_ROOT: C:\Users\0138018\.antigravity\mfgpro_controller
[2026-09-27 03:57:41] [INFO] ======================================================================
[2026-09-27 04:04:19] [INFO] F4押下によりクエリ待機を解除しました
[2026-09-27 04:04:24] [INFO] レポート条件入力画面で F1 キーが押下されました。クエリ待機ステータスを開始します。
[2026-09-27 04:04:25] [INFO] レポート条件入力画面で F1 キーが押下されました。クエリ待機ステータスを開始します。
[2026-09-27 04:04:26] [INFO] レポート条件入力画面で F1 キーが押下されました。クエリ待機ステータスを開始します。
[2026-09-27 04:04:30] [INFO] F4押下によりクエリ待機を解除しました
[2026-09-27 04:04:43] [INFO] レポート条件入力画面で F1 キーが押下されました。クエリ待機ステータスを開始します。
[2026-09-27 04:04:44] [INFO] レポート条件入力画面で F1 キーが押下されました。クエリ待機ステータスを開始します。
[2026-09-27 04:04:44] [INFO] レポート条件入力画面で F1 キーが押下されました。クエリ待機ステータスを開始します。
[2026-09-27 04:04:49] [INFO] F4押下によりクエリ待機を解除しました
[2026-09-27 04:04:53] [INFO] 入力欄クリック検知: 現在=InputField(row=2, cols=9..17)(左列=True) -> 宛先=InputField(row=2, cols=9..17)(左列=True), クリック列=16
[2026-09-27 04:04:55] [INFO] 入力欄クリック検知: 現在=InputField(row=2, cols=9..17)(左列=True) -> 宛先=InputField(row=2, cols=9..17)(左列=True), クリック列=13
[2026-09-27 04:19:40] [INFO] ======================================================================
[2026-09-27 04:19:40] [INFO] QAD Modern Terminal 起動 - 2026-09-27 04:19:40
[2026-09-27 04:19:40] [INFO] Python: 3.12.10 (tags/v3.12.10:0cc8128, Apr  8 2025, 12:21:36) [MSC v.1943 64 bit (AMD64)] | 実行パス: C:\Users\0138018\AppData\Local\Programs\Python\Python312\pythonw.exe
[2026-09-27 04:19:40] [INFO] PROJECT_ROOT: C:\Users\0138018\.antigravity\mfgpro_controller
[2026-09-27 04:19:40] [INFO] ======================================================================
[2026-09-27 04:19:47] [INFO] SSH接続確立 (connected) [Tab 1]
[2026-09-27 04:19:47] [INFO] 自動ログイン: Tab 1 のMain Menu自動遷移シーケンスを開始
[2026-09-27 04:19:51] [INFO] 自動ログイン: Tab 1 Main Menu 着弾検知
[2026-09-27 05:24:11] [INFO] レポート条件入力画面で F1 キーが押下されました。クエリ待機ステータスを開始します。
[2026-09-27 05:24:12] [INFO] レポート条件入力画面で F1 キーが押下されました。クエリ待機ステータスを開始します。
[2026-09-27 05:24:14] [INFO] レポート条件入力画面で F1 キーが押下されました。クエリ待機ステータスを開始します。
[2026-09-27 05:24:16] [INFO] レポート条件入力画面で F1 キーが押下されました。クエリ待機ステータスを開始します。
[2026-09-27 05:24:16] [INFO] _check_is_report_output: 一致！ (クエリ待機中 + レポート区切り線行 6 検出: │─── ────────────────── ─────────── ── ───────────)
[2026-09-27 05:24:16] [INFO] === レポート自動取得・Excel展開ワーカー起動 ===
[2026-09-27 05:24:16] [INFO] レポート取得: 1 ページ目取得完了 (文字数: 1764)
[2026-09-27 05:24:16] [INFO] 継続プロンプトが見当たらないため取得完了と判断
[2026-09-27 05:24:16] [INFO] 全 1 ページの取得完了。パース処理を開始します...
[2026-09-27 05:24:16] [DEBUG] parse_report_text_to_table: 開始 (入力行数=22)
[2026-09-27 05:24:16] [DEBUG] parse_report_text_to_table: 区切り線行を検出 (行インデックス=6): ─── ────────────────── ─────────── ── ────────────── ───────
[2026-09-27 05:24:16] [INFO] parse_report_text_to_table: 固定長パース成功 (列数=7, データ行数=9)
[2026-09-27 05:24:16] [INFO] パース成功: カラム数=7, データ行数=9
[2026-09-27 05:24:16] [INFO] paste_to_new_excel: 開始 (行数=10, 列数=7, タイトル=QAD_Report)
[2026-09-27 05:24:20] [INFO] paste_to_new_excel: COM操作成功 - Excelに 9 件のデータを展開しました（文字列書式）
[2026-09-27 05:24:20] [INFO] Excel展開結果: success=True, msg=Excelに 9 件のデータを展開しました（文字列書式）
[2026-09-27 05:26:37] [INFO] _check_is_report_output: 一致！ (区切り線行 6 + データ行 15 行検出)
[2026-09-27 05:26:37] [INFO] === レポート自動取得・Excel展開ワーカー起動 ===
[2026-09-27 05:26:37] [INFO] レポート取得: 1 ページ目取得完了 (文字数: 1753)
[2026-09-27 05:26:37] [INFO] 継続プロンプトが見当たらないため取得完了と判断
[2026-09-27 05:26:37] [INFO] 全 1 ページの取得完了。パース処理を開始します...
[2026-09-27 05:26:37] [DEBUG] parse_report_text_to_table: 開始 (入力行数=22)
[2026-09-27 05:26:37] [DEBUG] parse_report_text_to_table: 区切り線行を検出 (行インデックス=6): ─── ────────────────── ─────────── ── ────────────── ───────
[2026-09-27 05:26:37] [INFO] parse_report_text_to_table: 固定長パース成功 (列数=7, データ行数=9)
[2026-09-27 05:26:37] [INFO] パース成功: カラム数=7, データ行数=9
[2026-09-27 05:26:37] [INFO] paste_to_new_excel: 開始 (行数=10, 列数=7, タイトル=QAD_Report)
[2026-09-27 05:26:39] [INFO] paste_to_new_excel: COM操作成功 - Excelに 9 件のデータを展開しました（文字列書式）
[2026-09-27 05:26:39] [INFO] Excel展開結果: success=True, msg=Excelに 9 件のデータを展開しました（文字列書式）
[2026-09-27 05:26:42] [INFO] レポート条件入力画面で F1 キーが押下されました。クエリ待機ステータスを開始します。
[2026-09-27 05:26:43] [INFO] レポート条件入力画面で F1 キーが押下されました。クエリ待機ステータスを開始します。
[2026-09-27 05:26:52] [INFO] レポート条件入力画面で F1 キーが押下されました。クエリ待機ステータスを開始します。
[2026-09-27 05:26:53] [INFO] レポート条件入力画面で F1 キーが押下されました。クエリ待機ステータスを開始します。
[2026-09-27 05:26:55] [INFO] レポート条件入力画面で F1 キーが押下されました。クエリ待機ステータスを開始します。
[2026-09-27 05:26:55] [INFO] レポート条件入力画面で F1 キーが押下されました。クエリ待機ステータスを開始します。
[2026-09-27 05:26:56] [INFO] レポート条件入力画面で F1 キーが押下されました。クエリ待機ステータスを開始します。
[2026-09-27 05:26:58] [INFO] レポート条件入力画面で F1 キーが押下されました。クエリ待機ステータスを開始します。
[2026-09-27 05:27:00] [INFO] レポート条件入力画面で F1 キーが押下されました。クエリ待機ステータスを開始します。
[2026-09-27 05:27:10] [INFO] レポート条件入力画面で F1 キーが押下されました。クエリ待機ステータスを開始します。
[2026-09-27 05:27:15] [INFO] レポート条件入力画面で F1 キーが押下されました。クエリ待機ステータスを開始します。
[2026-09-27 05:27:18] [INFO] F4押下によりクエリ待機を解除しました
[2026-09-27 05:27:51] [INFO] レポート条件入力画面で F1 キーが押下されました。クエリ待機ステータスを開始します。
[2026-09-27 05:27:53] [INFO] レポート条件入力画面で F1 キーが押下されました。クエリ待機ステータスを開始します。
[2026-09-27 05:27:55] [INFO] レポート条件入力画面で F1 キーが押下されました。クエリ待機ステータスを開始します。
[2026-09-27 05:28:43] [INFO] F4押下によりクエリ待機を解除しました
[2026-09-27 05:28:43] [INFO] _check_is_report_output: 一致！ (区切り線行 6 + データ行 15 行検出)
[2026-09-27 05:28:43] [INFO] === レポート自動取得・Excel展開ワーカー起動 ===
[2026-09-27 05:28:43] [INFO] レポート取得: 1 ページ目取得完了 (文字数: 1764)
[2026-09-27 05:28:44] [INFO] 継続プロンプトが見当たらないため取得完了と判断
[2026-09-27 05:28:44] [INFO] 全 1 ページの取得完了。パース処理を開始します...
[2026-09-27 05:28:44] [DEBUG] parse_report_text_to_table: 開始 (入力行数=22)
[2026-09-27 05:28:44] [DEBUG] parse_report_text_to_table: 区切り線行を検出 (行インデックス=6): ─── ────────────────── ─────────── ── ────────────── ───────
[2026-09-27 05:28:44] [INFO] parse_report_text_to_table: 固定長パース成功 (列数=7, データ行数=9)
[2026-09-27 05:28:44] [INFO] パース成功: カラム数=7, データ行数=9
[2026-09-27 05:28:44] [INFO] paste_to_new_excel: 開始 (行数=10, 列数=7, タイトル=QAD_Report)
[2026-09-27 05:28:44] [INFO] paste_to_new_excel: COM操作成功 - Excelに 9 件のデータを展開しました（文字列書式）
[2026-09-27 05:28:44] [INFO] Excel展開結果: success=True, msg=Excelに 9 件のデータを展開しました（文字列書式）
[2026-09-27 05:29:33] [INFO] _check_is_report_output: 一致！ (区切り線行 6 + データ行 15 行検出)
[2026-09-27 05:29:33] [INFO] === レポート自動取得・Excel展開ワーカー起動 ===
[2026-09-27 05:29:33] [INFO] レポート取得: 1 ページ目取得完了 (文字数: 1753)
[2026-09-27 05:29:33] [INFO] 継続プロンプトが見当たらないため取得完了と判断
[2026-09-27 05:29:33] [INFO] 全 1 ページの取得完了。パース処理を開始します...
[2026-09-27 05:29:33] [DEBUG] parse_report_text_to_table: 開始 (入力行数=22)
[2026-09-27 05:29:33] [DEBUG] parse_report_text_to_table: 区切り線行を検出 (行インデックス=6): ─── ────────────────── ─────────── ── ────────────── ───────
[2026-09-27 05:29:33] [INFO] parse_report_text_to_table: 固定長パース成功 (列数=7, データ行数=9)
[2026-09-27 05:29:33] [INFO] パース成功: カラム数=7, データ行数=9
[2026-09-27 05:29:33] [INFO] paste_to_new_excel: 開始 (行数=10, 列数=7, タイトル=QAD_Report)
[2026-09-27 05:29:36] [INFO] paste_to_new_excel: COM操作成功 - Excelに 9 件のデータを展開しました（文字列書式）
[2026-09-27 05:29:36] [INFO] Excel展開結果: success=True, msg=Excelに 9 件のデータを展開しました（文字列書式）
[2026-09-27 05:29:36] [INFO] レポート条件入力画面で F1 キーが押下されました。クエリ待機ステータスを開始します。
[2026-09-27 05:29:37] [INFO] レポート条件入力画面で F1 キーが押下されました。クエリ待機ステータスを開始します。
[2026-09-27 05:29:53] [INFO] レポート条件入力画面で F1 キーが押下されました。クエリ待機ステータスを開始します。
[2026-09-27 05:29:54] [INFO] レポート条件入力画面で F1 キーが押下されました。クエリ待機ステータスを開始します。
[2026-09-27 05:29:55] [INFO] レポート条件入力画面で F1 キーが押下されました。クエリ待機ステータスを開始します。
[2026-09-27 05:29:57] [INFO] レポート条件入力画面で F1 キーが押下されました。クエリ待機ステータスを開始します。
[2026-09-27 05:29:57] [INFO] レポート条件入力画面で F1 キーが押下されました。クエリ待機ステータスを開始します。
[2026-09-27 05:29:58] [INFO] レポート条件入力画面で F1 キーが押下されました。クエリ待機ステータスを開始します。
[2026-09-27 05:29:59] [INFO] レポート条件入力画面で F1 キーが押下されました。クエリ待機ステータスを開始します。
[2026-09-27 05:30:02] [INFO] レポート条件入力画面で F1 キーが押下されました。クエリ待機ステータスを開始します。
[2026-09-27 05:30:08] [INFO] レポート条件入力画面で F1 キーが押下されました。クエリ待機ステータスを開始します。
[2026-09-27 05:31:05] [INFO] レポート条件入力画面で F1 キーが押下されました。クエリ待機ステータスを開始します。
[2026-09-27 08:37:19] [INFO] SSH切断 (closed, error=None) [Tab 1]
[2026-09-28 00:13:19] [INFO] ======================================================================
[2026-09-28 00:13:19] [INFO] QAD Modern Terminal 起動 - 2026-09-28 00:13:19
[2026-09-28 00:13:19] [INFO] Python: 3.12.10 (tags/v3.12.10:0cc8128, Apr  8 2025, 12:21:36) [MSC v.1943 64 bit (AMD64)] | 実行パス: C:\Users\0138018\AppData\Local\Programs\Python\Python312\pythonw.exe
[2026-09-28 00:13:19] [INFO] PROJECT_ROOT: C:\Users\0138018\.antigravity\mfgpro_controller
[2026-09-28 00:13:19] [INFO] ======================================================================
[2026-09-28 00:13:30] [INFO] SSH接続確立 (connected) [Tab 1]
[2026-09-28 00:13:30] [INFO] 自動ログイン: Tab 1 のMain Menu自動遷移シーケンスを開始
[2026-09-28 00:13:34] [INFO] 自動ログイン: Tab 1 Main Menu 着弾検知
[2026-09-28 00:13:52] [INFO] Complaint送信開始: item=BW0123F1-2, start=03/28/26, end=09/28/26, lot=
[2026-09-28 00:14:41] [INFO] ComplaintデータGAS送信完了: 4,215件
[2026-09-28 01:03:49] [INFO] 在庫レポートGAS送信開始: ユーザー=takehik, ホスト=mfg03
[2026-09-28 01:04:25] [INFO] 在庫レポートGAS送信完了: 9,109件
[2026-09-28 01:24:41] [INFO] SSH接続確立 (connected) [Tab 2]
[2026-09-28 01:24:41] [INFO] 自動ログイン: Tab 2 のMain Menu自動遷移シーケンスを開始
[2026-09-28 01:24:45] [INFO] 自動ログイン: Tab 2 Main Menu 着弾検知
[2026-09-28 01:44:02] [INFO] レポート条件入力画面で F1 キーが押下されました。クエリ待機ステータスを開始します。
[2026-09-28 01:44:03] [INFO] Output欄での F1 押下を検知しました。自動で 32prn を設定して実行します。
[2026-09-28 01:44:03] [INFO] input_32printer: Output欄に 32prn を入力し、実績キーシーケンスで実行します
[2026-09-28 01:44:03] [INFO] Output欄での F1 押下を検知しました。自動で 32prn を設定して実行します。
[2026-09-28 01:44:03] [INFO] input_32printer: Output欄に 32prn を入力し、実績キーシーケンスで実行します
[2026-09-28 01:44:06] [INFO] メニュー画面に戻ったためクエリ待機状態を解除します
[2026-09-28 01:44:07] [INFO] input_32printer: キーシーケンス送信完了 (32prn\r -> F1 -> F1 -> Ctrl+F -> Space)
[2026-09-28 01:44:07] [INFO] input_32printer: キーシーケンス送信完了 (32prn\r -> F1 -> F1 -> Ctrl+F -> Space)
[2026-09-28 01:44:11] [INFO] Output: 32prn を検知しました。ストリーム受信待機に入ります。
[2026-09-28 01:44:28] [INFO] Output: 32prn を検知しました。ストリーム受信待機に入ります。
[2026-09-28 01:44:39] [INFO] === 32printer データストリーム受信完了 (120,719 bytes) ===
[2026-09-28 01:44:39] [INFO] 32printer 解凍完了 (文字数: 686,632)
[2026-09-28 01:44:39] [INFO] 32printer パース成功 (列数=28, データ行数=1,359)
[2026-09-28 01:44:39] [INFO] remove_duplicate_rows: 全列のデータが一致する重複行を 24 件除外しました (元行数=1360, 除外後=1336)
[2026-09-28 01:44:39] [INFO] paste_to_new_excel: 開始 (行数=1336, 列数=28, タイトル=QAD_99.7.5.11（重複 24 件を除外）)
[2026-09-28 01:44:43] [INFO] paste_to_new_excel: COM操作成功 - Excelに 1335 件のデータを展開しました（重複 24 件を除外）（文字列書式）
[2026-09-28 01:44:57] [INFO] 入力欄クリック検知: 現在=InputField(row=2, cols=17..25)(左列=True) -> 宛先=InputField(row=5, cols=51..59)(左列=False), クリック列=60
[2026-09-28 01:45:08] [INFO] Output: 32prn を検知しました。ストリーム受信待機に入ります。
[2026-09-28 01:45:09] [INFO] Output欄での F1 押下を検知しました。自動で 32prn を設定して実行します。
[2026-09-28 01:45:09] [INFO] input_32printer: Output欄に 32prn を入力し、実績キーシーケンスで実行します
[2026-09-28 01:45:13] [INFO] input_32printer: キーシーケンス送信完了 (32prn\r -> F1 -> F1 -> Ctrl+F -> Space)
[2026-09-28 01:45:17] [INFO] === 32printer データストリーム受信完了 (78,481 bytes) ===
[2026-09-28 01:45:17] [INFO] 32printer 解凍完了 (文字数: 468,919)
[2026-09-28 01:45:17] [INFO] 32printer パース成功 (列数=28, データ行数=927)
[2026-09-28 01:45:17] [INFO] remove_duplicate_rows: 全列のデータが一致する重複行を 16 件除外しました (元行数=928, 除外後=912)
[2026-09-28 01:45:17] [INFO] paste_to_new_excel: 開始 (行数=912, 列数=28, タイトル=QAD_99.7.5.11（重複 16 件を除外）)
[2026-09-28 01:45:20] [INFO] paste_to_new_excel: COM操作成功 - Excelに 911 件のデータを展開しました（重複 16 件を除外）（文字列書式）
[2026-09-28 02:54:07] [INFO] ======================================================================
[2026-09-28 02:54:07] [INFO] QAD Modern Terminal 起動 - 2026-09-28 02:54:07
[2026-09-28 02:54:07] [INFO] Python: 3.12.10 (tags/v3.12.10:0cc8128, Apr  8 2025, 12:21:36) [MSC v.1943 64 bit (AMD64)] | 実行パス: C:\Users\0138018\AppData\Local\Programs\Python\Python312\pythonw.exe
[2026-09-28 02:54:07] [INFO] PROJECT_ROOT: C:\Users\0138018\.antigravity\mfgpro_controller
[2026-09-28 02:54:07] [INFO] ======================================================================
[2026-09-28 02:54:14] [INFO] SSH接続確立 (connected) [Tab 1]
[2026-09-28 02:54:14] [INFO] 自動ログイン: Tab 1 のMain Menu自動遷移シーケンスを開始
[2026-09-28 02:54:18] [INFO] 自動ログイン: Tab 1 Main Menu 着弾検知
[2026-09-28 03:19:41] [INFO] レポート条件入力画面で F1 キーが押下されました。クエリ待機ステータスを開始します。
[2026-09-28 03:19:42] [INFO] レポート条件入力画面で F1 キーが押下されました。クエリ待機ステータスを開始します。
[2026-09-28 03:19:44] [INFO] レポート条件入力画面で F1 キーが押下されました。クエリ待機ステータスを開始します。
[2026-09-28 03:19:45] [INFO] レポート条件入力画面で F1 キーが押下されました。クエリ待機ステータスを開始します。
[2026-09-28 03:19:51] [INFO] レポート条件入力画面で F1 キーが押下されました。クエリ待機ステータスを開始します。
[2026-09-28 03:19:52] [INFO] レポート条件入力画面で F1 キーが押下されました。クエリ待機ステータスを開始します。
[2026-09-28 03:19:59] [INFO] レポート条件入力画面で F1 キーが押下されました。クエリ待機ステータスを開始します。
[2026-09-28 03:20:01] [INFO] レポート条件入力画面で F1 キーが押下されました。クエリ待機ステータスを開始します。
[2026-09-28 03:20:02] [INFO] レポート条件入力画面で F1 キーが押下されました。クエリ待機ステータスを開始します。
[2026-09-28 03:20:04] [INFO] レポート条件入力画面で F1 キーが押下されました。クエリ待機ステータスを開始します。
[2026-09-28 03:20:05] [INFO] F4押下によりクエリ待機を解除しました
[2026-09-28 03:20:05] [INFO] _check_is_report_output: 一致！ (区切り線行 6 + データ行 14 行検出)
[2026-09-28 03:20:05] [INFO] === レポート自動取得・Excel展開ワーカー起動 ===
[2026-09-28 03:20:05] [INFO] レポート取得: 1 ページ目取得完了 (文字数: 1698)
[2026-09-28 03:20:06] [INFO] 継続プロンプトが見当たらないため取得完了と判断
[2026-09-28 03:20:06] [INFO] 全 1 ページの取得完了。パース処理を開始します...
[2026-09-28 03:20:06] [DEBUG] parse_report_text_to_table: 開始 (入力行数=21)
[2026-09-28 03:20:06] [DEBUG] parse_report_text_to_table: 区切り線行を検出 (行インデックス=6): ─── ────────────────── ─────────── ── ────────────── ───────
[2026-09-28 03:20:06] [INFO] parse_report_text_to_table: 固定長パース成功 (列数=7, データ行数=8)
[2026-09-28 03:20:06] [INFO] パース成功: カラム数=7, データ行数=8
[2026-09-28 03:20:06] [INFO] paste_to_new_excel: 開始 (行数=9, 列数=7, タイトル=QAD_Report)
[2026-09-28 03:20:09] [INFO] paste_to_new_excel: COM操作成功 - Excelに 8 件のデータを展開しました（文字列書式）
[2026-09-28 03:20:09] [INFO] Excel展開結果: success=True, msg=Excelに 8 件のデータを展開しました（文字列書式）
[2026-09-28 03:20:16] [INFO] レポート条件入力画面で F1 キーが押下されました。クエリ待機ステータスを開始します。
[2026-09-28 03:20:21] [INFO] F4押下によりクエリ待機を解除しました
[2026-09-28 03:20:21] [INFO] _check_is_report_output: 一致！ (区切り線行 6 + データ行 14 行検出)
[2026-09-28 03:20:21] [INFO] === レポート自動取得・Excel展開ワーカー起動 ===
[2026-09-28 03:20:22] [INFO] レポート取得: 1 ページ目取得完了 (文字数: 1698)
[2026-09-28 03:20:22] [INFO] 継続プロンプトが見当たらないため取得完了と判断
[2026-09-28 03:20:22] [INFO] 全 1 ページの取得完了。パース処理を開始します...
[2026-09-28 03:20:22] [DEBUG] parse_report_text_to_table: 開始 (入力行数=21)
[2026-09-28 03:20:22] [DEBUG] parse_report_text_to_table: 区切り線行を検出 (行インデックス=6): ─── ────────────────── ─────────── ── ────────────── ───────
[2026-09-28 03:20:22] [INFO] parse_report_text_to_table: 固定長パース成功 (列数=7, データ行数=8)
[2026-09-28 03:20:22] [INFO] パース成功: カラム数=7, データ行数=8
[2026-09-28 03:20:22] [INFO] paste_to_new_excel: 開始 (行数=9, 列数=7, タイトル=QAD_Report)
[2026-09-28 03:20:24] [INFO] paste_to_new_excel: COM操作成功 - Excelに 8 件のデータを展開しました（文字列書式）
[2026-09-28 03:20:24] [INFO] Excel展開結果: success=True, msg=Excelに 8 件のデータを展開しました（文字列書式）
[2026-09-28 03:21:16] [INFO] SSH接続確立 (connected) [Tab 2]
[2026-09-28 03:21:16] [INFO] 自動ログイン: Tab 2 のMain Menu自動遷移シーケンスを開始
[2026-09-28 03:21:27] [INFO] ======================================================================
[2026-09-28 03:21:27] [INFO] QAD Modern Terminal 起動 - 2026-09-28 03:21:27
[2026-09-28 03:21:27] [INFO] Python: 3.12.10 (tags/v3.12.10:0cc8128, Apr  8 2025, 12:21:36) [MSC v.1943 64 bit (AMD64)] | 実行パス: C:\Users\0138018\AppData\Local\Programs\Python\Python312\pythonw.exe
[2026-09-28 03:21:27] [INFO] PROJECT_ROOT: C:\Users\0138018\.antigravity\mfgpro_controller
[2026-09-28 03:21:27] [INFO] ======================================================================
[2026-09-28 03:21:33] [INFO] SSH接続確立 (connected) [Tab 1]
[2026-09-28 03:21:33] [INFO] 自動ログイン: Tab 1 のMain Menu自動遷移シーケンスを開始
[2026-09-28 03:22:33] [INFO] ======================================================================
[2026-09-28 03:22:33] [INFO] QAD Modern Terminal 起動 - 2026-09-28 03:22:33
[2026-09-28 03:22:33] [INFO] Python: 3.12.10 (tags/v3.12.10:0cc8128, Apr  8 2025, 12:21:36) [MSC v.1943 64 bit (AMD64)] | 実行パス: C:\Users\0138018\AppData\Local\Programs\Python\Python312\pythonw.exe
[2026-09-28 03:22:33] [INFO] PROJECT_ROOT: C:\Users\0138018\.antigravity\mfgpro_controller
[2026-09-28 03:22:33] [INFO] ======================================================================
[2026-09-28 03:22:39] [INFO] SSH接続確立 (connected) [Tab 1]
[2026-09-28 03:22:39] [INFO] 自動ログイン: Tab 1 のMain Menu自動遷移シーケンスを開始
[2026-09-28 03:22:43] [INFO] 自動ログイン: Tab 1 Main Menu 着弾検知
[2026-09-28 03:23:04] [INFO] レポート条件入力画面で F1 キーが押下されました。クエリ待機ステータスを開始します。
[2026-09-28 03:23:05] [INFO] レポート条件入力画面で F1 キーが押下されました。クエリ待機ステータスを開始します。
[2026-09-28 03:23:05] [INFO] レポート条件入力画面で F1 キーが押下されました。クエリ待機ステータスを開始します。
[2026-09-28 03:23:06] [INFO] レポート条件入力画面で F1 キーが押下されました。クエリ待機ステータスを開始します。
[2026-09-28 03:23:06] [INFO] レポート条件入力画面で F1 キーが押下されました。クエリ待機ステータスを開始します。
[2026-09-28 03:23:07] [INFO] レポート条件入力画面で F1 キーが押下されました。クエリ待機ステータスを開始します。
[2026-09-28 03:23:08] [INFO] レポート条件入力画面で F1 キーが押下されました。クエリ待機ステータスを開始します。
[2026-09-28 03:23:11] [INFO] レポート条件入力画面で F1 キーが押下されました。クエリ待機ステータスを開始します。
[2026-09-28 03:23:12] [INFO] レポート条件入力画面で F1 キーが押下されました。クエリ待機ステータスを開始します。
[2026-09-28 03:23:14] [INFO] F4押下によりクエリ待機を解除しました
[2026-09-28 03:23:15] [INFO] _check_is_report_output: 一致！ (区切り線行 6 + データ行 15 行検出)
[2026-09-28 03:23:15] [INFO] === レポート自動取得・Excel展開ワーカー起動 ===
[2026-09-28 03:23:15] [INFO] レポート取得: 1 ページ目取得完了 (文字数: 1764)
[2026-09-28 03:23:15] [INFO] 継続プロンプトが見当たらないため取得完了と判断
[2026-09-28 03:23:15] [INFO] 全 1 ページの取得完了。パース処理を開始します...
[2026-09-28 03:23:15] [DEBUG] parse_report_text_to_table: 開始 (入力行数=22)
[2026-09-28 03:23:15] [DEBUG] parse_report_text_to_table: 区切り線行を検出 (行インデックス=6): ─── ────────────────── ─────────── ── ────────────── ───────
[2026-09-28 03:23:15] [INFO] parse_report_text_to_table: 固定長パース成功 (列数=7, データ行数=9)
[2026-09-28 03:23:15] [INFO] パース成功: カラム数=7, データ行数=9
[2026-09-28 03:23:15] [INFO] paste_to_new_excel: 開始 (行数=10, 列数=7, タイトル=QAD_Report)
[2026-09-28 03:23:19] [INFO] paste_to_new_excel: COM操作成功 - Excelに 9 件のデータを展開しました（文字列書式）
[2026-09-28 03:23:19] [INFO] Excel展開結果: success=True, msg=Excelに 9 件のデータを展開しました（文字列書式）
[2026-09-28 03:29:52] [INFO] レポート条件入力画面で F1 キーが押下されました。クエリ待機ステータスを開始します。
[2026-09-28 03:29:52] [INFO] _check_is_report_output: 一致！ (クエリ待機中 + レポート区切り線行 6 検出: │─── ────────────────── ─────────── ── ───────────)
[2026-09-28 03:29:52] [INFO] === レポート自動取得・Excel展開ワーカー起動 ===
[2026-09-28 03:29:52] [INFO] レポート取得: 1 ページ目取得完了 (文字数: 1698)
[2026-09-28 03:29:52] [INFO] 継続プロンプトが見当たらないため取得完了と判断
[2026-09-28 03:29:52] [INFO] 全 1 ページの取得完了。パース処理を開始します...
[2026-09-28 03:29:52] [DEBUG] parse_report_text_to_table: 開始 (入力行数=21)
[2026-09-28 03:29:52] [DEBUG] parse_report_text_to_table: 区切り線行を検出 (行インデックス=6): ─── ────────────────── ─────────── ── ────────────── ───────
[2026-09-28 03:29:52] [INFO] parse_report_text_to_table: 固定長パース成功 (列数=7, データ行数=8)
[2026-09-28 03:29:52] [INFO] パース成功: カラム数=7, データ行数=8
[2026-09-28 03:29:52] [INFO] paste_to_new_excel: 開始 (行数=9, 列数=7, タイトル=QAD_Report)
[2026-09-28 03:29:53] [INFO] paste_to_new_excel: COM操作成功 - Excelに 8 件のデータを展開しました（文字列書式）
[2026-09-28 03:29:53] [INFO] Excel展開結果: success=True, msg=Excelに 8 件のデータを展開しました（文字列書式）
[2026-09-28 03:33:06] [INFO] _check_is_report_output: 一致！ (区切り線行 6 + データ行 16 行検出)
[2026-09-28 03:33:06] [INFO] === レポート自動取得・Excel展開ワーカー起動 ===
[2026-09-28 03:33:06] [INFO] レポート取得: 1 ページ目取得完了 (文字数: 1822)
[2026-09-28 03:33:07] [INFO] 継続プロンプトが見当たらないため取得完了と判断
[2026-09-28 03:33:07] [INFO] 全 1 ページの取得完了。パース処理を開始します...
[2026-09-28 03:33:07] [DEBUG] parse_report_text_to_table: 開始 (入力行数=23)
[2026-09-28 03:33:07] [DEBUG] parse_report_text_to_table: 区切り線行を検出 (行インデックス=6): ─── ──────────  ────────  ──────── ── ────────────── ───────
[2026-09-28 03:33:07] [INFO] parse_report_text_to_table: 固定長パース成功 (列数=8, データ行数=10)
[2026-09-28 03:33:07] [INFO] パース成功: カラム数=8, データ行数=10
[2026-09-28 03:33:07] [INFO] paste_to_new_excel: 開始 (行数=11, 列数=8, タイトル=QAD_Report)
[2026-09-28 03:33:07] [INFO] paste_to_new_excel: COM操作成功 - Excelに 10 件のデータを展開しました（文字列書式）
[2026-09-28 03:33:07] [INFO] Excel展開結果: success=True, msg=Excelに 10 件のデータを展開しました（文字列書式）
[2026-09-28 03:33:13] [INFO] _check_is_report_output: 一致！ (区切り線行 6 + データ行 15 行検出)
[2026-09-28 03:33:13] [INFO] === レポート自動取得・Excel展開ワーカー起動 ===
[2026-09-28 03:33:13] [INFO] レポート取得: 1 ページ目取得完了 (文字数: 1588)
[2026-09-28 03:33:13] [INFO] 継続プロンプトが見当たらないため取得完了と判断
[2026-09-28 03:33:13] [INFO] 全 1 ページの取得完了。パース処理を開始します...
[2026-09-28 03:33:13] [DEBUG] parse_report_text_to_table: 開始 (入力行数=22)
[2026-09-28 03:33:13] [DEBUG] parse_report_text_to_table: 区切り線行を検出 (行インデックス=6): ─── ────────────────── ─────────── ── ────────────── ───────
[2026-09-28 03:33:13] [INFO] parse_report_text_to_table: 固定長パース成功 (列数=7, データ行数=4)
[2026-09-28 03:33:13] [INFO] パース成功: カラム数=7, データ行数=4
[2026-09-28 03:33:13] [INFO] paste_to_new_excel: 開始 (行数=5, 列数=7, タイトル=QAD_Report)
[2026-09-28 03:33:14] [INFO] paste_to_new_excel: COM操作成功 - Excelに 4 件のデータを展開しました（文字列書式）
[2026-09-28 03:33:14] [INFO] Excel展開結果: success=True, msg=Excelに 4 件のデータを展開しました（文字列書式）
[2026-09-28 03:33:38] [INFO] _check_is_report_output: 一致！ (区切り線行 6 + データ行 3 行検出)
[2026-09-28 03:33:38] [INFO] === レポート自動取得・Excel展開ワーカー起動 ===
[2026-09-28 03:33:38] [INFO] レポート取得: 1 ページ目取得完了 (文字数: 793)
[2026-09-28 03:33:38] [INFO] 継続プロンプトが見当たらないため取得完了と判断
[2026-09-28 03:33:38] [INFO] 全 1 ページの取得完了。パース処理を開始します...
[2026-09-28 03:33:38] [DEBUG] parse_report_text_to_table: 開始 (入力行数=10)
[2026-09-28 03:33:38] [DEBUG] parse_report_text_to_table: 区切り線行を検出 (行インデックス=6): ─── ────────────────── ─────────── ── ────────────── ───────
[2026-09-28 03:33:38] [INFO] parse_report_text_to_table: 固定長パース成功 (列数=7, データ行数=2)
[2026-09-28 03:33:38] [INFO] パース成功: カラム数=7, データ行数=2
[2026-09-28 03:33:38] [INFO] paste_to_new_excel: 開始 (行数=3, 列数=7, タイトル=QAD_Report)
[2026-09-28 03:33:41] [INFO] paste_to_new_excel: COM操作成功 - Excelに 2 件のデータを展開しました（文字列書式）
[2026-09-28 03:33:41] [INFO] Excel展開結果: success=True, msg=Excelに 2 件のデータを展開しました（文字列書式）
[2026-09-28 03:33:49] [INFO] レポート条件入力画面で F1 キーが押下されました。クエリ待機ステータスを開始します。
[2026-09-28 03:33:50] [INFO] レポート条件入力画面で F1 キーが押下されました。クエリ待機ステータスを開始します。
[2026-09-28 03:33:51] [INFO] _check_is_report_output: 一致！ (クエリ待機中 + レポート区切り線行 6 検出: │─── ──────────│ ──────── │──────── ── ───────────)
[2026-09-28 03:33:51] [INFO] === レポート自動取得・Excel展開ワーカー起動 ===
[2026-09-28 03:33:51] [INFO] レポート取得: 1 ページ目取得完了 (文字数: 1751)
[2026-09-28 03:33:51] [INFO] 継続プロンプトが見当たらないため取得完了と判断
[2026-09-28 03:33:51] [INFO] 全 1 ページの取得完了。パース処理を開始します...
[2026-09-28 03:33:51] [DEBUG] parse_report_text_to_table: 開始 (入力行数=22)
[2026-09-28 03:33:51] [DEBUG] parse_report_text_to_table: 区切り線行を検出 (行インデックス=6): ─── ──────────  ────────  ──────── ── ────────────── ───────
[2026-09-28 03:33:51] [INFO] parse_report_text_to_table: 固定長パース成功 (列数=8, データ行数=9)
[2026-09-28 03:33:51] [INFO] パース成功: カラム数=8, データ行数=9
[2026-09-28 03:33:51] [INFO] paste_to_new_excel: 開始 (行数=10, 列数=8, タイトル=QAD_Report)
[2026-09-28 03:33:52] [INFO] レポート条件入力画面で F1 キーが押下されました。クエリ待機ステータスを開始します。
[2026-09-28 03:33:54] [INFO] paste_to_new_excel: COM操作成功 - Excelに 9 件のデータを展開しました（文字列書式）
[2026-09-28 03:33:54] [INFO] Excel展開結果: success=True, msg=Excelに 9 件のデータを展開しました（文字列書式）
[2026-09-28 03:35:13] [INFO] レポート条件入力画面で F1 キーが押下されました。クエリ待機ステータスを開始します。
[2026-09-28 03:35:13] [INFO] _check_is_report_output: 一致！ (クエリ待機中 + レポート区切り線行 6 検出: │─── ────────────────── ─────────── ── ───────────)
[2026-09-28 03:35:13] [INFO] === レポート自動取得・Excel展開ワーカー起動 ===
[2026-09-28 03:35:13] [INFO] レポート取得: 1 ページ目取得完了 (文字数: 807)
[2026-09-28 03:35:14] [INFO] 継続プロンプトが見当たらないため取得完了と判断
[2026-09-28 03:35:14] [INFO] 全 1 ページの取得完了。パース処理を開始します...
[2026-09-28 03:35:14] [DEBUG] parse_report_text_to_table: 開始 (入力行数=11)
[2026-09-28 03:35:14] [DEBUG] parse_report_text_to_table: 区切り線行を検出 (行インデックス=6): ─── ────────────────── ─────────── ── ────────────── ───────
[2026-09-28 03:35:14] [INFO] parse_report_text_to_table: 固定長パース成功 (列数=7, データ行数=3)
[2026-09-28 03:35:14] [INFO] パース成功: カラム数=7, データ行数=3
[2026-09-28 03:35:14] [INFO] paste_to_new_excel: 開始 (行数=4, 列数=7, タイトル=QAD_Report)
[2026-09-28 03:35:18] [INFO] paste_to_new_excel: COM操作成功 - Excelに 3 件のデータを展開しました（文字列書式）
[2026-09-28 03:35:18] [INFO] Excel展開結果: success=True, msg=Excelに 3 件のデータを展開しました（文字列書式）
[2026-09-28 03:36:08] [INFO] _check_is_report_output: 一致！ (区切り線行 6 + データ行 14 行検出)
[2026-09-28 03:36:08] [INFO] === レポート自動取得・Excel展開ワーカー起動 ===
[2026-09-28 03:36:08] [INFO] レポート取得: 1 ページ目取得完了 (文字数: 1563)
[2026-09-28 03:36:08] [INFO] 継続プロンプトが見当たらないため取得完了と判断
[2026-09-28 03:36:08] [INFO] 全 1 ページの取得完了。パース処理を開始します...
[2026-09-28 03:36:08] [DEBUG] parse_report_text_to_table: 開始 (入力行数=21)
[2026-09-28 03:36:08] [DEBUG] parse_report_text_to_table: 区切り線行を検出 (行インデックス=6): ─── ────────────────── ─────────── ── ────────────── ───────
[2026-09-28 03:36:08] [INFO] parse_report_text_to_table: 固定長パース成功 (列数=7, データ行数=3)
[2026-09-28 03:36:08] [INFO] パース成功: カラム数=7, データ行数=3
[2026-09-28 03:36:08] [INFO] paste_to_new_excel: 開始 (行数=4, 列数=7, タイトル=QAD_Report)
[2026-09-28 03:36:08] [INFO] レポート条件入力画面で F1 キーが押下されました。クエリ待機ステータスを開始します。
[2026-09-28 03:36:10] [INFO] F4押下によりクエリ待機を解除しました
[2026-09-28 03:36:11] [INFO] レポート条件入力画面で F1 キーが押下されました。クエリ待機ステータスを開始します。
[2026-09-28 03:36:12] [INFO] paste_to_new_excel: COM操作成功 - Excelに 3 件のデータを展開しました（文字列書式）
[2026-09-28 03:36:12] [INFO] Excel展開結果: success=True, msg=Excelに 3 件のデータを展開しました（文字列書式）
[2026-09-28 03:36:15] [INFO] レポート条件入力画面で F1 キーが押下されました。クエリ待機ステータスを開始します。
[2026-09-28 03:36:16] [INFO] レポート条件入力画面で F1 キーが押下されました。クエリ待機ステータスを開始します。
[2026-09-28 03:36:16] [INFO] _check_is_report_output: 一致！ (クエリ待機中 + レポート区切り線行 6 検出: │─── ────────────────── ─────────── ── ───────────)
[2026-09-28 03:36:16] [INFO] === レポート自動取得・Excel展開ワーカー起動 ===
[2026-09-28 03:36:16] [INFO] レポート取得: 1 ページ目取得完了 (文字数: 1698)
[2026-09-28 03:36:17] [INFO] 継続プロンプトが見当たらないため取得完了と判断
[2026-09-28 03:36:17] [INFO] 全 1 ページの取得完了。パース処理を開始します...
[2026-09-28 03:36:17] [DEBUG] parse_report_text_to_table: 開始 (入力行数=21)
[2026-09-28 03:36:17] [DEBUG] parse_report_text_to_table: 区切り線行を検出 (行インデックス=6): ─── ────────────────── ─────────── ── ────────────── ───────
[2026-09-28 03:36:17] [INFO] parse_report_text_to_table: 固定長パース成功 (列数=7, データ行数=8)
[2026-09-28 03:36:17] [INFO] パース成功: カラム数=7, データ行数=8
[2026-09-28 03:36:17] [INFO] paste_to_new_excel: 開始 (行数=9, 列数=7, タイトル=QAD_Report)
[2026-09-28 03:36:17] [INFO] paste_to_new_excel: COM操作成功 - Excelに 8 件のデータを展開しました（文字列書式）
[2026-09-28 03:36:17] [INFO] Excel展開結果: success=True, msg=Excelに 8 件のデータを展開しました（文字列書式）
[2026-09-28 03:36:41] [INFO] _check_is_report_output: 一致！ (区切り線行 6 + データ行 14 行検出)
[2026-09-28 03:36:41] [INFO] === レポート自動取得・Excel展開ワーカー起動 ===
[2026-09-28 03:36:41] [INFO] レポート取得: 1 ページ目取得完了 (文字数: 1698)
[2026-09-28 03:36:41] [INFO] 継続プロンプトが見当たらないため取得完了と判断
[2026-09-28 03:36:41] [INFO] 全 1 ページの取得完了。パース処理を開始します...
[2026-09-28 03:36:41] [DEBUG] parse_report_text_to_table: 開始 (入力行数=21)
[2026-09-28 03:36:41] [DEBUG] parse_report_text_to_table: 区切り線行を検出 (行インデックス=6): ─── ────────────────── ─────────── ── ────────────── ───────
[2026-09-28 03:36:41] [INFO] parse_report_text_to_table: 固定長パース成功 (列数=7, データ行数=8)
[2026-09-28 03:36:41] [INFO] パース成功: カラム数=7, データ行数=8
[2026-09-28 03:36:41] [INFO] paste_to_new_excel: 開始 (行数=9, 列数=7, タイトル=QAD_Report)
[2026-09-28 03:36:42] [INFO] paste_to_new_excel: COM操作成功 - Excelに 8 件のデータを展開しました（文字列書式）
[2026-09-28 03:36:42] [INFO] Excel展開結果: success=True, msg=Excelに 8 件のデータを展開しました（文字列書式）
[2026-09-28 03:36:43] [INFO] レポート条件入力画面で F1 キーが押下されました。クエリ待機ステータスを開始します。
[2026-09-28 03:36:47] [INFO] レポート条件入力画面で F1 キーが押下されました。クエリ待機ステータスを開始します。
[2026-09-28 03:36:47] [INFO] _check_is_report_output: 一致！ (クエリ待機中 + レポート区切り線行 6 検出: │─── ────────────────── ─────────── ── ───────────)
[2026-09-28 03:36:47] [INFO] === レポート自動取得・Excel展開ワーカー起動 ===
[2026-09-28 03:36:47] [INFO] レポート取得: 1 ページ目取得完了 (文字数: 1698)
[2026-09-28 03:36:48] [INFO] 継続プロンプトが見当たらないため取得完了と判断
[2026-09-28 03:36:48] [INFO] 全 1 ページの取得完了。パース処理を開始します...
[2026-09-28 03:36:48] [DEBUG] parse_report_text_to_table: 開始 (入力行数=21)
[2026-09-28 03:36:48] [DEBUG] parse_report_text_to_table: 区切り線行を検出 (行インデックス=6): ─── ────────────────── ─────────── ── ────────────── ───────
[2026-09-28 03:36:48] [INFO] parse_report_text_to_table: 固定長パース成功 (列数=7, データ行数=8)
[2026-09-28 03:36:48] [INFO] パース成功: カラム数=7, データ行数=8
[2026-09-28 03:36:48] [INFO] paste_to_new_excel: 開始 (行数=9, 列数=7, タイトル=QAD_Report)
[2026-09-28 03:36:49] [INFO] paste_to_new_excel: COM操作成功 - Excelに 8 件のデータを展開しました（文字列書式）
[2026-09-28 03:36:49] [INFO] Excel展開結果: success=True, msg=Excelに 8 件のデータを展開しました（文字列書式）
[2026-09-28 03:38:52] [INFO] レポート条件入力画面で F1 キーが押下されました。クエリ待機ステータスを開始します。
[2026-09-28 03:38:54] [INFO] _check_is_report_output: 一致！ (クエリ待機中 + レポート区切り線行 6 検出: │─── ────────────────── ─────────── ── ───────────)
[2026-09-28 03:38:54] [INFO] === レポート自動取得・Excel展開ワーカー起動 ===
[2026-09-28 03:38:54] [INFO] レポート取得: 1 ページ目取得完了 (文字数: 1764)
[2026-09-28 03:38:55] [INFO] 継続プロンプトが見当たらないため取得完了と判断
[2026-09-28 03:38:55] [INFO] 全 1 ページの取得完了。パース処理を開始します...
[2026-09-28 03:38:55] [DEBUG] parse_report_text_to_table: 開始 (入力行数=22)
[2026-09-28 03:38:55] [DEBUG] parse_report_text_to_table: 区切り線行を検出 (行インデックス=6): ─── ────────────────── ─────────── ── ────────────── ───────
[2026-09-28 03:38:55] [INFO] parse_report_text_to_table: 固定長パース成功 (列数=7, データ行数=9)
[2026-09-28 03:38:55] [INFO] パース成功: カラム数=7, データ行数=9
[2026-09-28 03:38:55] [INFO] paste_to_new_excel: 開始 (行数=10, 列数=7, タイトル=QAD_Report)
[2026-09-28 03:38:55] [INFO] レポート条件入力画面で F1 キーが押下されました。クエリ待機ステータスを開始します。
[2026-09-28 03:38:55] [INFO] paste_to_new_excel: COM操作成功 - Excelに 9 件のデータを展開しました（文字列書式）
[2026-09-28 03:38:55] [INFO] Excel展開結果: success=True, msg=Excelに 9 件のデータを展開しました（文字列書式）
[2026-09-28 03:39:00] [INFO] _check_is_report_output: 一致！ (区切り線行 6 + データ行 15 行検出)
[2026-09-28 03:39:00] [INFO] === レポート自動取得・Excel展開ワーカー起動 ===
[2026-09-28 03:39:00] [INFO] レポート取得: 1 ページ目取得完了 (文字数: 1764)
[2026-09-28 03:39:00] [INFO] 継続プロンプトが見当たらないため取得完了と判断
[2026-09-28 03:39:00] [INFO] 全 1 ページの取得完了。パース処理を開始します...
[2026-09-28 03:39:00] [DEBUG] parse_report_text_to_table: 開始 (入力行数=22)
[2026-09-28 03:39:00] [DEBUG] parse_report_text_to_table: 区切り線行を検出 (行インデックス=6): ─── ────────────────── ─────────── ── ────────────── ───────
[2026-09-28 03:39:00] [INFO] parse_report_text_to_table: 固定長パース成功 (列数=7, データ行数=9)
[2026-09-28 03:39:00] [INFO] パース成功: カラム数=7, データ行数=9
[2026-09-28 03:39:00] [INFO] paste_to_new_excel: 開始 (行数=10, 列数=7, タイトル=QAD_Report)
[2026-09-28 03:39:01] [INFO] paste_to_new_excel: COM操作成功 - Excelに 9 件のデータを展開しました（文字列書式）
[2026-09-28 03:39:01] [INFO] Excel展開結果: success=True, msg=Excelに 9 件のデータを展開しました（文字列書式）
[2026-09-28 03:39:02] [INFO] レポート条件入力画面で F1 キーが押下されました。クエリ待機ステータスを開始します。
[2026-09-28 03:39:03] [INFO] _check_is_report_output: 一致！ (クエリ待機中 + レポート区切り線行 6 検出: │─── ────────────────── ─────────── ── ───────────)
[2026-09-28 03:39:03] [INFO] === レポート自動取得・Excel展開ワーカー起動 ===
[2026-09-28 03:39:03] [INFO] レポート取得: 1 ページ目取得完了 (文字数: 1698)
[2026-09-28 03:39:03] [INFO] 継続プロンプトが見当たらないため取得完了と判断
[2026-09-28 03:39:03] [INFO] 全 1 ページの取得完了。パース処理を開始します...
[2026-09-28 03:39:03] [DEBUG] parse_report_text_to_table: 開始 (入力行数=21)
[2026-09-28 03:39:03] [DEBUG] parse_report_text_to_table: 区切り線行を検出 (行インデックス=6): ─── ────────────────── ─────────── ── ────────────── ───────
[2026-09-28 03:39:03] [INFO] parse_report_text_to_table: 固定長パース成功 (列数=7, データ行数=8)
[2026-09-28 03:39:03] [INFO] パース成功: カラム数=7, データ行数=8
[2026-09-28 03:39:03] [INFO] paste_to_new_excel: 開始 (行数=9, 列数=7, タイトル=QAD_Report)
[2026-09-28 03:39:04] [INFO] paste_to_new_excel: COM操作成功 - Excelに 8 件のデータを展開しました（文字列書式）
[2026-09-28 03:39:04] [INFO] Excel展開結果: success=True, msg=Excelに 8 件のデータを展開しました（文字列書式）
[2026-09-28 03:39:52] [INFO] レポート条件入力画面で F1 キーが押下されました。クエリ待機ステータスを開始します。
[2026-09-28 03:39:53] [INFO] _check_is_report_output: 一致！ (クエリ待機中 + レポート区切り線行 6 検出: │─── ────────────────── ─────────── ── ───────────)
[2026-09-28 03:39:53] [INFO] === レポート自動取得・Excel展開ワーカー起動 ===
[2026-09-28 03:39:53] [INFO] レポート取得: 1 ページ目取得完了 (文字数: 1864)
[2026-09-28 03:39:53] [INFO] 継続プロンプトが見当たらないため取得完了と判断
[2026-09-28 03:39:53] [INFO] 全 1 ページの取得完了。パース処理を開始します...
[2026-09-28 03:39:53] [DEBUG] parse_report_text_to_table: 開始 (入力行数=24)
[2026-09-28 03:39:53] [DEBUG] parse_report_text_to_table: 区切り線行を検出 (行インデックス=6): ─── ────────────────── ─────────── ── ────────────── ───────
[2026-09-28 03:39:53] [INFO] parse_report_text_to_table: 固定長パース成功 (列数=7, データ行数=11)
[2026-09-28 03:39:53] [INFO] パース成功: カラム数=7, データ行数=11
[2026-09-28 03:39:53] [INFO] paste_to_new_excel: 開始 (行数=12, 列数=7, タイトル=QAD_Report)
[2026-09-28 03:39:54] [INFO] paste_to_new_excel: COM操作成功 - Excelに 11 件のデータを展開しました（文字列書式）
[2026-09-28 03:39:54] [INFO] Excel展開結果: success=True, msg=Excelに 11 件のデータを展開しました（文字列書式）
[2026-09-28 03:40:51] [INFO] レポート条件入力画面で F1 キーが押下されました。クエリ待機ステータスを開始します。
[2026-09-28 03:40:51] [INFO] _check_is_report_output: 一致！ (クエリ待機中 + レポート区切り線行 6 検出: │─── ────────────────── ─────────── ── ───────────)
[2026-09-28 03:40:51] [INFO] === レポート自動取得・Excel展開ワーカー起動 ===
[2026-09-28 03:40:51] [INFO] レポート取得: 1 ページ目取得完了 (文字数: 1577)
[2026-09-28 03:40:51] [INFO] 継続プロンプトが見当たらないため取得完了と判断
[2026-09-28 03:40:51] [INFO] 全 1 ページの取得完了。パース処理を開始します...
[2026-09-28 03:40:51] [DEBUG] parse_report_text_to_table: 開始 (入力行数=22)
[2026-09-28 03:40:51] [DEBUG] parse_report_text_to_table: 区切り線行を検出 (行インデックス=6): ─── ────────────────── ─────────── ── ────────────── ───────
[2026-09-28 03:40:51] [INFO] parse_report_text_to_table: 固定長パース成功 (列数=7, データ行数=4)
[2026-09-28 03:40:51] [INFO] パース成功: カラム数=7, データ行数=4
[2026-09-28 03:40:51] [INFO] paste_to_new_excel: 開始 (行数=5, 列数=7, タイトル=QAD_Report)
[2026-09-28 03:40:52] [INFO] paste_to_new_excel: COM操作成功 - Excelに 4 件のデータを展開しました（文字列書式）
[2026-09-28 03:40:52] [INFO] Excel展開結果: success=True, msg=Excelに 4 件のデータを展開しました（文字列書式）
[2026-09-28 03:43:24] [INFO] _check_is_report_output: 一致！ (区切り線行 6 + データ行 15 行検出)
[2026-09-28 03:43:24] [INFO] === レポート自動取得・Excel展開ワーカー起動 ===
[2026-09-28 03:43:24] [INFO] レポート取得: 1 ページ目取得完了 (文字数: 1601)
[2026-09-28 03:43:25] [INFO] 継続プロンプトが見当たらないため取得完了と判断
[2026-09-28 03:43:25] [INFO] 全 1 ページの取得完了。パース処理を開始します...
[2026-09-28 03:43:25] [DEBUG] parse_report_text_to_table: 開始 (入力行数=22)
[2026-09-28 03:43:25] [DEBUG] parse_report_text_to_table: 区切り線行を検出 (行インデックス=6): ─── ────────────────── ─────────── ── ────────────── ───────
[2026-09-28 03:43:25] [INFO] parse_report_text_to_table: 固定長パース成功 (列数=7, データ行数=4)
[2026-09-28 03:43:25] [INFO] パース成功: カラム数=7, データ行数=4
[2026-09-28 03:43:25] [INFO] paste_to_new_excel: 開始 (行数=5, 列数=7, タイトル=QAD_Report)
[2026-09-28 03:43:25] [INFO] paste_to_new_excel: COM操作成功 - Excelに 4 件のデータを展開しました（文字列書式）
[2026-09-28 03:43:25] [INFO] Excel展開結果: success=True, msg=Excelに 4 件のデータを展開しました（文字列書式）
[2026-09-28 03:43:32] [INFO] _check_is_report_output: 一致！ (区切り線行 6 + データ行 15 行検出)
[2026-09-28 03:43:32] [INFO] === レポート自動取得・Excel展開ワーカー起動 ===
[2026-09-28 03:43:32] [INFO] レポート取得: 1 ページ目取得完了 (文字数: 1600)
[2026-09-28 03:43:32] [INFO] 継続プロンプトが見当たらないため取得完了と判断
[2026-09-28 03:43:32] [INFO] 全 1 ページの取得完了。パース処理を開始します...
[2026-09-28 03:43:32] [DEBUG] parse_report_text_to_table: 開始 (入力行数=22)
[2026-09-28 03:43:32] [DEBUG] parse_report_text_to_table: 区切り線行を検出 (行インデックス=6): ─── ────────────────── ─────────── ── ────────────── ───────
[2026-09-28 03:43:32] [INFO] parse_report_text_to_table: 固定長パース成功 (列数=7, データ行数=5)
[2026-09-28 03:43:32] [INFO] パース成功: カラム数=7, データ行数=5
[2026-09-28 03:43:32] [INFO] paste_to_new_excel: 開始 (行数=6, 列数=7, タイトル=QAD_Report)
[2026-09-28 03:43:32] [INFO] paste_to_new_excel: COM操作成功 - Excelに 5 件のデータを展開しました（文字列書式）
[2026-09-28 03:43:32] [INFO] Excel展開結果: success=True, msg=Excelに 5 件のデータを展開しました（文字列書式）
[2026-09-28 03:43:53] [INFO] レポート条件入力画面で F1 キーが押下されました。クエリ待機ステータスを開始します。
[2026-09-28 03:46:03] [INFO] _check_is_report_output: 一致！ (クエリ待機中 + レポート区切り線行 6 検出: │─── ────────────────── ─────────── ── ───────────)
[2026-09-28 03:46:03] [INFO] === レポート自動取得・Excel展開ワーカー起動 ===
[2026-09-28 03:46:03] [INFO] レポート取得: 1 ページ目取得完了 (文字数: 1616)
[2026-09-28 03:46:03] [INFO] 継続プロンプトが見当たらないため取得完了と判断
[2026-09-28 03:46:03] [INFO] 全 1 ページの取得完了。パース処理を開始します...
[2026-09-28 03:46:04] [DEBUG] parse_report_text_to_table: 開始 (入力行数=22)
[2026-09-28 03:46:04] [DEBUG] parse_report_text_to_table: 区切り線行を検出 (行インデックス=6): ─── ────────────────── ─────────── ── ────────────── ───────
[2026-09-28 03:46:04] [INFO] parse_report_text_to_table: 固定長パース成功 (列数=7, データ行数=5)
[2026-09-28 03:46:04] [INFO] パース成功: カラム数=7, データ行数=5
[2026-09-28 03:46:04] [INFO] paste_to_new_excel: 開始 (行数=6, 列数=7, タイトル=QAD_Report)
[2026-09-28 03:46:04] [INFO] paste_to_new_excel: COM操作成功 - Excelに 5 件のデータを展開しました（文字列書式）
[2026-09-28 03:46:04] [INFO] Excel展開結果: success=True, msg=Excelに 5 件のデータを展開しました（文字列書式）
[2026-09-28 03:48:58] [INFO] レポート条件入力画面で F1 キーが押下されました。クエリ待機ステータスを開始します。
[2026-09-28 03:48:59] [INFO] _check_is_report_output: 一致！ (クエリ待機中 + レポート区切り線行 6 検出: │─── ────────────────── ─────────── ── ───────────)
[2026-09-28 03:48:59] [INFO] === レポート自動取得・Excel展開ワーカー起動 ===
[2026-09-28 03:48:59] [INFO] レポート取得: 1 ページ目取得完了 (文字数: 1590)
[2026-09-28 03:48:59] [INFO] 継続プロンプトが見当たらないため取得完了と判断
[2026-09-28 03:48:59] [INFO] 全 1 ページの取得完了。パース処理を開始します...
[2026-09-28 03:48:59] [DEBUG] parse_report_text_to_table: 開始 (入力行数=21)
[2026-09-28 03:48:59] [DEBUG] parse_report_text_to_table: 区切り線行を検出 (行インデックス=6): ─── ────────────────── ─────────── ── ────────────── ───────
[2026-09-28 03:48:59] [INFO] parse_report_text_to_table: 固定長パース成功 (列数=7, データ行数=4)
[2026-09-28 03:48:59] [INFO] パース成功: カラム数=7, データ行数=4
[2026-09-28 03:48:59] [INFO] paste_to_new_excel: 開始 (行数=5, 列数=7, タイトル=QAD_Report)
[2026-09-28 03:49:00] [INFO] paste_to_new_excel: COM操作成功 - Excelに 4 件のデータを展開しました（文字列書式）
[2026-09-28 03:49:00] [INFO] Excel展開結果: success=True, msg=Excelに 4 件のデータを展開しました（文字列書式）
[2026-09-28 03:51:48] [INFO] _check_is_report_output: 一致！ (区切り線行 2 + データ行 18 行検出)
[2026-09-28 03:51:48] [INFO] === レポート自動取得・Excel展開ワーカー起動 ===
[2026-09-28 03:51:48] [INFO] レポート取得: 1 ページ目取得完了 (文字数: 1574)
[2026-09-28 03:51:48] [INFO] 継続プロンプトが見当たらないため取得完了と判断
[2026-09-28 03:51:48] [INFO] 全 1 ページの取得完了。パース処理を開始します...
[2026-09-28 03:51:48] [DEBUG] parse_report_text_to_table: 開始 (入力行数=21)
[2026-09-28 03:51:48] [DEBUG] parse_report_text_to_table: 区切り線行を検出 (行インデックス=2): Sales Order: SO199302 Sol ─── ─ ──────── ───────── ─────────
[2026-09-28 03:51:48] [INFO] parse_report_text_to_table: 固定長パース成功 (列数=5, データ行数=5)
[2026-09-28 03:51:48] [INFO] パース成功: カラム数=5, データ行数=5
[2026-09-28 03:51:48] [INFO] paste_to_new_excel: 開始 (行数=6, 列数=5, タイトル=QAD_Report)
[2026-09-28 03:51:49] [INFO] paste_to_new_excel: COM操作成功 - Excelに 5 件のデータを展開しました（文字列書式）
[2026-09-28 03:51:49] [INFO] Excel展開結果: success=True, msg=Excelに 5 件のデータを展開しました（文字列書式）
[2026-09-28 03:52:56] [INFO] _check_is_report_output: 一致！ (区切り線行 2 + データ行 18 行検出)
[2026-09-28 03:52:56] [INFO] === レポート自動取得・Excel展開ワーカー起動 ===
[2026-09-28 03:52:56] [INFO] レポート取得: 1 ページ目取得完了 (文字数: 1590)
[2026-09-28 03:52:56] [INFO] 継続プロンプトが見当たらないため取得完了と判断
[2026-09-28 03:52:56] [INFO] 全 1 ページの取得完了。パース処理を開始します...
[2026-09-28 03:52:56] [DEBUG] parse_report_text_to_table: 開始 (入力行数=21)
[2026-09-28 03:52:56] [DEBUG] parse_report_text_to_table: 区切り線行を検出 (行インデックス=2): Sales Order: SO199302 Sol ─── ─ ──────── ───────── ─────────
[2026-09-28 03:52:56] [INFO] parse_report_text_to_table: 固定長パース成功 (列数=5, データ行数=5)
[2026-09-28 03:52:56] [INFO] パース成功: カラム数=5, データ行数=5
[2026-09-28 03:52:56] [INFO] paste_to_new_excel: 開始 (行数=6, 列数=5, タイトル=QAD_Report)
[2026-09-28 03:52:57] [INFO] paste_to_new_excel: COM操作成功 - Excelに 5 件のデータを展開しました（文字列書式）
[2026-09-28 03:52:57] [INFO] Excel展開結果: success=True, msg=Excelに 5 件のデータを展開しました（文字列書式）
[2026-09-28 03:53:07] [INFO] _check_is_report_output: 一致！ (区切り線行 2 + データ行 19 行検出)
[2026-09-28 03:53:07] [INFO] === レポート自動取得・Excel展開ワーカー起動 ===
[2026-09-28 03:53:07] [INFO] レポート取得: 1 ページ目取得完了 (文字数: 1643)
[2026-09-28 03:53:08] [INFO] 継続プロンプトが見当たらないため取得完了と判断
[2026-09-28 03:53:08] [INFO] 全 1 ページの取得完了。パース処理を開始します...
[2026-09-28 03:53:08] [DEBUG] parse_report_text_to_table: 開始 (入力行数=22)
[2026-09-28 03:53:08] [DEBUG] parse_report_text_to_table: 区切り線行を検出 (行インデックス=2): Sales Order: SO199302 Sol ─── ─ ──────── ───────── ─────────
[2026-09-28 03:53:08] [INFO] parse_report_text_to_table: 固定長パース成功 (列数=5, データ行数=6)
[2026-09-28 03:53:08] [INFO] パース成功: カラム数=5, データ行数=6
[2026-09-28 03:53:08] [INFO] paste_to_new_excel: 開始 (行数=7, 列数=5, タイトル=QAD_Report)
[2026-09-28 03:53:08] [INFO] paste_to_new_excel: COM操作成功 - Excelに 6 件のデータを展開しました（文字列書式）
[2026-09-28 03:53:08] [INFO] Excel展開結果: success=True, msg=Excelに 6 件のデータを展開しました（文字列書式）
[2026-09-28 03:54:18] [INFO] _check_is_report_output: 一致！ (区切り線行 2 + データ行 19 行検出)
[2026-09-28 03:54:18] [INFO] === レポート自動取得・Excel展開ワーカー起動 ===
[2026-09-28 03:54:18] [INFO] レポート取得: 1 ページ目取得完了 (文字数: 1659)
[2026-09-28 03:54:18] [INFO] 継続プロンプトが見当たらないため取得完了と判断
[2026-09-28 03:54:18] [INFO] 全 1 ページの取得完了。パース処理を開始します...
[2026-09-28 03:54:18] [DEBUG] parse_report_text_to_table: 開始 (入力行数=22)
[2026-09-28 03:54:18] [DEBUG] parse_report_text_to_table: 区切り線行を検出 (行インデックス=2): Sales Order: SO199302 Sol ─── ─ ──────── ───────── ─────────
[2026-09-28 03:54:18] [INFO] parse_report_text_to_table: 固定長パース成功 (列数=5, データ行数=6)
[2026-09-28 03:54:18] [INFO] パース成功: カラム数=5, データ行数=6
[2026-09-28 03:54:18] [INFO] paste_to_new_excel: 開始 (行数=7, 列数=5, タイトル=QAD_Report)
[2026-09-28 03:54:19] [INFO] paste_to_new_excel: COM操作成功 - Excelに 6 件のデータを展開しました（文字列書式）
[2026-09-28 03:54:19] [INFO] Excel展開結果: success=True, msg=Excelに 6 件のデータを展開しました（文字列書式）
[2026-09-28 03:56:53] [INFO] _check_is_report_output: 一致！ (区切り線行 2 + データ行 19 行検出)
[2026-09-28 03:56:53] [INFO] === レポート自動取得・Excel展開ワーカー起動 ===
[2026-09-28 03:56:53] [INFO] レポート取得: 1 ページ目取得完了 (文字数: 1588)
[2026-09-28 03:56:53] [INFO] 継続プロンプトが見当たらないため取得完了と判断
[2026-09-28 03:56:53] [INFO] 全 1 ページの取得完了。パース処理を開始します...
[2026-09-28 03:56:53] [DEBUG] parse_report_text_to_table: 開始 (入力行数=22)
[2026-09-28 03:56:53] [DEBUG] parse_report_text_to_table: 区切り線行を検出 (行インデックス=2): Sales Order: SO199302 Sol ─── ─ ──────── ───────── ─────────
[2026-09-28 03:56:53] [INFO] parse_report_text_to_table: 固定長パース成功 (列数=5, データ行数=5)
[2026-09-28 03:56:53] [INFO] パース成功: カラム数=5, データ行数=5
[2026-09-28 03:56:53] [INFO] paste_to_new_excel: 開始 (行数=6, 列数=5, タイトル=QAD_Report)
[2026-09-28 03:56:54] [INFO] paste_to_new_excel: COM操作成功 - Excelに 5 件のデータを展開しました（文字列書式）
[2026-09-28 03:56:54] [INFO] Excel展開結果: success=True, msg=Excelに 5 件のデータを展開しました（文字列書式）
[2026-09-28 03:58:29] [INFO] 入力欄クリック検知: 現在=InputField(row=21, cols=22..25)(左列=True) -> 宛先=InputField(row=21, cols=22..25)(左列=True), クリック列=27
[2026-09-28 04:00:02] [INFO] 入力欄クリック検知: 現在=InputField(row=21, cols=22..25)(左列=True) -> 宛先=InputField(row=21, cols=22..25)(左列=True), クリック列=26
[2026-09-28 04:00:04] [INFO] _check_is_report_output: 一致！ (区切り線行 2 + データ行 19 行検出)
[2026-09-28 04:00:04] [INFO] === レポート自動取得・Excel展開ワーカー起動 ===
[2026-09-28 04:00:04] [INFO] レポート取得: 1 ページ目取得完了 (文字数: 1587)
[2026-09-28 04:00:04] [INFO] 継続プロンプトが見当たらないため取得完了と判断
[2026-09-28 04:00:04] [INFO] 全 1 ページの取得完了。パース処理を開始します...
[2026-09-28 04:00:04] [DEBUG] parse_report_text_to_table: 開始 (入力行数=22)
[2026-09-28 04:00:04] [DEBUG] parse_report_text_to_table: 区切り線行を検出 (行インデックス=2): Sales Order: SO199302 Sol ─── ─ ──────── ───────── ─────────
[2026-09-28 04:00:04] [INFO] parse_report_text_to_table: 固定長パース成功 (列数=5, データ行数=5)
[2026-09-28 04:00:04] [INFO] パース成功: カラム数=5, データ行数=5
[2026-09-28 04:00:04] [INFO] paste_to_new_excel: 開始 (行数=6, 列数=5, タイトル=QAD_Report)
[2026-09-28 04:00:05] [INFO] paste_to_new_excel: COM操作成功 - Excelに 5 件のデータを展開しました（文字列書式）
[2026-09-28 04:00:05] [INFO] Excel展開結果: success=True, msg=Excelに 5 件のデータを展開しました（文字列書式）
[2026-09-28 04:00:23] [INFO] _check_is_report_output: 一致！ (区切り線行 2 + データ行 18 行検出)
[2026-09-28 04:00:23] [INFO] === レポート自動取得・Excel展開ワーカー起動 ===
[2026-09-28 04:00:23] [INFO] レポート取得: 1 ページ目取得完了 (文字数: 1574)
[2026-09-28 04:00:23] [INFO] 継続プロンプトが見当たらないため取得完了と判断
[2026-09-28 04:00:23] [INFO] 全 1 ページの取得完了。パース処理を開始します...
[2026-09-28 04:00:23] [DEBUG] parse_report_text_to_table: 開始 (入力行数=21)
[2026-09-28 04:00:23] [DEBUG] parse_report_text_to_table: 区切り線行を検出 (行インデックス=2): Sales Order: SO199302 Sol ─── ─ ──────── ───────── ─────────
[2026-09-28 04:00:23] [INFO] parse_report_text_to_table: 固定長パース成功 (列数=5, データ行数=5)
[2026-09-28 04:00:23] [INFO] パース成功: カラム数=5, データ行数=5
[2026-09-28 04:00:23] [INFO] paste_to_new_excel: 開始 (行数=6, 列数=5, タイトル=QAD_Report)
[2026-09-28 04:00:24] [INFO] paste_to_new_excel: COM操作成功 - Excelに 5 件のデータを展開しました（文字列書式）
[2026-09-28 04:00:24] [INFO] Excel展開結果: success=True, msg=Excelに 5 件のデータを展開しました（文字列書式）
[2026-09-28 04:00:28] [INFO] _check_is_report_output: 一致！ (区切り線行 2 + データ行 18 行検出)
[2026-09-28 04:00:28] [INFO] === レポート自動取得・Excel展開ワーカー起動 ===
[2026-09-28 04:00:28] [INFO] レポート取得: 1 ページ目取得完了 (文字数: 1574)
[2026-09-28 04:00:28] [INFO] 継続プロンプトが見当たらないため取得完了と判断
[2026-09-28 04:00:28] [INFO] 全 1 ページの取得完了。パース処理を開始します...
[2026-09-28 04:00:28] [DEBUG] parse_report_text_to_table: 開始 (入力行数=21)
[2026-09-28 04:00:28] [DEBUG] parse_report_text_to_table: 区切り線行を検出 (行インデックス=2): Sales Order: SO199302 Sol ─── ─ ──────── ───────── ─────────
[2026-09-28 04:00:28] [INFO] parse_report_text_to_table: 固定長パース成功 (列数=5, データ行数=5)
[2026-09-28 04:00:28] [INFO] パース成功: カラム数=5, データ行数=5
[2026-09-28 04:00:28] [INFO] paste_to_new_excel: 開始 (行数=6, 列数=5, タイトル=QAD_Report)
[2026-09-28 04:00:29] [INFO] paste_to_new_excel: COM操作成功 - Excelに 5 件のデータを展開しました（文字列書式）
[2026-09-28 04:00:29] [INFO] Excel展開結果: success=True, msg=Excelに 5 件のデータを展開しました（文字列書式）
[2026-09-28 04:00:50] [INFO] _check_is_report_output: 一致！ (区切り線行 2 + データ行 19 行検出)
[2026-09-28 04:00:50] [INFO] === レポート自動取得・Excel展開ワーカー起動 ===
[2026-09-28 04:00:50] [INFO] レポート取得: 1 ページ目取得完了 (文字数: 1595)
[2026-09-28 04:00:50] [INFO] 継続プロンプトが見当たらないため取得完了と判断
[2026-09-28 04:00:50] [INFO] 全 1 ページの取得完了。パース処理を開始します...
[2026-09-28 04:00:50] [DEBUG] parse_report_text_to_table: 開始 (入力行数=22)
[2026-09-28 04:00:50] [DEBUG] parse_report_text_to_table: 区切り線行を検出 (行インデックス=2): Sales Order: SO199302 Sol ─── ─ ──────── ───────── ─────────
[2026-09-28 04:00:50] [INFO] parse_report_text_to_table: 固定長パース成功 (列数=5, データ行数=5)
[2026-09-28 04:00:50] [INFO] パース成功: カラム数=5, データ行数=5
[2026-09-28 04:00:50] [INFO] paste_to_new_excel: 開始 (行数=6, 列数=5, タイトル=QAD_Report)
[2026-09-28 04:00:51] [INFO] paste_to_new_excel: COM操作成功 - Excelに 5 件のデータを展開しました（文字列書式）
[2026-09-28 04:00:51] [INFO] Excel展開結果: success=True, msg=Excelに 5 件のデータを展開しました（文字列書式）
[2026-09-28 04:01:04] [INFO] _check_is_report_output: 一致！ (区切り線行 2 + データ行 18 行検出)
[2026-09-28 04:01:04] [INFO] === レポート自動取得・Excel展開ワーカー起動 ===
[2026-09-28 04:01:04] [INFO] レポート取得: 1 ページ目取得完了 (文字数: 1563)
[2026-09-28 04:01:04] [INFO] 継続プロンプトが見当たらないため取得完了と判断
[2026-09-28 04:01:04] [INFO] 全 1 ページの取得完了。パース処理を開始します...
[2026-09-28 04:01:04] [DEBUG] parse_report_text_to_table: 開始 (入力行数=21)
[2026-09-28 04:01:04] [DEBUG] parse_report_text_to_table: 区切り線行を検出 (行インデックス=2): Sales Order: SO199302 Sol ─── ─ ──────── ───────── ─────────
[2026-09-28 04:01:04] [INFO] parse_report_text_to_table: 固定長パース成功 (列数=5, データ行数=5)
[2026-09-28 04:01:04] [INFO] パース成功: カラム数=5, データ行数=5
[2026-09-28 04:01:04] [INFO] paste_to_new_excel: 開始 (行数=6, 列数=5, タイトル=QAD_Report)
[2026-09-28 04:01:04] [INFO] paste_to_new_excel: COM操作成功 - Excelに 5 件のデータを展開しました（文字列書式）
[2026-09-28 04:01:04] [INFO] Excel展開結果: success=True, msg=Excelに 5 件のデータを展開しました（文字列書式）
[2026-09-28 04:01:07] [INFO] _check_is_report_output: 一致！ (区切り線行 2 + データ行 19 行検出)
[2026-09-28 04:01:07] [INFO] === レポート自動取得・Excel展開ワーカー起動 ===
[2026-09-28 04:01:07] [INFO] レポート取得: 1 ページ目取得完了 (文字数: 1587)
[2026-09-28 04:01:08] [INFO] 継続プロンプトが見当たらないため取得完了と判断
[2026-09-28 04:01:08] [INFO] 全 1 ページの取得完了。パース処理を開始します...
[2026-09-28 04:01:08] [DEBUG] parse_report_text_to_table: 開始 (入力行数=22)
[2026-09-28 04:01:08] [DEBUG] parse_report_text_to_table: 区切り線行を検出 (行インデックス=2): Sales Order: SO199302 Sol ─── ─ ──────── ───────── ─────────
[2026-09-28 04:01:08] [INFO] parse_report_text_to_table: 固定長パース成功 (列数=5, データ行数=5)
[2026-09-28 04:01:08] [INFO] パース成功: カラム数=5, データ行数=5
[2026-09-28 04:01:08] [INFO] paste_to_new_excel: 開始 (行数=6, 列数=5, タイトル=QAD_Report)
[2026-09-28 04:01:08] [INFO] paste_to_new_excel: COM操作成功 - Excelに 5 件のデータを展開しました（文字列書式）
[2026-09-28 04:01:08] [INFO] Excel展開結果: success=True, msg=Excelに 5 件のデータを展開しました（文字列書式）
[2026-09-28 04:01:58] [INFO] _check_is_report_output: 一致！ (区切り線行 2 + データ行 19 行検出)
[2026-09-28 04:01:58] [INFO] === レポート自動取得・Excel展開ワーカー起動 ===
[2026-09-28 04:01:58] [INFO] レポート取得: 1 ページ目取得完了 (文字数: 1601)
[2026-09-28 04:01:58] [INFO] 継続プロンプトが見当たらないため取得完了と判断
[2026-09-28 04:01:58] [INFO] 全 1 ページの取得完了。パース処理を開始します...
[2026-09-28 04:01:58] [DEBUG] parse_report_text_to_table: 開始 (入力行数=22)
[2026-09-28 04:01:58] [DEBUG] parse_report_text_to_table: 区切り線行を検出 (行インデックス=2): Sales Order: SO199302 Sol ─── ─ ──────── ───────── ─────────
[2026-09-28 04:01:58] [INFO] parse_report_text_to_table: 固定長パース成功 (列数=5, データ行数=5)
[2026-09-28 04:01:58] [INFO] パース成功: カラム数=5, データ行数=5
[2026-09-28 04:01:58] [INFO] paste_to_new_excel: 開始 (行数=6, 列数=5, タイトル=QAD_Report)
[2026-09-28 04:01:58] [INFO] paste_to_new_excel: COM操作成功 - Excelに 5 件のデータを展開しました（文字列書式）
[2026-09-28 04:01:58] [INFO] Excel展開結果: success=True, msg=Excelに 5 件のデータを展開しました（文字列書式）
[2026-09-28 04:02:02] [INFO] _check_is_report_output: 一致！ (区切り線行 2 + データ行 19 行検出)
[2026-09-28 04:02:02] [INFO] === レポート自動取得・Excel展開ワーカー起動 ===
[2026-09-28 04:02:02] [INFO] レポート取得: 1 ページ目取得完了 (文字数: 1587)
[2026-09-28 04:02:02] [INFO] 継続プロンプトが見当たらないため取得完了と判断
[2026-09-28 04:02:02] [INFO] 全 1 ページの取得完了。パース処理を開始します...
[2026-09-28 04:02:02] [DEBUG] parse_report_text_to_table: 開始 (入力行数=22)
[2026-09-28 04:02:02] [DEBUG] parse_report_text_to_table: 区切り線行を検出 (行インデックス=2): Sales Order: SO199302 Sol ─── ─ ──────── ───────── ─────────
[2026-09-28 04:02:02] [INFO] parse_report_text_to_table: 固定長パース成功 (列数=5, データ行数=5)
[2026-09-28 04:02:02] [INFO] パース成功: カラム数=5, データ行数=5
[2026-09-28 04:02:02] [INFO] paste_to_new_excel: 開始 (行数=6, 列数=5, タイトル=QAD_Report)
[2026-09-28 04:02:03] [INFO] paste_to_new_excel: COM操作成功 - Excelに 5 件のデータを展開しました（文字列書式）
[2026-09-28 04:02:03] [INFO] Excel展開結果: success=True, msg=Excelに 5 件のデータを展開しました（文字列書式）
[2026-09-28 04:02:10] [INFO] HOME画面復帰: F4 を送信します (step 1)
[2026-09-28 04:02:10] [INFO] _check_is_report_output: 一致！ (区切り線行 2 + データ行 18 行検出)
[2026-09-28 04:02:10] [INFO] === レポート自動取得・Excel展開ワーカー起動 ===
[2026-09-28 04:02:10] [INFO] レポート取得: 1 ページ目取得完了 (文字数: 1563)
[2026-09-28 04:02:10] [INFO] 継続プロンプトが見当たらないため取得完了と判断
[2026-09-28 04:02:10] [INFO] 全 1 ページの取得完了。パース処理を開始します...
[2026-09-28 04:02:10] [DEBUG] parse_report_text_to_table: 開始 (入力行数=21)
[2026-09-28 04:02:10] [DEBUG] parse_report_text_to_table: 区切り線行を検出 (行インデックス=2): Sales Order: SO199302 Sol ─── ─ ──────── ───────── ─────────
[2026-09-28 04:02:10] [INFO] parse_report_text_to_table: 固定長パース成功 (列数=5, データ行数=5)
[2026-09-28 04:02:10] [INFO] パース成功: カラム数=5, データ行数=5
[2026-09-28 04:02:10] [INFO] paste_to_new_excel: 開始 (行数=6, 列数=5, タイトル=QAD_Report)
[2026-09-28 04:02:11] [INFO] paste_to_new_excel: COM操作成功 - Excelに 5 件のデータを展開しました（文字列書式）
[2026-09-28 04:02:11] [INFO] Excel展開結果: success=True, msg=Excelに 5 件のデータを展開しました（文字列書式）
[2026-09-28 04:02:11] [INFO] HOME画面復帰: F4 を送信します (step 2)
[2026-09-28 04:02:13] [INFO] HOME画面復帰: F4 を送信します (step 3)
[2026-09-28 04:02:21] [INFO] _check_is_report_output: 一致！ (区切り線行 6 + データ行 2 行検出)
[2026-09-28 04:02:21] [INFO] === レポート自動取得・Excel展開ワーカー起動 ===
[2026-09-28 04:02:21] [INFO] レポート取得: 1 ページ目取得完了 (文字数: 726)
[2026-09-28 04:02:21] [INFO] 継続プロンプトが見当たらないため取得完了と判断
[2026-09-28 04:02:21] [INFO] 全 1 ページの取得完了。パース処理を開始します...
[2026-09-28 04:02:21] [DEBUG] parse_report_text_to_table: 開始 (入力行数=9)
[2026-09-28 04:02:21] [DEBUG] parse_report_text_to_table: 区切り線行を検出 (行インデックス=6): ─── ────────────────── ─────────── ── ────────────── ───────
[2026-09-28 04:02:21] [INFO] parse_report_text_to_table: 固定長パース成功 (列数=7, データ行数=1)
[2026-09-28 04:02:21] [INFO] パース成功: カラム数=7, データ行数=1
[2026-09-28 04:02:21] [INFO] paste_to_new_excel: 開始 (行数=2, 列数=7, タイトル=QAD_Report)
[2026-09-28 04:02:22] [INFO] paste_to_new_excel: COM操作成功 - Excelに 1 件のデータを展開しました（文字列書式）
[2026-09-28 04:02:22] [INFO] Excel展開結果: success=True, msg=Excelに 1 件のデータを展開しました（文字列書式）
[2026-09-28 04:02:26] [INFO] _check_is_report_output: 一致！ (区切り線行 6 + データ行 16 行検出)
[2026-09-28 04:02:26] [INFO] === レポート自動取得・Excel展開ワーカー起動 ===
[2026-09-28 04:02:26] [INFO] レポート取得: 1 ページ目取得完了 (文字数: 1785)
[2026-09-28 04:02:26] [INFO] 継続プロンプトが見当たらないため取得完了と判断
[2026-09-28 04:02:26] [INFO] 全 1 ページの取得完了。パース処理を開始します...
[2026-09-28 04:02:26] [DEBUG] parse_report_text_to_table: 開始 (入力行数=23)
[2026-09-28 04:02:26] [DEBUG] parse_report_text_to_table: 区切り線行を検出 (行インデックス=6): ─── ────────────────── ─────────── ── ────────────── ───────
[2026-09-28 04:02:26] [INFO] parse_report_text_to_table: 固定長パース成功 (列数=7, データ行数=10)
[2026-09-28 04:02:26] [INFO] パース成功: カラム数=7, データ行数=10
[2026-09-28 04:02:26] [INFO] paste_to_new_excel: 開始 (行数=11, 列数=7, タイトル=QAD_Report)
[2026-09-28 04:02:27] [INFO] paste_to_new_excel: COM操作成功 - Excelに 10 件のデータを展開しました（文字列書式）
[2026-09-28 04:02:27] [INFO] Excel展開結果: success=True, msg=Excelに 10 件のデータを展開しました（文字列書式）
[2026-09-28 04:02:40] [INFO] _check_is_report_output: 一致！ (区切り線行 6 + データ行 15 行検出)
[2026-09-28 04:02:40] [INFO] === レポート自動取得・Excel展開ワーカー起動 ===
[2026-09-28 04:02:40] [INFO] レポート取得: 1 ページ目取得完了 (文字数: 1751)
[2026-09-28 04:02:40] [INFO] 継続プロンプトが見当たらないため取得完了と判断
[2026-09-28 04:02:40] [INFO] 全 1 ページの取得完了。パース処理を開始します...
[2026-09-28 04:02:40] [DEBUG] parse_report_text_to_table: 開始 (入力行数=22)
[2026-09-28 04:02:40] [DEBUG] parse_report_text_to_table: 区切り線行を検出 (行インデックス=6): ─── ──────────  ────────  ──────── ── ────────────── ───────
[2026-09-28 04:02:40] [INFO] parse_report_text_to_table: 固定長パース成功 (列数=8, データ行数=9)
[2026-09-28 04:02:40] [INFO] パース成功: カラム数=8, データ行数=9
[2026-09-28 04:02:40] [INFO] paste_to_new_excel: 開始 (行数=10, 列数=8, タイトル=QAD_Report)
[2026-09-28 04:02:41] [INFO] paste_to_new_excel: COM操作成功 - Excelに 9 件のデータを展開しました（文字列書式）
[2026-09-28 04:02:41] [INFO] Excel展開結果: success=True, msg=Excelに 9 件のデータを展開しました（文字列書式）
[2026-09-28 04:02:44] [INFO] _check_is_report_output: 一致！ (区切り線行 6 + データ行 15 行検出)
[2026-09-28 04:02:44] [INFO] === レポート自動取得・Excel展開ワーカー起動 ===
[2026-09-28 04:02:44] [INFO] レポート取得: 1 ページ目取得完了 (文字数: 1764)
[2026-09-28 04:02:45] [INFO] 継続プロンプトが見当たらないため取得完了と判断
[2026-09-28 04:02:45] [INFO] 全 1 ページの取得完了。パース処理を開始します...
[2026-09-28 04:02:45] [DEBUG] parse_report_text_to_table: 開始 (入力行数=22)
[2026-09-28 04:02:45] [DEBUG] parse_report_text_to_table: 区切り線行を検出 (行インデックス=6): ─── ────────────────── ─────────── ── ────────────── ───────
[2026-09-28 04:02:45] [INFO] parse_report_text_to_table: 固定長パース成功 (列数=7, データ行数=9)
[2026-09-28 04:02:45] [INFO] パース成功: カラム数=7, データ行数=9
[2026-09-28 04:02:45] [INFO] paste_to_new_excel: 開始 (行数=10, 列数=7, タイトル=QAD_Report)
[2026-09-28 04:02:45] [INFO] paste_to_new_excel: COM操作成功 - Excelに 9 件のデータを展開しました（文字列書式）
[2026-09-28 04:02:45] [INFO] Excel展開結果: success=True, msg=Excelに 9 件のデータを展開しました（文字列書式）
[2026-09-28 04:02:50] [INFO] _check_is_report_output: 一致！ (区切り線行 6 + データ行 9 行検出)
[2026-09-28 04:02:50] [INFO] === レポート自動取得・Excel展開ワーカー起動 ===
[2026-09-28 04:02:50] [INFO] レポート取得: 1 ページ目取得完了 (文字数: 1254)
[2026-09-28 04:02:51] [INFO] 継続プロンプトが見当たらないため取得完了と判断
[2026-09-28 04:02:51] [INFO] 全 1 ページの取得完了。パース処理を開始します...
[2026-09-28 04:02:51] [DEBUG] parse_report_text_to_table: 開始 (入力行数=16)
[2026-09-28 04:02:51] [DEBUG] parse_report_text_to_table: 区切り線行を検出 (行インデックス=6): ─── ────────────────── ─────────── ── ────────────── ───────
[2026-09-28 04:02:51] [INFO] parse_report_text_to_table: 固定長パース成功 (列数=7, データ行数=7)
[2026-09-28 04:02:51] [INFO] パース成功: カラム数=7, データ行数=7
[2026-09-28 04:02:51] [INFO] paste_to_new_excel: 開始 (行数=8, 列数=7, タイトル=QAD_Report)
[2026-09-28 04:02:51] [INFO] paste_to_new_excel: COM操作成功 - Excelに 7 件のデータを展開しました（文字列書式）
[2026-09-28 04:02:51] [INFO] Excel展開結果: success=True, msg=Excelに 7 件のデータを展開しました（文字列書式）
[2026-09-28 04:03:25] [INFO] ======================================================================
[2026-09-28 04:03:25] [INFO] QAD Modern Terminal 起動 - 2026-09-28 04:03:25
[2026-09-28 04:03:25] [INFO] Python: 3.12.10 (tags/v3.12.10:0cc8128, Apr  8 2025, 12:21:36) [MSC v.1943 64 bit (AMD64)] | 実行パス: C:\Users\0138018\AppData\Local\Programs\Python\Python312\pythonw.exe
[2026-09-28 04:03:25] [INFO] PROJECT_ROOT: C:\Users\0138018\.antigravity\mfgpro_controller
[2026-09-28 04:03:25] [INFO] ======================================================================
[2026-09-28 04:03:31] [INFO] SSH接続確立 (connected) [Tab 1]
[2026-09-28 04:03:31] [INFO] 自動ログイン: Tab 1 のMain Menu自動遷移シーケンスを開始
[2026-09-28 04:03:35] [INFO] 自動ログイン: Tab 1 Main Menu 着弾検知
[2026-09-28 04:03:48] [INFO] レポート条件入力画面で F1 キーが押下されました。クエリ待機ステータスを開始します。
[2026-09-28 04:03:48] [INFO] レポート条件入力画面で F1 キーが押下されました。クエリ待機ステータスを開始します。
[2026-09-28 04:03:49] [INFO] レポート条件入力画面で F1 キーが押下されました。クエリ待機ステータスを開始します。
[2026-09-28 04:03:50] [INFO] レポート条件入力画面で F1 キーが押下されました。クエリ待機ステータスを開始します。
[2026-09-28 04:03:50] [INFO] レポート条件入力画面で F1 キーが押下されました。クエリ待機ステータスを開始します。
[2026-09-28 04:03:51] [INFO] レポート条件入力画面で F1 キーが押下されました。クエリ待機ステータスを開始します。
[2026-09-28 04:03:52] [INFO] レポート条件入力画面で F1 キーが押下されました。クエリ待機ステータスを開始します。
[2026-09-28 04:03:54] [INFO] レポート条件入力画面で F1 キーが押下されました。クエリ待機ステータスを開始します。
[2026-09-28 04:03:56] [INFO] F4押下によりクエリ待機を解除しました
[2026-09-28 04:03:56] [INFO] _check_is_report_output: 一致！ (区切り線行 6 + データ行 2 行検出)
[2026-09-28 04:03:56] [INFO] === レポート自動取得・Excel展開ワーカー起動 ===
[2026-09-28 04:03:56] [INFO] レポート取得: 1 ページ目取得完了 (文字数: 726)
[2026-09-28 04:03:57] [INFO] 継続プロンプトが見当たらないため取得完了と判断
[2026-09-28 04:03:57] [INFO] 全 1 ページの取得完了。パース処理を開始します...
[2026-09-28 04:03:57] [DEBUG] parse_report_text_to_table: 開始 (入力行数=9)
[2026-09-28 04:03:57] [DEBUG] parse_report_text_to_table: 区切り線行を検出 (行インデックス=6): ─── ────────────────── ─────────── ── ────────────── ───────
[2026-09-28 04:03:57] [INFO] parse_report_text_to_table: 固定長パース成功 (列数=7, データ行数=0)
[2026-09-28 04:03:57] [INFO] パース成功: カラム数=7, データ行数=0
[2026-09-28 04:03:57] [INFO] paste_to_new_excel: 開始 (行数=1, 列数=7, タイトル=QAD_Report)
[2026-09-28 04:03:57] [INFO] paste_to_new_excel: COM操作成功 - Excelに 0 件のデータを展開しました（文字列書式）
[2026-09-28 04:03:57] [INFO] Excel展開結果: success=True, msg=Excelに 0 件のデータを展開しました（文字列書式）
[2026-09-28 04:06:05] [INFO] レポート条件入力画面で F1 キーが押下されました。クエリ待機ステータスを開始します。
[2026-09-28 04:06:06] [INFO] レポート条件入力画面で F1 キーが押下されました。クエリ待機ステータスを開始します。
[2026-09-28 04:06:07] [INFO] _check_is_report_output: 一致！ (クエリ待機中 + レポート区切り線行 6 検出: │─── ────────────────── ─────────── ── ───────────)
[2026-09-28 04:06:07] [INFO] === レポート自動取得・Excel展開ワーカー起動 ===
[2026-09-28 04:06:07] [INFO] レポート取得: 1 ページ目取得完了 (文字数: 1764)
[2026-09-28 04:06:07] [INFO] 継続プロンプトが見当たらないため取得完了と判断
[2026-09-28 04:06:07] [INFO] 全 1 ページの取得完了。パース処理を開始します...
[2026-09-28 04:06:07] [DEBUG] parse_report_text_to_table: 開始 (入力行数=22)
[2026-09-28 04:06:07] [DEBUG] parse_report_text_to_table: 区切り線行を検出 (行インデックス=6): ─── ────────────────── ─────────── ── ────────────── ───────
[2026-09-28 04:06:07] [INFO] parse_report_text_to_table: 固定長パース成功 (列数=7, データ行数=9)
[2026-09-28 04:06:07] [INFO] パース成功: カラム数=7, データ行数=9
[2026-09-28 04:06:07] [INFO] paste_to_new_excel: 開始 (行数=10, 列数=7, タイトル=QAD_Report)
[2026-09-28 04:06:08] [INFO] paste_to_new_excel: COM操作成功 - Excelに 9 件のデータを展開しました（文字列書式）
[2026-09-28 04:06:08] [INFO] Excel展開結果: success=True, msg=Excelに 9 件のデータを展開しました（文字列書式）
[2026-09-28 04:06:09] [INFO] レポート条件入力画面で F1 キーが押下されました。クエリ待機ステータスを開始します。
[2026-09-28 04:06:09] [INFO] _check_is_report_output: 一致！ (クエリ待機中 + レポート区切り線行 6 検出: │─── ────────────────── ─────────── ── ───────────)
[2026-09-28 04:06:09] [INFO] === レポート自動取得・Excel展開ワーカー起動 ===
[2026-09-28 04:06:09] [INFO] レポート取得: 1 ページ目取得完了 (文字数: 1764)
[2026-09-28 04:06:09] [INFO] 継続プロンプトが見当たらないため取得完了と判断
[2026-09-28 04:06:09] [INFO] 全 1 ページの取得完了。パース処理を開始します...
[2026-09-28 04:06:09] [DEBUG] parse_report_text_to_table: 開始 (入力行数=22)
[2026-09-28 04:06:09] [DEBUG] parse_report_text_to_table: 区切り線行を検出 (行インデックス=6): ─── ────────────────── ─────────── ── ────────────── ───────
[2026-09-28 04:06:09] [INFO] parse_report_text_to_table: 固定長パース成功 (列数=7, データ行数=9)
[2026-09-28 04:06:09] [INFO] パース成功: カラム数=7, データ行数=9
[2026-09-28 04:06:09] [INFO] paste_to_new_excel: 開始 (行数=10, 列数=7, タイトル=QAD_Report)
[2026-09-28 04:06:10] [INFO] paste_to_new_excel: COM操作成功 - Excelに 9 件のデータを展開しました（文字列書式）
[2026-09-28 04:06:10] [INFO] Excel展開結果: success=True, msg=Excelに 9 件のデータを展開しました（文字列書式）
[2026-09-28 04:06:14] [INFO] _check_is_report_output: 一致！ (区切り線行 6 + データ行 15 行検出)
[2026-09-28 04:06:14] [INFO] === レポート自動取得・Excel展開ワーカー起動 ===
[2026-09-28 04:06:14] [INFO] レポート取得: 1 ページ目取得完了 (文字数: 1764)
[2026-09-28 04:06:14] [INFO] 継続プロンプトが見当たらないため取得完了と判断
[2026-09-28 04:06:14] [INFO] 全 1 ページの取得完了。パース処理を開始します...
[2026-09-28 04:06:14] [DEBUG] parse_report_text_to_table: 開始 (入力行数=22)
[2026-09-28 04:06:14] [DEBUG] parse_report_text_to_table: 区切り線行を検出 (行インデックス=6): ─── ────────────────── ─────────── ── ────────────── ───────
[2026-09-28 04:06:14] [INFO] parse_report_text_to_table: 固定長パース成功 (列数=7, データ行数=9)
[2026-09-28 04:06:14] [INFO] パース成功: カラム数=7, データ行数=9
[2026-09-28 04:06:14] [INFO] paste_to_new_excel: 開始 (行数=10, 列数=7, タイトル=QAD_Report)
[2026-09-28 04:06:14] [INFO] paste_to_new_excel: COM操作成功 - Excelに 9 件のデータを展開しました（文字列書式）
[2026-09-28 04:06:14] [INFO] Excel展開結果: success=True, msg=Excelに 9 件のデータを展開しました（文字列書式）
[2026-09-28 04:06:15] [INFO] レポート条件入力画面で F1 キーが押下されました。クエリ待機ステータスを開始します。
[2026-09-28 04:06:15] [INFO] _check_is_report_output: 一致！ (クエリ待機中 + レポート区切り線行 6 検出: │─── ──────────│ ──────── │──────── ── ───────────)
[2026-09-28 04:06:15] [INFO] === レポート自動取得・Excel展開ワーカー起動 ===
[2026-09-28 04:06:15] [INFO] レポート取得: 1 ページ目取得完了 (文字数: 1751)
[2026-09-28 04:06:15] [INFO] 継続プロンプトが見当たらないため取得完了と判断
[2026-09-28 04:06:15] [INFO] 全 1 ページの取得完了。パース処理を開始します...
[2026-09-28 04:06:15] [DEBUG] parse_report_text_to_table: 開始 (入力行数=22)
[2026-09-28 04:06:15] [DEBUG] parse_report_text_to_table: 区切り線行を検出 (行インデックス=6): ─── ──────────  ────────  ──────── ── ────────────── ───────
[2026-09-28 04:06:15] [INFO] parse_report_text_to_table: 固定長パース成功 (列数=8, データ行数=9)
[2026-09-28 04:06:15] [INFO] パース成功: カラム数=8, データ行数=9
[2026-09-28 04:06:15] [INFO] paste_to_new_excel: 開始 (行数=10, 列数=8, タイトル=QAD_Report)
[2026-09-28 04:06:16] [INFO] レポート条件入力画面で F1 キーが押下されました。クエリ待機ステータスを開始します。
[2026-09-28 04:06:16] [INFO] paste_to_new_excel: COM操作成功 - Excelに 9 件のデータを展開しました（文字列書式）
[2026-09-28 04:06:16] [INFO] Excel展開結果: success=True, msg=Excelに 9 件のデータを展開しました（文字列書式）
[2026-09-28 04:06:17] [INFO] レポート条件入力画面で F1 キーが押下されました。クエリ待機ステータスを開始します。
[2026-09-28 04:06:17] [INFO] _check_is_report_output: 一致！ (クエリ待機中 + レポート区切り線行 6 検出: │─── ────────────────── ─────────── ── ───────────)
[2026-09-28 04:06:17] [INFO] === レポート自動取得・Excel展開ワーカー起動 ===
[2026-09-28 04:06:17] [INFO] レポート取得: 1 ページ目取得完了 (文字数: 1590)
[2026-09-28 04:06:17] [INFO] 継続プロンプトが見当たらないため取得完了と判断
[2026-09-28 04:06:17] [INFO] 全 1 ページの取得完了。パース処理を開始します...
[2026-09-28 04:06:17] [DEBUG] parse_report_text_to_table: 開始 (入力行数=22)
[2026-09-28 04:06:17] [DEBUG] parse_report_text_to_table: 区切り線行を検出 (行インデックス=6): ─── ────────────────── ─────────── ── ────────────── ───────
[2026-09-28 04:06:17] [INFO] parse_report_text_to_table: 固定長パース成功 (列数=7, データ行数=4)
[2026-09-28 04:06:17] [INFO] パース成功: カラム数=7, データ行数=4
[2026-09-28 04:06:17] [INFO] paste_to_new_excel: 開始 (行数=5, 列数=7, タイトル=QAD_Report)
[2026-09-28 04:06:18] [INFO] paste_to_new_excel: COM操作成功 - Excelに 4 件のデータを展開しました（文字列書式）
[2026-09-28 04:06:18] [INFO] Excel展開結果: success=True, msg=Excelに 4 件のデータを展開しました（文字列書式）
[2026-09-28 04:07:26] [INFO] _check_is_report_output: 一致！ (区切り線行 6 + データ行 9 行検出)
[2026-09-28 04:07:26] [INFO] === レポート自動取得・Excel展開ワーカー起動 ===
[2026-09-28 04:07:26] [INFO] レポート取得: 1 ページ目取得完了 (文字数: 1123)
[2026-09-28 04:07:27] [INFO] 継続プロンプトが見当たらないため取得完了と判断
[2026-09-28 04:07:27] [INFO] 全 1 ページの取得完了。パース処理を開始します...
[2026-09-28 04:07:27] [DEBUG] parse_report_text_to_table: 開始 (入力行数=16)
[2026-09-28 04:07:27] [DEBUG] parse_report_text_to_table: 区切り線行を検出 (行インデックス=6): ─── ────────────────── ─────────── ── ────────────── ───────
[2026-09-28 04:07:27] [INFO] parse_report_text_to_table: 固定長パース成功 (列数=7, データ行数=5)
[2026-09-28 04:07:27] [INFO] パース成功: カラム数=7, データ行数=5
[2026-09-28 04:07:27] [INFO] paste_to_new_excel: 開始 (行数=6, 列数=7, タイトル=QAD_Report)
[2026-09-28 04:07:28] [INFO] paste_to_new_excel: COM操作成功 - Excelに 5 件のデータを展開しました（文字列書式）
[2026-09-28 04:07:28] [INFO] Excel展開結果: success=True, msg=Excelに 5 件のデータを展開しました（文字列書式）
[2026-09-28 04:08:46] [INFO] レポート条件入力画面で F1 キーが押下されました。クエリ待機ステータスを開始します。
[2026-09-28 04:08:46] [INFO] _check_is_report_output: 一致！ (クエリ待機中 + レポート区切り線行 6 検出: │─── ────────────────── ─────────── ── ───────────)
[2026-09-28 04:08:46] [INFO] === レポート自動取得・Excel展開ワーカー起動 ===
[2026-09-28 04:08:46] [INFO] レポート取得: 1 ページ目取得完了 (文字数: 1698)
[2026-09-28 04:08:46] [INFO] 継続プロンプトが見当たらないため取得完了と判断
[2026-09-28 04:08:46] [INFO] 全 1 ページの取得完了。パース処理を開始します...
[2026-09-28 04:08:46] [DEBUG] parse_report_text_to_table: 開始 (入力行数=21)
[2026-09-28 04:08:46] [DEBUG] parse_report_text_to_table: 区切り線行を検出 (行インデックス=6): ─── ────────────────── ─────────── ── ────────────── ───────
[2026-09-28 04:08:46] [INFO] parse_report_text_to_table: 固定長パース成功 (列数=7, データ行数=8)
[2026-09-28 04:08:46] [INFO] パース成功: カラム数=7, データ行数=8
[2026-09-28 04:08:46] [INFO] paste_to_new_excel: 開始 (行数=9, 列数=7, タイトル=QAD_Report)
[2026-09-28 04:08:47] [INFO] paste_to_new_excel: COM操作成功 - Excelに 8 件のデータを展開しました（文字列書式）
[2026-09-28 04:08:47] [INFO] Excel展開結果: success=True, msg=Excelに 8 件のデータを展開しました（文字列書式）
[2026-09-28 04:10:38] [INFO] レポート条件入力画面で F1 キーが押下されました。クエリ待機ステータスを開始します。
[2026-09-28 04:10:39] [INFO] _check_is_report_output: 一致！ (クエリ待機中 + レポート区切り線行 6 検出: │─── ────────────────── ─────────── ── ───────────)
[2026-09-28 04:10:39] [INFO] === レポート自動取得・Excel展開ワーカー起動 ===
[2026-09-28 04:10:39] [INFO] レポート取得: 1 ページ目取得完了 (文字数: 1753)
[2026-09-28 04:10:39] [INFO] 継続プロンプトが見当たらないため取得完了と判断
[2026-09-28 04:10:39] [INFO] 全 1 ページの取得完了。パース処理を開始します...
[2026-09-28 04:10:39] [DEBUG] parse_report_text_to_table: 開始 (入力行数=22)
[2026-09-28 04:10:39] [DEBUG] parse_report_text_to_table: 区切り線行を検出 (行インデックス=6): ─── ────────────────── ─────────── ── ────────────── ───────
[2026-09-28 04:10:39] [INFO] parse_report_text_to_table: 固定長パース成功 (列数=7, データ行数=9)
[2026-09-28 04:10:39] [INFO] パース成功: カラム数=7, データ行数=9
[2026-09-28 04:10:39] [INFO] paste_to_new_excel: 開始 (行数=10, 列数=7, タイトル=QAD_Report)
[2026-09-28 04:10:40] [INFO] paste_to_new_excel: COM操作成功 - Excelに 9 件のデータを展開しました（文字列書式）
[2026-09-28 04:10:40] [INFO] Excel展開結果: success=True, msg=Excelに 9 件のデータを展開しました（文字列書式）
[2026-09-28 04:11:25] [INFO] レポート条件入力画面で F1 キーが押下されました。クエリ待機ステータスを開始します。
[2026-09-28 04:11:25] [INFO] _check_is_report_output: 一致！ (クエリ待機中 + レポート区切り線行 6 検出: │─── ────────────────── ─────────── ── ───────────)
[2026-09-28 04:11:25] [INFO] === レポート自動取得・Excel展開ワーカー起動 ===
[2026-09-28 04:11:25] [INFO] レポート取得: 1 ページ目取得完了 (文字数: 1698)
[2026-09-28 04:11:26] [INFO] 継続プロンプトが見当たらないため取得完了と判断
[2026-09-28 04:11:26] [INFO] 全 1 ページの取得完了。パース処理を開始します...
[2026-09-28 04:11:26] [DEBUG] parse_report_text_to_table: 開始 (入力行数=21)
[2026-09-28 04:11:26] [DEBUG] parse_report_text_to_table: 区切り線行を検出 (行インデックス=6): ─── ────────────────── ─────────── ── ────────────── ───────
[2026-09-28 04:11:26] [INFO] parse_report_text_to_table: 固定長パース成功 (列数=7, データ行数=8)
[2026-09-28 04:11:26] [INFO] パース成功: カラム数=7, データ行数=8
[2026-09-28 04:11:26] [INFO] paste_to_new_excel: 開始 (行数=9, 列数=7, タイトル=QAD_Report)
[2026-09-28 04:11:26] [INFO] paste_to_new_excel: COM操作成功 - Excelに 8 件のデータを展開しました（文字列書式）
[2026-09-28 04:11:26] [INFO] Excel展開結果: success=True, msg=Excelに 8 件のデータを展開しました（文字列書式）
[2026-09-28 04:11:39] [INFO] レポート条件入力画面で F1 キーが押下されました。クエリ待機ステータスを開始します。
[2026-09-28 04:11:40] [INFO] _check_is_report_output: 一致！ (クエリ待機中 + レポート区切り線行 6 検出: │─── ────────────────── ─────────── ── ───────────)
[2026-09-28 04:11:40] [INFO] === レポート自動取得・Excel展開ワーカー起動 ===
[2026-09-28 04:11:40] [INFO] レポート取得: 1 ページ目取得完了 (文字数: 1698)
[2026-09-28 04:11:40] [INFO] 継続プロンプトが見当たらないため取得完了と判断
[2026-09-28 04:11:40] [INFO] 全 1 ページの取得完了。パース処理を開始します...
[2026-09-28 04:11:40] [DEBUG] parse_report_text_to_table: 開始 (入力行数=21)
[2026-09-28 04:11:40] [DEBUG] parse_report_text_to_table: 区切り線行を検出 (行インデックス=6): ─── ────────────────── ─────────── ── ────────────── ───────
[2026-09-28 04:11:40] [INFO] parse_report_text_to_table: 固定長パース成功 (列数=7, データ行数=8)
[2026-09-28 04:11:40] [INFO] パース成功: カラム数=7, データ行数=8
[2026-09-28 04:11:40] [INFO] paste_to_new_excel: 開始 (行数=9, 列数=7, タイトル=QAD_Report)
[2026-09-28 04:11:41] [INFO] paste_to_new_excel: COM操作成功 - Excelに 8 件のデータを展開しました（文字列書式）
[2026-09-28 04:11:41] [INFO] Excel展開結果: success=True, msg=Excelに 8 件のデータを展開しました（文字列書式）
[2026-09-28 04:13:28] [INFO] レポート条件入力画面で F1 キーが押下されました。クエリ待機ステータスを開始します。
[2026-09-28 04:13:29] [INFO] _check_is_report_output: 一致！ (クエリ待機中 + レポート区切り線行 6 検出: │─── ────────────────── ─────────── ── ───────────)
[2026-09-28 04:13:29] [INFO] === レポート自動取得・Excel展開ワーカー起動 ===
[2026-09-28 04:13:29] [INFO] レポート取得: 1 ページ目取得完了 (文字数: 1698)
[2026-09-28 04:13:29] [INFO] 継続プロンプトが見当たらないため取得完了と判断
[2026-09-28 04:13:29] [INFO] 全 1 ページの取得完了。パース処理を開始します...
[2026-09-28 04:13:29] [DEBUG] parse_report_text_to_table: 開始 (入力行数=21)
[2026-09-28 04:13:29] [DEBUG] parse_report_text_to_table: 区切り線行を検出 (行インデックス=6): ─── ────────────────── ─────────── ── ────────────── ───────
[2026-09-28 04:13:29] [INFO] parse_report_text_to_table: 固定長パース成功 (列数=7, データ行数=8)
[2026-09-28 04:13:29] [INFO] パース成功: カラム数=7, データ行数=8
[2026-09-28 04:13:29] [INFO] paste_to_new_excel: 開始 (行数=9, 列数=7, タイトル=QAD_Report)
[2026-09-28 04:13:30] [INFO] paste_to_new_excel: COM操作成功 - Excelに 8 件のデータを展開しました（文字列書式）
[2026-09-28 04:13:30] [INFO] Excel展開結果: success=True, msg=Excelに 8 件のデータを展開しました（文字列書式）
[2026-09-28 04:14:37] [INFO] _check_is_report_output: 一致！ (区切り線行 6 + データ行 14 行検出)
[2026-09-28 04:14:37] [INFO] === レポート自動取得・Excel展開ワーカー起動 ===
[2026-09-28 04:14:37] [INFO] レポート取得: 1 ページ目取得完了 (文字数: 1698)
[2026-09-28 04:14:37] [INFO] 継続プロンプトが見当たらないため取得完了と判断
[2026-09-28 04:14:37] [INFO] 全 1 ページの取得完了。パース処理を開始します...
[2026-09-28 04:14:37] [DEBUG] parse_report_text_to_table: 開始 (入力行数=21)
[2026-09-28 04:14:37] [DEBUG] parse_report_text_to_table: 区切り線行を検出 (行インデックス=6): ─── ────────────────── ─────────── ── ────────────── ───────
[2026-09-28 04:14:37] [INFO] parse_report_text_to_table: 固定長パース成功 (列数=7, データ行数=8)
[2026-09-28 04:14:37] [INFO] パース成功: カラム数=7, データ行数=8
[2026-09-28 04:14:37] [INFO] paste_to_new_excel: 開始 (行数=9, 列数=7, タイトル=QAD_Report)
[2026-09-28 04:14:38] [INFO] paste_to_new_excel: COM操作成功 - Excelに 8 件のデータを展開しました（文字列書式）
[2026-09-28 04:14:38] [INFO] Excel展開結果: success=True, msg=Excelに 8 件のデータを展開しました（文字列書式）
[2026-09-28 04:17:57] [INFO] レポート条件入力画面で F1 キーが押下されました。クエリ待機ステータスを開始します。
[2026-09-28 04:18:00] [INFO] レポート条件入力画面で F1 キーが押下されました。クエリ待機ステータスを開始します。
[2026-09-28 04:19:28] [INFO] HOME画面復帰: F4 を送信します (step 1)
[2026-09-28 04:19:28] [INFO] HOME画面復帰: メインメニュー着弾を確認しました
[2026-09-28 04:22:46] [INFO] レポート条件入力画面で F1 キーが押下されました。クエリ待機ステータスを開始します。
[2026-09-28 04:22:47] [INFO] レポート条件入力画面で F1 キーが押下されました。クエリ待機ステータスを開始します。
[2026-09-28 04:22:48] [INFO] レポート条件入力画面で F1 キーが押下されました。クエリ待機ステータスを開始します。
[2026-09-28 04:22:49] [INFO] レポート条件入力画面で F1 キーが押下されました。クエリ待機ステータスを開始します。
[2026-09-28 04:22:49] [INFO] レポート条件入力画面で F1 キーが押下されました。クエリ待機ステータスを開始します。
[2026-09-28 04:22:50] [INFO] レポート条件入力画面で F1 キーが押下されました。クエリ待機ステータスを開始します。
[2026-09-28 04:22:51] [INFO] レポート条件入力画面で F1 キーが押下されました。クエリ待機ステータスを開始します。
[2026-09-28 04:22:52] [INFO] レポート条件入力画面で F1 キーが押下されました。クエリ待機ステータスを開始します。
[2026-09-28 04:22:54] [INFO] F4押下によりクエリ待機を解除しました
[2026-09-28 04:22:54] [INFO] _check_is_report_output: 一致！ (区切り線行 6 + データ行 15 行検出)
[2026-09-28 04:22:54] [INFO] === レポート自動取得・Excel展開ワーカー起動 ===
[2026-09-28 04:22:54] [INFO] レポート取得: 1 ページ目取得完了 (文字数: 1753)
[2026-09-28 04:22:54] [INFO] 継続プロンプトが見当たらないため取得完了と判断
[2026-09-28 04:22:54] [INFO] 全 1 ページの取得完了。パース処理を開始します...
[2026-09-28 04:22:54] [DEBUG] parse_report_text_to_table: 開始 (入力行数=22)
[2026-09-28 04:22:54] [DEBUG] parse_report_text_to_table: 区切り線行を検出 (行インデックス=6): ─── ────────────────── ─────────── ── ────────────── ───────
[2026-09-28 04:22:54] [INFO] parse_report_text_to_table: 固定長パース成功 (列数=7, データ行数=9)
[2026-09-28 04:22:54] [INFO] パース成功: カラム数=7, データ行数=9
[2026-09-28 04:22:54] [INFO] paste_to_new_excel: 開始 (行数=10, 列数=7, タイトル=QAD_Report)
[2026-09-28 04:22:55] [INFO] paste_to_new_excel: COM操作成功 - Excelに 9 件のデータを展開しました（文字列書式）
[2026-09-28 04:22:55] [INFO] Excel展開結果: success=True, msg=Excelに 9 件のデータを展開しました（文字列書式）
[2026-09-28 04:24:56] [INFO] _check_is_report_output: 一致！ (区切り線行 6 + データ行 15 行検出)
[2026-09-28 04:24:56] [INFO] === レポート自動取得・Excel展開ワーカー起動 ===
[2026-09-28 04:24:56] [INFO] レポート取得: 1 ページ目取得完了 (文字数: 1751)
[2026-09-28 04:24:57] [INFO] 継続プロンプトが見当たらないため取得完了と判断
[2026-09-28 04:24:57] [INFO] 全 1 ページの取得完了。パース処理を開始します...
[2026-09-28 04:24:57] [DEBUG] parse_report_text_to_table: 開始 (入力行数=22)
[2026-09-28 04:24:57] [DEBUG] parse_report_text_to_table: 区切り線行を検出 (行インデックス=6): ─── ──────────  ────────  ──────── ── ────────────── ───────
[2026-09-28 04:24:57] [INFO] parse_report_text_to_table: 固定長パース成功 (列数=8, データ行数=9)
[2026-09-28 04:24:57] [INFO] パース成功: カラム数=8, データ行数=9
[2026-09-28 04:24:57] [INFO] paste_to_new_excel: 開始 (行数=10, 列数=8, タイトル=QAD_Report)
[2026-09-28 04:24:58] [INFO] paste_to_new_excel: COM操作成功 - Excelに 9 件のデータを展開しました（文字列書式）
[2026-09-28 04:24:58] [INFO] Excel展開結果: success=True, msg=Excelに 9 件のデータを展開しました（文字列書式）
[2026-09-28 04:26:16] [INFO] _check_is_report_output: 一致！ (区切り線行 6 + データ行 15 行検出)
[2026-09-28 04:26:16] [INFO] === レポート自動取得・Excel展開ワーカー起動 ===
[2026-09-28 04:26:16] [INFO] レポート取得: 1 ページ目取得完了 (文字数: 1753)
[2026-09-28 04:26:16] [INFO] 継続プロンプトが見当たらないため取得完了と判断
[2026-09-28 04:26:16] [INFO] 全 1 ページの取得完了。パース処理を開始します...
[2026-09-28 04:26:16] [DEBUG] parse_report_text_to_table: 開始 (入力行数=22)
[2026-09-28 04:26:16] [DEBUG] parse_report_text_to_table: 区切り線行を検出 (行インデックス=6): ─── ────────────────── ─────────── ── ────────────── ───────
[2026-09-28 04:26:16] [INFO] parse_report_text_to_table: 固定長パース成功 (列数=7, データ行数=9)
[2026-09-28 04:26:16] [INFO] パース成功: カラム数=7, データ行数=9
[2026-09-28 04:26:16] [INFO] paste_to_new_excel: 開始 (行数=10, 列数=7, タイトル=QAD_Report)
[2026-09-28 04:26:18] [INFO] レポート条件入力画面で F1 キーが押下されました。クエリ待機ステータスを開始します。
[2026-09-28 04:26:19] [INFO] レポート条件入力画面で F1 キーが押下されました。クエリ待機ステータスを開始します。
[2026-09-28 04:26:23] [INFO] paste_to_new_excel: COM操作成功 - Excelに 9 件のデータを展開しました（文字列書式）
[2026-09-28 04:26:23] [INFO] Excel展開結果: success=True, msg=Excelに 9 件のデータを展開しました（文字列書式）
[2026-09-28 04:29:45] [INFO] ======================================================================
[2026-09-28 04:29:45] [INFO] QAD Modern Terminal 起動 - 2026-09-28 04:29:45
[2026-09-28 04:29:45] [INFO] Python: 3.12.10 (tags/v3.12.10:0cc8128, Apr  8 2025, 12:21:36) [MSC v.1943 64 bit (AMD64)] | 実行パス: C:\Users\0138018\AppData\Local\Programs\Python\Python312\pythonw.exe
[2026-09-28 04:29:45] [INFO] PROJECT_ROOT: C:\Users\0138018\.antigravity\mfgpro_controller
[2026-09-28 04:29:45] [INFO] ======================================================================
[2026-09-28 04:29:53] [INFO] SSH接続確立 (connected) [Tab 1]
[2026-09-28 04:29:53] [INFO] 自動ログイン: Tab 1 のMain Menu自動遷移シーケンスを開始
[2026-09-28 04:29:57] [INFO] 自動ログイン: Tab 1 Main Menu 着弾検知
[2026-09-28 04:33:00] [INFO] 並行GAS送信開始 (99.7.6.20 & 99.7.5.11): ユーザー=takehik, ホスト=mfg03
[2026-09-28 04:33:00] [INFO] 並行ワーカー [99.7.6.20 受注残]: 接続中...
[2026-09-28 04:33:30] [INFO] 並行ワーカー [99.7.6.20 受注残]: 抽出完了 214件 (30.2秒) ➔ 即時GAS送信
[2026-09-28 04:33:30] [INFO] 並行ワーカー [99.7.5.11 売上]: 接続中 (対象期間: 09/01/26 ～ 09/28/26)...
[2026-09-28 04:33:30] [INFO] 並行送信サブタスク完了: 99.7.6.20 (受注残) -> 214件 (30.2秒)
[2026-09-28 04:33:49] [INFO] 並行ワーカー [99.7.5.11 売上]: 抽出完了 927件 (19.2秒) ➔ 即時GAS送信
[2026-09-28 04:33:49] [INFO] 並行送信サブタスク完了: 99.7.5.11 (売上) -> 927件 (19.2秒)
[2026-09-28 04:33:49] [INFO] 並行送信全完了: 受注残: 214件 & 売上: 927件 (総所要時間: 49.5秒)
[2026-09-29 01:51:03] [INFO] ======================================================================
[2026-09-29 01:51:03] [INFO] QAD Modern Terminal 起動 - 2026-09-29 01:51:03
[2026-09-29 01:51:03] [INFO] Python: 3.12.10 (tags/v3.12.10:0cc8128, Apr  8 2025, 12:21:36) [MSC v.1943 64 bit (AMD64)] | 実行パス: C:\Users\0138018\AppData\Local\Programs\Python\Python312\pythonw.exe
[2026-09-29 01:51:03] [INFO] PROJECT_ROOT: C:\Users\0138018\.antigravity\mfgpro_controller
[2026-09-29 01:51:03] [INFO] ======================================================================
[2026-09-29 01:51:17] [INFO] SSH接続確立 (connected) [Tab 1]
[2026-09-29 01:51:17] [INFO] 自動ログイン: Tab 1 のMain Menu自動遷移シーケンスを開始
[2026-09-29 01:51:21] [INFO] 自動ログイン: Tab 1 Main Menu 着弾検知
[2026-09-29 01:52:43] [INFO] ======================================================================
[2026-09-29 01:52:43] [INFO] QAD Modern Terminal 起動 - 2026-09-29 01:52:43
[2026-09-29 01:52:43] [INFO] Python: 3.12.10 (tags/v3.12.10:0cc8128, Apr  8 2025, 12:21:36) [MSC v.1943 64 bit (AMD64)] | 実行パス: C:\Users\0138018\AppData\Local\Programs\Python\Python312\pythonw.exe
[2026-09-29 01:52:43] [INFO] PROJECT_ROOT: C:\Users\0138018\.antigravity\mfgpro_controller
[2026-09-29 01:52:43] [INFO] ======================================================================
[2026-09-29 01:52:55] [INFO] SSH接続確立 (connected) [Tab 1]
[2026-09-29 01:52:55] [INFO] 自動ログイン: Tab 1 のMain Menu自動遷移シーケンスを開始
[2026-09-29 01:52:59] [INFO] 自動ログイン: Tab 1 Main Menu 着弾検知
[2026-09-29 02:37:57] [INFO] レポート条件入力画面で F1 キーが押下されました。クエリ待機ステータスを開始します。
[2026-09-29 02:37:57] [INFO] レポート条件入力画面で F1 キーが押下されました。クエリ待機ステータスを開始します。
[2026-09-29 02:37:58] [INFO] レポート条件入力画面で F1 キーが押下されました。クエリ待機ステータスを開始します。
[2026-09-29 02:37:59] [INFO] レポート条件入力画面で F1 キーが押下されました。クエリ待機ステータスを開始します。
[2026-09-29 02:38:00] [INFO] レポート条件入力画面で F1 キーが押下されました。クエリ待機ステータスを開始します。
[2026-09-29 02:38:12] [INFO] レポート条件入力画面で F1 キーが押下されました。クエリ待機ステータスを開始します。
[2026-09-29 02:38:13] [INFO] F4押下によりクエリ待機を解除しました
[2026-09-29 02:38:40] [INFO] レポート条件入力画面で F1 キーが押下されました。クエリ待機ステータスを開始します。
[2026-09-29 02:38:40] [INFO] レポート条件入力画面で F1 キーが押下されました。クエリ待機ステータスを開始します。
[2026-09-29 02:38:41] [INFO] レポート条件入力画面で F1 キーが押下されました。クエリ待機ステータスを開始します。
[2026-09-29 02:38:42] [INFO] レポート条件入力画面で F1 キーが押下されました。クエリ待機ステータスを開始します。
[2026-09-29 02:38:43] [INFO] レポート条件入力画面で F1 キーが押下されました。クエリ待機ステータスを開始します。
[2026-09-29 02:38:50] [INFO] F4押下によりクエリ待機を解除しました
[2026-09-29 02:39:01] [INFO] レポート条件入力画面で F1 キーが押下されました。クエリ待機ステータスを開始します。
[2026-09-29 02:39:01] [INFO] レポート条件入力画面で F1 キーが押下されました。クエリ待機ステータスを開始します。
[2026-09-29 02:39:02] [INFO] レポート条件入力画面で F1 キーが押下されました。クエリ待機ステータスを開始します。
[2026-09-29 02:39:02] [INFO] レポート条件入力画面で F1 キーが押下されました。クエリ待機ステータスを開始します。
[2026-09-29 02:39:03] [INFO] レポート条件入力画面で F1 キーが押下されました。クエリ待機ステータスを開始します。
[2026-09-29 02:39:52] [INFO] F4押下によりクエリ待機を解除しました
[2026-09-29 02:48:05] [INFO] レポート条件入力画面で F1 キーが押下されました。クエリ待機ステータスを開始します。
[2026-09-29 02:48:06] [INFO] レポート条件入力画面で F1 キーが押下されました。クエリ待機ステータスを開始します。
[2026-09-29 02:48:06] [INFO] レポート条件入力画面で F1 キーが押下されました。クエリ待機ステータスを開始します。
[2026-09-29 02:48:07] [INFO] レポート条件入力画面で F1 キーが押下されました。クエリ待機ステータスを開始します。
[2026-09-29 02:48:07] [INFO] レポート条件入力画面で F1 キーが押下されました。クエリ待機ステータスを開始します。
[2026-09-29 02:48:08] [INFO] レポート条件入力画面で F1 キーが押下されました。クエリ待機ステータスを開始します。
[2026-09-29 02:48:10] [INFO] レポート条件入力画面で F1 キーが押下されました。クエリ待機ステータスを開始します。
[2026-09-29 02:48:11] [INFO] レポート条件入力画面で F1 キーが押下されました。クエリ待機ステータスを開始します。
[2026-09-29 02:48:12] [INFO] レポート条件入力画面で F1 キーが押下されました。クエリ待機ステータスを開始します。
[2026-09-29 02:48:17] [INFO] レポート条件入力画面で F1 キーが押下されました。クエリ待機ステータスを開始します。
[2026-09-29 02:48:22] [INFO] レポート条件入力画面で F1 キーが押下されました。クエリ待機ステータスを開始します。
[2026-09-29 02:48:24] [INFO] レポート条件入力画面で F1 キーが押下されました。クエリ待機ステータスを開始します。
[2026-09-29 02:49:04] [INFO] レポート条件入力画面で F1 キーが押下されました。クエリ待機ステータスを開始します。
[2026-09-29 02:49:04] [INFO] レポート条件入力画面で F1 キーが押下されました。クエリ待機ステータスを開始します。
[2026-09-29 02:49:10] [INFO] F4押下によりクエリ待機を解除しました
[2026-09-29 02:49:12] [INFO] レポート条件入力画面で F1 キーが押下されました。クエリ待機ステータスを開始します。
[2026-09-29 02:49:14] [INFO] レポート条件入力画面で F1 キーが押下されました。クエリ待機ステータスを開始します。
[2026-09-29 02:49:16] [INFO] F4押下によりクエリ待機を解除しました
[2026-09-29 02:49:19] [INFO] レポート条件入力画面で F1 キーが押下されました。クエリ待機ステータスを開始します。
[2026-09-29 02:49:20] [INFO] レポート条件入力画面で F1 キーが押下されました。クエリ待機ステータスを開始します。
[2026-09-29 02:49:22] [INFO] レポート条件入力画面で F1 キーが押下されました。クエリ待機ステータスを開始します。
[2026-09-29 02:49:23] [INFO] レポート条件入力画面で F1 キーが押下されました。クエリ待機ステータスを開始します。
[2026-09-29 02:49:24] [INFO] レポート条件入力画面で F1 キーが押下されました。クエリ待機ステータスを開始します。
[2026-09-29 02:49:25] [INFO] レポート条件入力画面で F1 キーが押下されました。クエリ待機ステータスを開始します。
[2026-09-29 02:49:27] [INFO] レポート条件入力画面で F1 キーが押下されました。クエリ待機ステータスを開始します。
[2026-09-29 02:55:22] [INFO] F4押下によりクエリ待機を解除しました
[2026-09-29 03:11:02] [INFO] レポート条件入力画面で F1 キーが押下されました。クエリ待機ステータスを開始します。
[2026-09-29 03:11:02] [INFO] レポート条件入力画面で F1 キーが押下されました。クエリ待機ステータスを開始します。
[2026-09-29 03:11:03] [INFO] レポート条件入力画面で F1 キーが押下されました。クエリ待機ステータスを開始します。
[2026-09-29 03:11:04] [INFO] レポート条件入力画面で F1 キーが押下されました。クエリ待機ステータスを開始します。
[2026-09-29 03:11:06] [INFO] レポート条件入力画面で F1 キーが押下されました。クエリ待機ステータスを開始します。
[2026-09-29 03:11:07] [INFO] レポート条件入力画面で F1 キーが押下されました。クエリ待機ステータスを開始します。
[2026-09-29 03:11:08] [INFO] レポート条件入力画面で F1 キーが押下されました。クエリ待機ステータスを開始します。
[2026-09-29 03:11:10] [INFO] レポート条件入力画面で F1 キーが押下されました。クエリ待機ステータスを開始します。
[2026-09-29 03:11:12] [INFO] レポート条件入力画面で F1 キーが押下されました。クエリ待機ステータスを開始します。
[2026-09-29 03:11:14] [INFO] レポート条件入力画面で F1 キーが押下されました。クエリ待機ステータスを開始します。
[2026-09-29 03:11:15] [INFO] レポート条件入力画面で F1 キーが押下されました。クエリ待機ステータスを開始します。
[2026-09-29 03:11:17] [INFO] レポート条件入力画面で F1 キーが押下されました。クエリ待機ステータスを開始します。
[2026-09-29 03:11:19] [INFO] レポート条件入力画面で F1 キーが押下されました。クエリ待機ステータスを開始します。
[2026-09-29 03:11:28] [INFO] F4押下によりクエリ待機を解除しました
[2026-09-29 03:11:42] [INFO] レポート条件入力画面で F1 キーが押下されました。クエリ待機ステータスを開始します。
[2026-09-29 03:11:43] [INFO] F4押下によりクエリ待機を解除しました
[2026-09-29 03:11:48] [INFO] レポート条件入力画面で F1 キーが押下されました。クエリ待機ステータスを開始します。
[2026-09-29 03:11:48] [INFO] レポート条件入力画面で F1 キーが押下されました。クエリ待機ステータスを開始します。
[2026-09-29 03:12:43] [INFO] レポート条件入力画面で F1 キーが押下されました。クエリ待機ステータスを開始します。
[2026-09-29 03:12:44] [INFO] レポート条件入力画面で F1 キーが押下されました。クエリ待機ステータスを開始します。
[2026-09-29 03:12:45] [INFO] レポート条件入力画面で F1 キーが押下されました。クエリ待機ステータスを開始します。
[2026-09-29 03:12:46] [INFO] レポート条件入力画面で F1 キーが押下されました。クエリ待機ステータスを開始します。
[2026-09-29 03:12:47] [INFO] レポート条件入力画面で F1 キーが押下されました。クエリ待機ステータスを開始します。
[2026-09-29 03:16:07] [INFO] F4押下によりクエリ待機を解除しました
[2026-09-29 03:20:48] [INFO] 入力欄クリック検知: 現在=InputField(row=19, cols=50..66)(左列=False) -> 宛先=InputField(row=19, cols=50..66)(左列=False), クリック列=67
[2026-09-29 03:24:31] [INFO] 入力欄クリック検知: 現在=InputField(row=19, cols=50..66)(左列=False) -> 宛先=InputField(row=19, cols=50..66)(左列=False), クリック列=56
[2026-09-29 03:36:35] [INFO] レポート条件入力画面で F1 キーが押下されました。クエリ待機ステータスを開始します。
[2026-09-29 03:36:35] [INFO] レポート条件入力画面で F1 キーが押下されました。クエリ待機ステータスを開始します。
[2026-09-29 03:36:36] [INFO] レポート条件入力画面で F1 キーが押下されました。クエリ待機ステータスを開始します。
[2026-09-29 03:36:36] [INFO] レポート条件入力画面で F1 キーが押下されました。クエリ待機ステータスを開始します。
[2026-09-29 03:36:37] [INFO] レポート条件入力画面で F1 キーが押下されました。クエリ待機ステータスを開始します。
[2026-09-29 03:36:37] [INFO] レポート条件入力画面で F1 キーが押下されました。クエリ待機ステータスを開始します。
[2026-09-29 03:36:39] [INFO] レポート条件入力画面で F1 キーが押下されました。クエリ待機ステータスを開始します。
[2026-09-29 03:36:40] [INFO] レポート条件入力画面で F1 キーが押下されました。クエリ待機ステータスを開始します。
[2026-09-29 03:36:43] [INFO] レポート条件入力画面で F1 キーが押下されました。クエリ待機ステータスを開始します。
[2026-09-29 03:36:43] [INFO] レポート条件入力画面で F1 キーが押下されました。クエリ待機ステータスを開始します。
[2026-09-29 03:36:44] [INFO] レポート条件入力画面で F1 キーが押下されました。クエリ待機ステータスを開始します。
[2026-09-29 03:36:45] [INFO] レポート条件入力画面で F1 キーが押下されました。クエリ待機ステータスを開始します。
[2026-09-29 03:36:46] [INFO] レポート条件入力画面で F1 キーが押下されました。クエリ待機ステータスを開始します。
[2026-09-29 03:36:46] [INFO] レポート条件入力画面で F1 キーが押下されました。クエリ待機ステータスを開始します。
[2026-09-29 03:36:47] [INFO] F4押下によりクエリ待機を解除しました
[2026-09-29 03:36:56] [INFO] レポート条件入力画面で F1 キーが押下されました。クエリ待機ステータスを開始します。
[2026-09-29 03:36:58] [INFO] レポート条件入力画面で F1 キーが押下されました。クエリ待機ステータスを開始します。
[2026-09-29 03:36:59] [INFO] レポート条件入力画面で F1 キーが押下されました。クエリ待機ステータスを開始します。
[2026-09-29 03:37:01] [INFO] レポート条件入力画面で F1 キーが押下されました。クエリ待機ステータスを開始します。
[2026-09-29 03:37:03] [INFO] F4押下によりクエリ待機を解除しました
[2026-09-29 03:37:04] [INFO] レポート条件入力画面で F1 キーが押下されました。クエリ待機ステータスを開始します。
[2026-09-29 03:37:04] [INFO] F4押下によりクエリ待機を解除しました
[2026-09-29 03:37:06] [INFO] レポート条件入力画面で F1 キーが押下されました。クエリ待機ステータスを開始します。
[2026-09-29 03:37:08] [INFO] レポート条件入力画面で F1 キーが押下されました。クエリ待機ステータスを開始します。
[2026-09-29 03:37:09] [INFO] レポート条件入力画面で F1 キーが押下されました。クエリ待機ステータスを開始します。
[2026-09-29 03:37:11] [INFO] レポート条件入力画面で F1 キーが押下されました。クエリ待機ステータスを開始します。
[2026-09-29 03:37:13] [INFO] レポート条件入力画面で F1 キーが押下されました。クエリ待機ステータスを開始します。
[2026-09-29 03:37:14] [INFO] レポート条件入力画面で F1 キーが押下されました。クエリ待機ステータスを開始します。
[2026-09-29 03:37:22] [INFO] レポート条件入力画面で F1 キーが押下されました。クエリ待機ステータスを開始します。
[2026-09-29 03:37:23] [INFO] レポート条件入力画面で F1 キーが押下されました。クエリ待機ステータスを開始します。
[2026-09-29 03:37:23] [INFO] レポート条件入力画面で F1 キーが押下されました。クエリ待機ステータスを開始します。
[2026-09-29 03:37:24] [INFO] レポート条件入力画面で F1 キーが押下されました。クエリ待機ステータスを開始します。
[2026-09-29 03:37:25] [INFO] レポート条件入力画面で F1 キーが押下されました。クエリ待機ステータスを開始します。
[2026-09-29 03:38:01] [INFO] F4押下によりクエリ待機を解除しました
[2026-09-29 03:38:36] [INFO] 入力欄クリック検知: 現在=InputField(row=19, cols=50..66)(左列=False) -> 宛先=InputField(row=19, cols=50..66)(左列=False), クリック列=65
[2026-09-29 03:43:33] [INFO] 入力欄クリック検知: 現在=InputField(row=19, cols=50..66)(左列=False) -> 宛先=InputField(row=19, cols=50..66)(左列=False), クリック列=52
[2026-09-29 04:12:08] [INFO] ======================================================================
[2026-09-29 04:12:08] [INFO] QAD Modern Terminal 起動 - 2026-09-29 04:12:08
[2026-09-29 04:12:08] [INFO] Python: 3.12.10 (tags/v3.12.10:0cc8128, Apr  8 2025, 12:21:36) [MSC v.1943 64 bit (AMD64)] | 実行パス: C:\Users\0138018\AppData\Local\Programs\Python\Python312\pythonw.exe
[2026-09-29 04:12:08] [INFO] PROJECT_ROOT: C:\Users\0138018\.antigravity\mfgpro_controller
[2026-09-29 04:12:08] [INFO] ======================================================================
[2026-09-29 04:12:14] [INFO] SSH接続確立 (connected) [Tab 1]
[2026-09-29 04:12:14] [INFO] 自動ログイン: Tab 1 のMain Menu自動遷移シーケンスを開始
[2026-09-29 04:12:18] [INFO] 自動ログイン: Tab 1 Main Menu 着弾検知
[2026-09-29 04:29:30] [INFO] ======================================================================
[2026-09-29 04:29:30] [INFO] QAD Modern Terminal 起動 - 2026-09-29 04:29:30
[2026-09-29 04:29:30] [INFO] Python: 3.12.10 (tags/v3.12.10:0cc8128, Apr  8 2025, 12:21:36) [MSC v.1943 64 bit (AMD64)] | 実行パス: C:\Users\0138018\AppData\Local\Programs\Python\Python312\pythonw.exe
[2026-09-29 04:29:30] [INFO] PROJECT_ROOT: C:\Users\0138018\.antigravity\mfgpro_controller
[2026-09-29 04:29:30] [INFO] ======================================================================
[2026-09-29 04:29:35] [INFO] SSH接続確立 (connected) [Tab 1]
[2026-09-29 04:29:35] [INFO] 自動ログイン: Tab 1 のMain Menu自動遷移シーケンスを開始
[2026-09-29 04:29:39] [INFO] 自動ログイン: Tab 1 Main Menu 着弾検知
[2026-09-29 04:30:45] [INFO] === QAD 99.7.1.1 受注入力自動化を開始します ===
[2026-09-29 04:30:45] [INFO] メインメニューまたはヘッダー画面から全工程 (Step 1〜6.3.0) を実行します。
[2026-09-29 04:30:45] [INFO] === QAD 99.7.1.1 受注入力自動化 全工程実行開始 ===
[2026-09-29 04:30:45] [INFO] Step 1: '99.7.1.1\r' 送信
[2026-09-29 04:30:46] [INFO] Step 1: Order番号自動採番 (空欄 Enter 送信)
[2026-09-29 04:30:46] [INFO] Step 2: ヘッダーバッチ送信 (10 項目)
[2026-09-29 04:30:47] [INFO] Step 2: F1 送信 (ヘッダー確定)
[2026-09-29 04:30:59] [ERROR] 受注入力自動化タイムアウト: 画面遷移待機タイムアウト (12.0秒): Step 3: Tax ポップアップ または Salesperson画面
現在の画面表示:
xxsosomt.p b+            99.7.1.1 Sales Order Maintenance             09/29/26
┌──────────────────────────────────────────────────────────────────────────────┐
│ Order: SO199402  Sold-To: 20000600  Bill To: 20000600  Ship-To: 20000601     │
└──────────────────────────────────────────────────────────────────────────────┘
┌────────────── Sold-To ───────────────┐┌────────────── Bill-To ───────────────┐
│ TOPPANｲﾝﾌｫﾒﾃﾞｨｱ株式会社              ││ TOPPANｲﾝﾌｫﾒﾃﾞｨｱ株式会社              │
│ 東京都港区芝浦3-19-26                ││ 東京都港区芝浦3-19-26                │
│ 購買部 大久保様                      ││ 購買部 大久保様                      │
│ 港区                      108-0023   ││ 港区                      108-0023   │
│ JAPAN                                ││ JAPAN                                │
└──────────────────────────────────────┘└──────────────────────────────────────┘
┌──────────────────────────────────────────────────────────────────────────────┐
│    Order Date: 09/29/26 Line Pricing: Yes      Confirmed: Yes                │
│ Required Date:                Manual:           Currency:      Language:     │
│  Promise Date:                  Site:            Taxable: No                 │
│      Due Date: 09/29/26      Channel:                  Fixed Price: Yes      │
│  Perform Date:               Project:                 Credit Terms:          │
│  Pricing Date:                             Credit Terms Interest %: 0.00     │
│Purchase Order:                                             Reprice: No       │
│       Remarks:                                          Entered By: takehik  │
└──────────────────────────────────────────────────────────────────────────────┘


F1=Go 2=Hlp 3=Ins 4=End 6=Mnu 7=Rcl 8=Clr 9=Prev 10=Next 11=Buf
[2026-09-29 04:31:10] [INFO] 入力欄クリック検知: 現在=InputField(row=2, cols=47..55)(左列=False) -> 宛先=InputField(row=2, cols=47..55)(左列=False), クリック列=46
[2026-09-29 04:31:30] [INFO] レポート条件入力画面で F1 キーが押下されました。クエリ待機ステータスを開始します。
[2026-09-29 04:31:32] [INFO] F4押下によりクエリ待機を解除しました
[2026-09-29 04:31:45] [INFO] レポート条件入力画面で F1 キーが押下されました。クエリ待機ステータスを開始します。
[2026-09-29 04:31:45] [INFO] レポート条件入力画面で F1 キーが押下されました。クエリ待機ステータスを開始します。
[2026-09-29 04:31:46] [INFO] レポート条件入力画面で F1 キーが押下されました。クエリ待機ステータスを開始します。
[2026-09-29 04:31:46] [INFO] レポート条件入力画面で F1 キーが押下されました。クエリ待機ステータスを開始します。
[2026-09-29 04:32:17] [INFO] F4押下によりクエリ待機を解除しました
[2026-09-29 04:48:17] [INFO] ======================================================================
[2026-09-29 04:48:17] [INFO] QAD Modern Terminal 起動 - 2026-09-29 04:48:17
[2026-09-29 04:48:17] [INFO] Python: 3.12.10 (tags/v3.12.10:0cc8128, Apr  8 2025, 12:21:36) [MSC v.1943 64 bit (AMD64)] | 実行パス: C:\Users\0138018\AppData\Local\Programs\Python\Python312\pythonw.exe
[2026-09-29 04:48:17] [INFO] PROJECT_ROOT: C:\Users\0138018\.antigravity\mfgpro_controller
[2026-09-29 04:48:17] [INFO] ======================================================================
[2026-09-29 04:48:22] [INFO] SSH接続確立 (connected) [Tab 1]
[2026-09-29 04:48:22] [INFO] 自動ログイン: Tab 1 のMain Menu自動遷移シーケンスを開始
[2026-09-29 04:48:26] [INFO] 自動ログイン: Tab 1 Main Menu 着弾検知
[2026-09-29 04:49:16] [INFO] === QAD 99.7.1.1 受注入力自動化を開始します ===
[2026-09-29 04:49:16] [INFO] メインメニューまたはヘッダー画面から全工程 (Step 1〜6.3.0) を実行します。
[2026-09-29 04:49:16] [INFO] === QAD 99.7.1.1 受注入力自動化 全工程実行開始 ===
[2026-09-29 04:49:16] [INFO] Step 1: '99.7.1.1\r' 送信
[2026-09-29 04:49:17] [INFO] Step 1: Order番号自動採番 (空欄 Enter 送信)
[2026-09-29 04:49:17] [INFO] Order ID を記録: Sold
[2026-09-29 04:49:17] [INFO] Step 2: Sold-To 入力 (20000600)
[2026-09-29 04:49:18] [INFO] Step 2: Sold-To 後の Category 警告検知 -> Space 送信
[2026-09-29 04:49:18] [INFO] Step 2: Bill-To 入力 (20000600)
[2026-09-29 04:49:19] [INFO] Step 2: Ship-To 入力 (20000601)
[2026-09-29 04:49:19] [INFO] Step 2: Order Date スキップ
[2026-09-29 04:49:19] [INFO] Step 2: Required Date 入力 (09/30/26)
[2026-09-29 04:49:19] [INFO] Step 2: Promise Date スキップ
[2026-09-29 04:49:20] [INFO] Step 2: Due Date 入力 (10/02/26)
[2026-09-29 04:49:20] [INFO] Step 2: Perform Date スキップ
[2026-09-29 04:49:20] [INFO] Step 2: Pricing Date スキップ
[2026-09-29 04:49:20] [INFO] Step 2: Purchase Order 入力 (test)
[2026-09-29 04:49:20] [INFO] Step 2: Remarks 入力 (test)
[2026-09-29 04:49:21] [INFO] Step 2: F1 送信 (ヘッダー確定)
[2026-09-29 04:49:21] [INFO] Step 2: ヘッダー確定後の警告検知 -> Space 送信
[2026-09-29 04:49:22] [INFO] 画面待機中 (Step 3: Tax ポップアップ または Salesperson画面): 'Press space' プロンプトを検知。Spaceキーを送信します。
[2026-09-29 04:49:22] [INFO] Step 3: F1 送信 (Tax スキップ)
[2026-09-29 04:49:22] [INFO] Step 4: F1 送信 (Salesperson スキップ)
[2026-09-29 04:49:23] [INFO] Step 5: F4 送信 (コメントなし・明細へ直行)
[2026-09-29 04:49:24] [INFO] === Step 6 受注明細行入力開始 (全 1 品番) ===
[2026-09-29 04:49:24] [INFO] --- [Line 1] 品番: BW0116Q3-2 / 単価: 130 / 長さグループ: 1件 ---
[2026-09-29 04:49:24] [INFO] 6.1.0: Enter 送信 (Line 1 自動採番)
[2026-09-29 04:49:24] [INFO] 6.1.1: F1 送信 (Create WO ポップアップスキップ)
[2026-09-29 04:49:25] [INFO] 6.1.3: 品番 'BW0116Q3-2' + F1 送信
[2026-09-29 04:49:25] [INFO] 6.1.3: Site 'CB2' + F1 送信
[2026-09-29 04:49:26] [INFO] 6.1.4: F1 送信 (Qty Ordered UM スキップ)
[2026-09-29 04:49:26] [INFO]   SL 1: 長さ '600'm (明細 1件) 開始
[2026-09-29 04:49:27] [INFO]   6.2.0: 長さ '600' + F1 送信
[2026-09-29 04:49:27] [INFO]     Roll 1/1: 本数=1, 幅=200mm
[2026-09-29 04:49:28] [INFO]   6.2.1: F4 送信 (長さ '600'm ロール入力完了)
[2026-09-29 04:49:40] [ERROR] 受注入力自動化タイムアウト: 画面遷移待機タイムアウト (12.0秒): 6.2.1 Please confirm update プロンプト (SL 1)
現在の画面表示:
xxsosomt.p b+            99┌────────────────────────────────────┐     09/29/26
┌──────────────────────────│Ser T    Rolls Width(mm) Tot Qty(M2)│──────────────┐
│ Sales Order: SO199403 Sol│─── ─ ──────── ───────── ───────────│              │
└──────────────────────────│200 C        0      0.00        0.00│──────────────┘
┌──────────────────────────│                                    │──────────────┐
│ Ln Item Number        Qty│                                    │        Price │
│─── ────────────────── ───│                                    │───────────── │
│  1 BW0116Q3-2            │                                    │         0.00 │
└──────────────────────────└────────────────────────────────────┘──────────────┘
┌───────────Item Width(mm):1500 Exact:yes TOTAL QTY (M2) 0───────────┐
│ SL Run     Len(m) Exact Cum Width(mm) Cum Tot Qty(M2)              │
│─── ─── ────────── ───── ───────────── ───────────────              │
│  1  60       1.00 yes            0.00            0.00              │
│                                                                    │
│                                                                    │
│                                                                    │
│                                                                    │
│                                                                    │
│                                                                    │
└────────────────────────────────────────────────────────────────────┘



F1=Go 2=Hlp 3=Ins 4=End 6=Mnu 7=Rcl 8=Clr 9=Prev 10=Next 11=Buf
[2026-09-29 04:50:42] [INFO] レポート条件入力画面で F1 キーが押下されました。クエリ待機ステータスを開始します。
[2026-09-29 04:50:43] [INFO] レポート条件入力画面で F1 キーが押下されました。クエリ待機ステータスを開始します。
[2026-09-29 04:50:53] [INFO] レポート条件入力画面で F1 キーが押下されました。クエリ待機ステータスを開始します。
[2026-09-29 04:50:54] [INFO] レポート条件入力画面で F1 キーが押下されました。クエリ待機ステータスを開始します。
[2026-09-29 04:50:54] [INFO] レポート条件入力画面で F1 キーが押下されました。クエリ待機ステータスを開始します。
[2026-09-29 04:50:55] [INFO] レポート条件入力画面で F1 キーが押下されました。クエリ待機ステータスを開始します。
[2026-09-29 04:50:55] [INFO] レポート条件入力画面で F1 キーが押下されました。クエリ待機ステータスを開始します。
[2026-09-29 04:51:18] [INFO] F4押下によりクエリ待機を解除しました
[2026-09-29 04:51:55] [INFO] レポート条件入力画面で F1 キーが押下されました。クエリ待機ステータスを開始します。
[2026-09-29 04:51:56] [INFO] レポート条件入力画面で F1 キーが押下されました。クエリ待機ステータスを開始します。
[2026-09-29 04:51:56] [INFO] レポート条件入力画面で F1 キーが押下されました。クエリ待機ステータスを開始します。
[2026-09-29 04:51:57] [INFO] レポート条件入力画面で F1 キーが押下されました。クエリ待機ステータスを開始します。
[2026-09-29 04:51:58] [INFO] レポート条件入力画面で F1 キーが押下されました。クエリ待機ステータスを開始します。
[2026-09-29 04:52:02] [INFO] F4押下によりクエリ待機を解除しました
[2026-09-29 05:08:08] [INFO] ======================================================================
[2026-09-29 05:08:08] [INFO] QAD Modern Terminal 起動 - 2026-09-29 05:08:08
[2026-09-29 05:08:08] [INFO] Python: 3.12.10 (tags/v3.12.10:0cc8128, Apr  8 2025, 12:21:36) [MSC v.1943 64 bit (AMD64)] | 実行パス: C:\Users\0138018\AppData\Local\Programs\Python\Python312\pythonw.exe
[2026-09-29 05:08:08] [INFO] PROJECT_ROOT: C:\Users\0138018\.antigravity\mfgpro_controller
[2026-09-29 05:08:08] [INFO] ======================================================================
[2026-09-29 05:08:13] [INFO] SSH接続確立 (connected) [Tab 1]
[2026-09-29 05:08:13] [INFO] 自動ログイン: Tab 1 のMain Menu自動遷移シーケンスを開始
[2026-09-29 05:08:17] [INFO] 自動ログイン: Tab 1 Main Menu 着弾検知
[2026-09-29 05:08:58] [INFO] === QAD 99.7.1.1 受注入力自動化を開始します ===
[2026-09-29 05:08:58] [INFO] メインメニューまたはヘッダー画面から全工程 (Step 1〜6.3.0) を実行します。
[2026-09-29 05:08:58] [INFO] === QAD 99.7.1.1 受注入力自動化 全工程実行開始 ===
[2026-09-29 05:08:58] [INFO] Step 1: '99.7.1.1\r' 送信
[2026-09-29 05:08:59] [INFO] Step 1: Order番号自動採番 (空欄 Enter 送信)
[2026-09-29 05:08:59] [INFO] Order ID を記録: Sold
[2026-09-29 05:08:59] [INFO] Step 2: Sold-To 入力 (20000600)
[2026-09-29 05:09:00] [INFO] Step 2: Sold-To 後の Category 警告検知 -> Space 送信
[2026-09-29 05:09:00] [INFO] Step 2: Bill-To 入力 (20000600)
[2026-09-29 05:09:01] [INFO] Step 2: Ship-To 入力 (20000601)
[2026-09-29 05:09:01] [INFO] Step 2: Order Date スキップ
[2026-09-29 05:09:01] [INFO] Step 2: Required Date 入力 (09/29/26)
[2026-09-29 05:09:01] [INFO] Step 2: Promise Date スキップ
[2026-09-29 05:09:02] [INFO] Step 2: Due Date 入力 (09/30/26)
[2026-09-29 05:09:02] [INFO] Step 2: Perform Date スキップ
[2026-09-29 05:09:02] [INFO] Step 2: Pricing Date スキップ
[2026-09-29 05:09:02] [INFO] Step 2: Purchase Order 入力 (test)
[2026-09-29 05:09:02] [INFO] Step 2: Remarks 入力 (test)
[2026-09-29 05:09:03] [INFO] Step 2: F1 送信 (ヘッダー確定)
[2026-09-29 05:09:03] [INFO] Step 2: ヘッダー確定後の警告検知 -> Space 送信
[2026-09-29 05:09:04] [INFO] 画面待機中 (Step 3: Tax ポップアップ または Salesperson画面): 'Press space' プロンプトを検知。Spaceキーを送信します。
[2026-09-29 05:09:04] [INFO] Step 3: F1 送信 (Tax スキップ)
[2026-09-29 05:09:05] [INFO] Step 4: F1 送信 (Salesperson スキップ)
[2026-09-29 05:09:05] [INFO] Step 5: F4 送信 (コメントなし・明細へ直行)
[2026-09-29 05:09:06] [INFO] === Step 6 受注明細行入力開始 (全 1 品番) ===
[2026-09-29 05:09:06] [INFO] --- [Line 1] 品番: BW0116Q3-2 / 単価: 150 / 長さグループ: 1件 ---
[2026-09-29 05:09:06] [INFO] 6.1.0: Enter 送信 (Line 1 自動採番)
[2026-09-29 05:09:06] [INFO] 6.1.1: F1 送信 (Create WO ポップアップスキップ)
[2026-09-29 05:09:07] [INFO] 6.1.3: 品番 'BW0116Q3-2' + F1 送信
[2026-09-29 05:09:07] [INFO] 6.1.3: Site 'CB2' + F1 送信
[2026-09-29 05:09:08] [INFO] 6.1.4: F1 送信 (Qty Ordered UM スキップ)
[2026-09-29 05:09:08] [INFO]   SL 1: 長さ '600'm (明細 1件) 開始
[2026-09-29 05:09:08] [INFO]   SL 1: F1 -> Enter -> Enter で Len(m) 欄へ移動
[2026-09-29 05:09:09] [INFO]   6.2.0: 長さ '600' + Enter 送信
[2026-09-29 05:09:10] [INFO]     Roll 1/1: 本数=1, 幅=200mm
[2026-09-29 05:09:11] [INFO]   6.2.1: F4 送信 (長さ '600'm ロール入力完了)
[2026-09-29 05:09:11] [INFO]   6.2.1: F1 送信 ('yes' 確定)
[2026-09-29 05:09:24] [ERROR] 受注入力自動化タイムアウト: 画面遷移待機タイムアウト (12.0秒): 6.1.4 No1 SL一覧復帰 (SL 1)
現在の画面表示:
xxsosomt.p b+            99┌────────────────────────────────────┐     09/29/26
┌──────────────────────────│Ser T    Rolls Width(mm) Tot Qty(M2)│──────────────┐
│ Sales Order: SO199405 Sol│─── ─ ──────── ───────── ───────────│              │
└──────────────────────────│  1 C        1    200.00      120.00│──────────────┘
┌──────────────────────────│                                    │──────────────┐
│ Ln Item Number        Qty│                                    │        Price │
│─── ────────────────── ───│                                    │───────────── │
│  1 BW0116Q3-2            │                                    │         0.00 │
└──────────────────────────└────────────────────────────────────┘──────────────┘
┌──────────Item Width(mm):1500 Exact:yes TOTAL QTY (M2) 120──────────┐
│ SL Run     Len(m) Exact Cum Width(mm) Cum Tot Qty(M2)              │
│─── ─── ────────── ───── ───────────── ───────────────              │
│  1   1     600.00 yes          200.00          120.00              │
│                                                                    │
│                                                                    │
│                                                                    │
│                                                                    │
│                                                                    │
│                                                                    │
└────────────────────────────────────────────────────────────────────┘



F1=Go 2=Hlp 3=Ins 4=End 6=Mnu 7=Rcl 8=Clr 9=Prev 10=Next 11=Buf
[2026-09-29 05:10:49] [INFO] レポート条件入力画面で F1 キーが押下されました。クエリ待機ステータスを開始します。
[2026-09-29 05:10:50] [INFO] レポート条件入力画面で F1 キーが押下されました。クエリ待機ステータスを開始します。
[2026-09-29 05:10:51] [INFO] レポート条件入力画面で F1 キーが押下されました。クエリ待機ステータスを開始します。
[2026-09-29 05:10:52] [INFO] レポート条件入力画面で F1 キーが押下されました。クエリ待機ステータスを開始します。
[2026-09-29 05:10:54] [INFO] レポート条件入力画面で F1 キーが押下されました。クエリ待機ステータスを開始します。
[2026-09-29 05:10:55] [INFO] レポート条件入力画面で F1 キーが押下されました。クエリ待機ステータスを開始します。
[2026-09-29 05:10:57] [INFO] レポート条件入力画面で F1 キーが押下されました。クエリ待機ステータスを開始します。
[2026-09-29 05:10:59] [INFO] F4押下によりクエリ待機を解除しました
[2026-09-29 05:11:01] [INFO] レポート条件入力画面で F1 キーが押下されました。クエリ待機ステータスを開始します。
[2026-09-29 05:11:02] [INFO] レポート条件入力画面で F1 キーが押下されました。クエリ待機ステータスを開始します。
[2026-09-29 05:11:05] [INFO] F4押下によりクエリ待機を解除しました
[2026-09-29 05:11:11] [INFO] レポート条件入力画面で F1 キーが押下されました。クエリ待機ステータスを開始します。
[2026-09-29 05:11:12] [INFO] F4押下によりクエリ待機を解除しました
[2026-09-29 05:11:28] [INFO] SSH接続確立 (connected) [Tab 2]
[2026-09-29 05:11:28] [INFO] 自動ログイン: Tab 2 のMain Menu自動遷移シーケンスを開始
[2026-09-29 05:11:32] [INFO] 自動ログイン: Tab 2 Main Menu 着弾検知
[2026-09-29 05:11:44] [INFO] レポート条件入力画面で F1 キーが押下されました。クエリ待機ステータスを開始します。
[2026-09-29 05:11:44] [INFO] レポート条件入力画面で F1 キーが押下されました。クエリ待機ステータスを開始します。
[2026-09-29 05:11:45] [INFO] レポート条件入力画面で F1 キーが押下されました。クエリ待機ステータスを開始します。
[2026-09-29 05:11:45] [INFO] レポート条件入力画面で F1 キーが押下されました。クエリ待機ステータスを開始します。
[2026-09-29 05:11:46] [INFO] レポート条件入力画面で F1 キーが押下されました。クエリ待機ステータスを開始します。
[2026-09-29 05:12:48] [INFO] F4押下によりクエリ待機を解除しました
[2026-09-29 05:13:03] [INFO] ======================================================================
[2026-09-29 05:13:03] [INFO] QAD Modern Terminal 起動 - 2026-09-29 05:13:03
[2026-09-29 05:13:03] [INFO] Python: 3.12.10 (tags/v3.12.10:0cc8128, Apr  8 2025, 12:21:36) [MSC v.1943 64 bit (AMD64)] | 実行パス: C:\Users\0138018\AppData\Local\Programs\Python\Python312\pythonw.exe
[2026-09-29 05:13:03] [INFO] PROJECT_ROOT: C:\Users\0138018\.antigravity\mfgpro_controller
[2026-09-29 05:13:03] [INFO] ======================================================================
[2026-09-29 09:24:36] [INFO] ======================================================================
[2026-09-29 09:24:36] [INFO] QAD Modern Terminal 起動 - 2026-09-29 09:24:36
[2026-09-29 09:24:36] [INFO] Python: 3.12.10 (tags/v3.12.10:0cc8128, Apr  8 2025, 12:21:36) [MSC v.1943 64 bit (AMD64)] | 実行パス: C:\Users\0138018\AppData\Local\Programs\Python\Python312\pythonw.exe
[2026-09-29 09:24:36] [INFO] PROJECT_ROOT: C:\Users\0138018\.antigravity\mfgpro_controller
[2026-09-29 09:24:36] [INFO] ======================================================================
[2026-09-29 09:24:46] [INFO] SSH接続確立 (connected) [Tab 1]
[2026-09-29 09:24:46] [INFO] 自動ログイン: Tab 1 のMain Menu自動遷移シーケンスを開始
[2026-09-29 09:24:50] [INFO] 自動ログイン: Tab 1 Main Menu 着弾検知
[2026-09-29 09:49:23] [INFO] ======================================================================
[2026-09-29 09:49:23] [INFO] QAD Modern Terminal 起動 - 2026-09-29 09:49:23
[2026-09-29 09:49:23] [INFO] Python: 3.12.10 (tags/v3.12.10:0cc8128, Apr  8 2025, 12:21:36) [MSC v.1943 64 bit (AMD64)] | 実行パス: C:\Users\0138018\AppData\Local\Programs\Python\Python312\pythonw.exe
[2026-09-29 09:49:23] [INFO] PROJECT_ROOT: C:\Users\0138018\.antigravity\mfgpro_controller
[2026-09-29 09:49:23] [INFO] ======================================================================
[2026-09-29 09:49:29] [INFO] SSH接続確立 (connected) [Tab 1]
[2026-09-29 09:49:29] [INFO] 自動ログイン: Tab 1 のMain Menu自動遷移シーケンスを開始
[2026-09-29 09:49:33] [INFO] 自動ログイン: Tab 1 Main Menu 着弾検知
[2026-09-29 09:50:06] [INFO] === QAD 99.7.1.1 受注入力自動化を開始します ===
[2026-09-29 09:50:06] [INFO] メインメニューまたはヘッダー画面から全工程 (Step 1〜6.3.0) を実行します。
[2026-09-29 09:50:06] [INFO] === QAD 99.7.1.1 受注入力自動化 全工程実行開始 ===
[2026-09-29 09:50:06] [INFO] Order ID を記録: Sold
[2026-09-29 09:50:06] [INFO] Step 2: Sold-To 入力 (20000600)
[2026-09-29 09:50:07] [INFO] Step 2: Bill-To 入力 (20000600)
[2026-09-29 09:50:07] [INFO] Step 2: Ship-To 入力 (20000601)
[2026-09-29 09:50:08] [INFO] Step 2: Order Date スキップ
[2026-09-29 09:50:08] [INFO] Step 2: Required Date 入力 (09/29/26)
[2026-09-29 09:50:08] [INFO] Step 2: Promise Date スキップ
[2026-09-29 09:50:08] [INFO] Step 2: Due Date 入力 (09/30/26)
[2026-09-29 09:50:09] [INFO] Step 2: Perform Date スキップ
[2026-09-29 09:50:09] [INFO] Step 2: Pricing Date スキップ
[2026-09-29 09:50:09] [INFO] Step 2: Purchase Order 入力 (test)
[2026-09-29 09:50:09] [INFO] Step 2: Remarks 入力 (test)
[2026-09-29 09:50:10] [INFO] Step 2: F1 送信 (ヘッダー確定)
[2026-09-29 09:50:22] [ERROR] 受注入力自動化タイムアウト: 画面遷移待機タイムアウト (12.0秒): Step 3: Tax ポップアップ または Salesperson画面
現在の画面表示:
xxsosomt.p b+            99.7.1.1 Sales Order Maintenance             09/29/26
┌──────────────────────────────────────────────────────────────────────────────┐
│ Order: 20000600  Sold-To: 20000600  Bill To: test      Ship-To: 20000601     │
└──────────────────────────────────────────────────────────────────────────────┘
┌────────────── Sold-To ───────────────┐┌────────────── Bill-To ───────────────┐
│ TOPPANｲﾝﾌｫﾒﾃﾞｨｱ株式会社              ││ TOPPANｲﾝﾌｫﾒﾃﾞｨｱ株式会社              │
│ 東京都港区芝浦3-19-26                ││ 東京都港区芝浦3-19-26                │
│ 購買部 大久保様                      ││ 購買部 大久保様                      │
│ 港区                      108-0023   ││ 港区                      108-0023   │
│ JAPAN                                ││ JAPAN                                │
└──────────────────────────────────────┘└──────────────────────────────────────┘
┌──────────────────────────────────────────────────────────────────────────────┐
│    Order Date: 09/29/26 Line Pricing: Yes      Confirmed: Yes                │
│ Required Date:                Manual:           Currency:      Language:     │
│  Promise Date:                  Site:            Taxable: No                 │
│      Due Date: 09/29/26      Channel:                  Fixed Price: Yes      │
│  Perform Date:               Project:                 Credit Terms:          │
│  Pricing Date:                             Credit Terms Interest %: 0.00     │
│Purchase Order:                                             Reprice: No       │
│       Remarks:                                          Entered By: takehik  │
└──────────────────────────────────────────────────────────────────────────────┘
ERROR: Not a valid customer.  Please re-enter.

F1=Go 2=Hlp 3=Ins 4=End 6=Mnu 7=Rcl 8=Clr 9=Prev 10=Next 11=Buf
[2026-09-29 09:54:44] [INFO] === QAD 99.7.1.1 受注入力自動化を開始します ===
[2026-09-29 09:54:44] [INFO] メインメニューまたはヘッダー画面から全工程 (Step 1〜6.3.0) を実行します。
[2026-09-29 09:54:44] [INFO] === QAD 99.7.1.1 受注入力自動化 全工程実行開始 ===
[2026-09-29 09:54:44] [INFO] Step 1: '99.7.1.1\r' 送信
[2026-09-29 09:54:44] [INFO] Step 1: Order番号自動採番 (空欄 Enter 送信)
[2026-09-29 09:54:44] [INFO] Order ID を記録: Sold
[2026-09-29 09:54:44] [INFO] Step 2: Sold-To 入力 (20000600)
[2026-09-29 09:54:45] [INFO] Step 2: Sold-To 後の Category 警告検知 -> Space 送信
[2026-09-29 09:54:45] [INFO] Step 2: Bill-To 入力 (20000600)
[2026-09-29 09:54:46] [INFO] Step 2: Ship-To 入力 (20000601)
[2026-09-29 09:54:46] [INFO] Step 2: Order Date スキップ
[2026-09-29 09:54:46] [INFO] Step 2: Required Date 入力 (09/29/26)
[2026-09-29 09:54:47] [INFO] Step 2: Promise Date スキップ
[2026-09-29 09:54:47] [INFO] Step 2: Due Date 入力 (09/30/26)
[2026-09-29 09:54:47] [INFO] Step 2: Perform Date スキップ
[2026-09-29 09:54:47] [INFO] Step 2: Pricing Date スキップ
[2026-09-29 09:54:47] [INFO] Step 2: Purchase Order 入力 (test)
[2026-09-29 09:54:48] [INFO] Step 2: Remarks 入力 (test)
[2026-09-29 09:54:48] [INFO] Step 2: F1 送信 (ヘッダー確定)
[2026-09-29 09:54:48] [INFO] Step 2: ヘッダー確定後の警告検知 -> Space 送信
[2026-09-29 09:54:49] [INFO] Step 3: F1 送信 (Tax スキップ)
[2026-09-29 09:54:49] [INFO] Step 4: F1 送信 (Salesperson スキップ)
[2026-09-29 09:54:50] [INFO] Step 5: F4 送信 (コメントなし・明細へ直行)
[2026-09-29 09:54:50] [INFO] === Step 6 受注明細行入力開始 (全 1 品番) ===
[2026-09-29 09:54:50] [INFO] --- [Line 1] 品番: BW0100D / 単価: 150 / 長さグループ: 1件 ---
[2026-09-29 09:54:51] [INFO] 6.1.0: Enter 送信 (Line 1 自動採番)
[2026-09-29 09:54:51] [INFO] 6.1.1: F1 送信 (Create WO ポップアップスキップ)
[2026-09-29 09:54:51] [INFO] 6.1.3: 品番 'BW0100D' + F1 送信
[2026-09-29 09:54:52] [INFO] 6.1.3: Site 'CB2' + F1 送信
[2026-09-29 09:54:53] [INFO] 画面待機中 (6.1.4 Qty Ordered UM または スリット設定画面): 'Press space' プロンプトを検知。Spaceキーを送信します。
[2026-09-29 09:54:53] [INFO] 6.1.4: F1 送信 (Qty Ordered UM スキップ)
[2026-09-29 09:54:54] [INFO]   SL 1: 長さ '600'm (明細 1件) 開始
[2026-09-29 09:54:54] [INFO]   SL 1: F1 -> Enter -> Enter で Len(m) 欄へ移動
[2026-09-29 09:54:55] [INFO]   6.2.0: 長さ '600' + Enter 送信
[2026-09-29 09:54:55] [INFO]     Roll 1/1: 本数=1, 幅=200mm
[2026-09-29 09:54:56] [INFO]   6.2.1: F4 送信 (長さ '600'm ロール入力完了)
[2026-09-29 09:54:57] [INFO]   6.2.1: F1 送信 ('yes' 確定)
[2026-09-29 09:54:57] [INFO] 6.1.4: F4 送信 (品番 'BW0100D' 全スリット設定完了)
[2026-09-29 09:54:57] [INFO] 6.1.4: F1 送信 ('yes' 確定)
[2026-09-29 09:54:58] [INFO] 6.2.3: Orig Order Qty スキップ (F1)
[2026-09-29 09:54:58] [INFO] 6.2.3: F1 送信 (Pricing Date スキップ)
[2026-09-29 09:54:59] [INFO] 6.2.4: F1 送信 (List Price スキップ)
[2026-09-29 09:54:59] [INFO] 6.2.4: 単価 '150' + F1 送信 (単価確定)
[2026-09-29 09:55:00] [INFO] 6.2.4: F1 送信 (詳細枠確定 -> Tax ポップアップへ)
[2026-09-29 09:55:00] [INFO] 6.2.5: F1 送信 (Tax スキップ)
[2026-09-29 09:55:13] [ERROR] 受注入力自動化タイムアウト: 画面遷移待機タイムアウト (12.0秒): 6.1.0 メインメニュー復帰
現在の画面表示:
xxsosomt.p b+            99.7.1.1 Sales Order Maintenance             09/29/26
┌──────────────────────────── Transaction Comments ────────────────────────────┐
│             Page: 1                                                          │
│ Master Reference: BW0100D                                    Language:       │
│             Type:                                                Page: 1     │
│                                                                              │
│                                                                              │
│                                                                              │
│                                                                              │
│                                                                              │
│                                                                              │
│                                                                              │
│                                                                              │
│                                                                              │
│                                                                              │
│                                                                              │
│                                                                              │
│                                                                              │
│                                                                              │
│                                                                              │
└──────────────────────────────────────────────────────────────────────────────┘
Adding new record

F1=Go 2=Hlp 3=Ins 4=End 6=Mnu 7=Rcl 8=Clr 9=Prev 10=Next 11=Buf
[2026-09-29 09:55:33] [INFO] 入力欄クリック検知: 現在=InputField(row=3, cols=20..60)(左列=True) -> 宛先=InputField(row=3, cols=20..60)(左列=True), クリック列=45
[2026-09-29 09:55:39] [INFO] レポート条件入力画面で F1 キーが押下されました。クエリ待機ステータスを開始します。
[2026-09-29 09:56:16] [INFO] F4押下によりクエリ待機を解除しました
[2026-09-29 09:56:17] [INFO] レポート条件入力画面で F1 キーが押下されました。クエリ待機ステータスを開始します。
[2026-09-29 09:56:18] [INFO] F4押下によりクエリ待機を解除しました
[2026-09-29 09:56:19] [INFO] レポート条件入力画面で F1 キーが押下されました。クエリ待機ステータスを開始します。
[2026-09-29 09:56:20] [INFO] F4押下によりクエリ待機を解除しました
[2026-09-29 09:56:25] [INFO] レポート条件入力画面で F1 キーが押下されました。クエリ待機ステータスを開始します。
[2026-09-29 09:56:26] [INFO] レポート条件入力画面で F1 キーが押下されました。クエリ待機ステータスを開始します。
[2026-09-29 09:56:36] [INFO] レポート条件入力画面で F1 キーが押下されました。クエリ待機ステータスを開始します。
[2026-09-29 09:56:37] [INFO] F4押下によりクエリ待機を解除しました
[2026-09-29 09:56:40] [INFO] レポート条件入力画面で F1 キーが押下されました。クエリ待機ステータスを開始します。
[2026-09-29 09:56:41] [INFO] レポート条件入力画面で F1 キーが押下されました。クエリ待機ステータスを開始します。
[2026-09-29 09:56:43] [INFO] レポート条件入力画面で F1 キーが押下されました。クエリ待機ステータスを開始します。
[2026-09-29 09:58:09] [INFO] F4押下によりクエリ待機を解除しました
[2026-09-29 09:58:13] [INFO] === QAD 99.7.1.1 受注入力自動化を開始します ===
[2026-09-29 09:58:13] [INFO] メインメニューまたはヘッダー画面から全工程 (Step 1〜6.3.0) を実行します。
[2026-09-29 09:58:13] [INFO] === QAD 99.7.1.1 受注入力自動化 全工程実行開始 ===
[2026-09-29 09:58:13] [INFO] Step 1: '99.7.1.1\r' 送信
[2026-09-29 09:58:14] [INFO] Step 1: Order番号自動採番 (空欄 Enter 送信)
[2026-09-29 09:58:14] [INFO] Order ID を記録: Sold
[2026-09-29 09:58:14] [INFO] Step 2: Sold-To 入力 (20000600)
[2026-09-29 09:58:15] [INFO] Step 2: Sold-To 後の Category 警告検知 -> Space 送信
[2026-09-29 09:58:15] [INFO] Step 2: Bill-To 入力 (20000600)
[2026-09-29 09:58:16] [INFO] Step 2: Ship-To 入力 (20000601)
[2026-09-29 09:58:16] [INFO] Step 2: Order Date スキップ
[2026-09-29 09:58:16] [INFO] Step 2: Required Date 入力 (09/29/26)
[2026-09-29 09:58:16] [INFO] Step 2: Promise Date スキップ
[2026-09-29 09:58:17] [INFO] Step 2: Due Date 入力 (09/30/26)
[2026-09-29 09:58:17] [INFO] Step 2: Perform Date スキップ
[2026-09-29 09:58:17] [INFO] Step 2: Pricing Date スキップ
[2026-09-29 09:58:17] [INFO] Step 2: Purchase Order 入力 (test)
[2026-09-29 09:58:17] [INFO] Step 2: Remarks 入力 (test)
[2026-09-29 09:58:18] [INFO] Step 2: F1 送信 (ヘッダー確定)
[2026-09-29 09:58:18] [INFO] Step 2: ヘッダー確定後の警告検知 -> Space 送信
[2026-09-29 09:58:19] [INFO] 画面待機中 (Step 3: Tax ポップアップ または Salesperson画面): 'Press space' プロンプトを検知。Spaceキーを送信します。
[2026-09-29 09:58:19] [INFO] Step 3: F1 送信 (Tax スキップ)
[2026-09-29 09:58:20] [INFO] Step 4: F1 送信 (Salesperson スキップ)
[2026-09-29 09:58:20] [INFO] Step 5: F4 送信 (コメントなし・明細へ直行)
[2026-09-29 09:58:21] [INFO] === Step 6 受注明細行入力開始 (全 1 品番) ===
[2026-09-29 09:58:21] [INFO] --- [Line 1] 品番: BW0100D / 単価: 150 / 長さグループ: 1件 ---
[2026-09-29 09:58:21] [INFO] 6.1.0: Enter 送信 (Line 1 自動採番)
[2026-09-29 09:58:21] [INFO] 6.1.1: F1 送信 (Create WO ポップアップスキップ)
[2026-09-29 09:58:22] [INFO] 6.1.3: 品番 'BW0100D' + F1 送信
[2026-09-29 09:58:22] [INFO] 6.1.3: Site 'CB2' + F1 送信
[2026-09-29 09:58:23] [INFO] 画面待機中 (6.1.4 Qty Ordered UM または スリット設定画面): 'Press space' プロンプトを検知。Spaceキーを送信します。
[2026-09-29 09:58:23] [INFO] 6.1.4: F1 送信 (Qty Ordered UM スキップ)
[2026-09-29 09:58:24] [INFO]   SL 1: 長さ '600'm (明細 1件) 開始
[2026-09-29 09:58:24] [INFO]   SL 1: F1 -> Enter -> Enter で Len(m) 欄へ移動
[2026-09-29 09:58:25] [INFO]   6.2.0: 長さ '600' + Enter 送信
[2026-09-29 09:58:25] [INFO]     Roll 1/1: 本数=1, 幅=200mm
[2026-09-29 09:58:26] [INFO]   6.2.1: F4 送信 (長さ '600'm ロール入力完了)
[2026-09-29 09:58:27] [INFO]   6.2.1: F1 送信 ('yes' 確定)
[2026-09-29 09:58:27] [INFO] 6.1.4: F4 送信 (品番 'BW0100D' 全スリット設定完了)
[2026-09-29 09:58:27] [INFO] 6.1.4: F1 送信 ('yes' 確定)
[2026-09-29 09:58:28] [INFO] 6.2.3: Orig Order Qty スキップ (F1)
[2026-09-29 09:58:28] [INFO] 6.2.3: F1 送信 (Pricing Date スキップ)
[2026-09-29 09:58:29] [INFO] 6.2.4: F1 送信 (List Price スキップ)
[2026-09-29 09:58:29] [INFO] 6.2.4: 単価 '150' + F1 送信 (単価確定)
[2026-09-29 09:58:29] [INFO] 6.2.4: F1 送信 (詳細枠確定 -> Tax ポップアップへ)
[2026-09-29 09:58:30] [INFO] 6.2.5: F1 送信 (Tax スキップ)
[2026-09-29 09:58:41] [INFO] 6.3.0: F4 を送信して最終合計画面へ進みます
[2026-09-29 09:58:47] [INFO] レポート条件入力画面で F1 キーが押下されました。クエリ待機ステータスを開始します。
[2026-09-29 09:58:50] [INFO] レポート条件入力画面で F1 キーが押下されました。クエリ待機ステータスを開始します。
[2026-09-29 09:58:55] [ERROR] 受注入力自動化タイムアウト: 画面遷移待機タイムアウト (12.0秒): 6.3.0 最終合計画面
現在の画面表示:
xxsosomt.p b+            99.7.1.1 Sales Order Maintenance             09/29/26
┌──────────────────────────────────────────────────────────────────────────────┐
│ Sales Order: SO199425 Sold-To: 20000600 Ln Format S/M: Single                │
└──────────────────────────────────────────────────────────────────────────────┘
┌────────────────────────────── Sales Order Line ──────────────────────────────┐
│ Ln Item Number        Qty Ordered UM     List Price Discount           Price │
│─── ────────────────── ─────────── ── ────────────── ──────── ─────────────── │
│  1 BW0100D                  120.0 M2          77.00  -94.805          150.00 │
└──────────────────────────────────────────────────────────────────────────────┘
┌──────Reason Code───────┐
│    List Price: 70      │
│  Request Date: 28      │
│  Promise Date:         │
└────────────────────────┘







ERROR: Reason Code for 'Request Date' cannot be blank.  Please re-enter.

F1=Go 2=Help 3=Ins 4=End 6=Menu 7=Rcl 8=Clr 11=Paste
[2026-09-29 09:58:58] [INFO] レポート条件入力画面で F1 キーが押下されました。クエリ待機ステータスを開始します。
[2026-09-29 09:58:59] [INFO] F4押下によりクエリ待機を解除しました
[2026-09-29 09:59:00] [INFO] レポート条件入力画面で F1 キーが押下されました。クエリ待機ステータスを開始します。
[2026-09-29 09:59:01] [INFO] レポート条件入力画面で F1 キーが押下されました。クエリ待機ステータスを開始します。
[2026-09-29 09:59:20] [INFO] レポート条件入力画面で F1 キーが押下されました。クエリ待機ステータスを開始します。
[2026-09-29 09:59:21] [INFO] レポート条件入力画面で F1 キーが押下されました。クエリ待機ステータスを開始します。
[2026-09-29 09:59:22] [INFO] レポート条件入力画面で F1 キーが押下されました。クエリ待機ステータスを開始します。
[2026-09-29 09:59:23] [INFO] レポート条件入力画面で F1 キーが押下されました。クエリ待機ステータスを開始します。
[2026-09-29 09:59:24] [INFO] レポート条件入力画面で F1 キーが押下されました。クエリ待機ステータスを開始します。
[2026-09-29 09:59:30] [INFO] F4押下によりクエリ待機を解除しました
[2026-09-29 10:07:22] [INFO] ======================================================================
[2026-09-29 10:07:22] [INFO] QAD Modern Terminal 起動 - 2026-09-29 10:07:22
[2026-09-29 10:07:22] [INFO] Python: 3.12.10 (tags/v3.12.10:0cc8128, Apr  8 2025, 12:21:36) [MSC v.1943 64 bit (AMD64)] | 実行パス: C:\Users\0138018\AppData\Local\Programs\Python\Python312\pythonw.exe
[2026-09-29 10:07:22] [INFO] PROJECT_ROOT: C:\Users\0138018\.antigravity\mfgpro_controller
[2026-09-29 10:07:22] [INFO] ======================================================================
[2026-09-29 10:07:28] [INFO] SSH接続確立 (connected) [Tab 1]
[2026-09-29 10:07:28] [INFO] 自動ログイン: Tab 1 のMain Menu自動遷移シーケンスを開始
[2026-09-29 10:07:32] [INFO] 自動ログイン: Tab 1 Main Menu 着弾検知
[2026-09-29 10:09:16] [INFO] ======================================================================
[2026-09-29 10:09:16] [INFO] QAD Modern Terminal 起動 - 2026-09-29 10:09:16
[2026-09-29 10:09:16] [INFO] Python: 3.12.10 (tags/v3.12.10:0cc8128, Apr  8 2025, 12:21:36) [MSC v.1943 64 bit (AMD64)] | 実行パス: C:\Users\0138018\AppData\Local\Programs\Python\Python312\pythonw.exe
[2026-09-29 10:09:16] [INFO] PROJECT_ROOT: C:\Users\0138018\.antigravity\mfgpro_controller
[2026-09-29 10:09:16] [INFO] ======================================================================
[2026-09-29 10:09:22] [INFO] SSH接続確立 (connected) [Tab 1]
[2026-09-29 10:09:22] [INFO] 自動ログイン: Tab 1 のMain Menu自動遷移シーケンスを開始
[2026-09-29 10:09:26] [INFO] 自動ログイン: Tab 1 Main Menu 着弾検知
[2026-09-29 10:10:10] [INFO] === QAD 99.7.1.1 受注入力自動化を開始します ===
[2026-09-29 10:10:10] [INFO] メインメニューまたはヘッダー画面から全工程 (Step 1〜6.3.0) を実行します。
[2026-09-29 10:10:10] [INFO] === QAD 99.7.1.1 受注入力自動化 全工程実行開始 ===
[2026-09-29 10:10:10] [INFO] Step 1: '99.7.1.1\r' 送信
[2026-09-29 10:10:10] [INFO] Step 1: Order番号自動採番 (空欄で F1 送信)
[2026-09-29 10:10:11] [INFO] Order ID を記録: SO199429
[2026-09-29 10:10:11] [INFO] Step 2: Sold-To 入力 (20000600)
[2026-09-29 10:10:11] [INFO] Step 2: Sold-To 後の Category 警告検知 -> Space 送信
[2026-09-29 10:10:12] [INFO] Step 2: Bill-To 入力 (20000600)
[2026-09-29 10:10:12] [INFO] Step 2: Ship-To 入力 (20000601)
[2026-09-29 10:10:12] [INFO] Step 2: Order Date スキップ
[2026-09-29 10:10:13] [INFO] Step 2: Required Date 入力 (09/29/26)
[2026-09-29 10:10:13] [INFO] Step 2: Promise Date スキップ
[2026-09-29 10:10:13] [INFO] Step 2: Due Date 入力 (09/30/26)
[2026-09-29 10:10:13] [INFO] Step 2: Perform Date スキップ
[2026-09-29 10:10:13] [INFO] Step 2: Pricing Date スキップ
[2026-09-29 10:10:14] [INFO] Step 2: Purchase Order 入力 (test)
[2026-09-29 10:10:14] [INFO] Step 2: Remarks 入力 (test)
[2026-09-29 10:10:14] [INFO] Step 2: F1 送信 (ヘッダー確定)
[2026-09-29 10:10:15] [INFO] Step 2: ヘッダー確定後の警告検知 -> Space 送信
[2026-09-29 10:10:15] [INFO] Step 3: F1 送信 (Tax スキップ)
[2026-09-29 10:10:16] [INFO] Step 4: F1 送信 (Salesperson スキップ)
[2026-09-29 10:10:16] [INFO] Step 5: F4 送信 (コメントなし・明細へ直行)
[2026-09-29 10:10:17] [INFO] === Step 6 受注明細行入力開始 (全 1 品番) ===
[2026-09-29 10:10:17] [INFO] --- [Line 1] 品番: BW0100D / 単価: 150 / 長さグループ: 1件 ---
[2026-09-29 10:10:17] [INFO] 6.1.0: Enter 送信 (Line 1 自動採番)
[2026-09-29 10:10:17] [INFO] 6.1.1: F1 送信 (Create WO ポップアップスキップ)
[2026-09-29 10:10:17] [INFO] 6.1.3: 品番 'BW0100D' + F1 送信
[2026-09-29 10:10:18] [INFO] 6.1.3: Site 'CB2' + F1 送信
[2026-09-29 10:10:19] [INFO] 画面待機中 (6.1.4 Qty Ordered UM または スリット設定画面): 'Press space' プロンプトを検知。Spaceキーを送信します。
[2026-09-29 10:10:19] [INFO] 6.1.4: F1 送信 (Qty Ordered UM スキップ)
[2026-09-29 10:10:20] [INFO]   SL 1: 長さ '600'm (明細 1件) 開始
[2026-09-29 10:10:20] [INFO]   SL 1: F1 -> Enter -> Enter で Len(m) 欄へ移動
[2026-09-29 10:10:21] [INFO]   6.2.0: 長さ '600' + Enter 送信
[2026-09-29 10:10:21] [INFO]     Roll 1/1: 本数=1, 幅=200mm
[2026-09-29 10:10:22] [INFO]   6.2.1: F4 送信 (長さ '600'm ロール入力完了)
[2026-09-29 10:10:23] [INFO]   6.2.1: F1 送信 ('yes' 確定)
[2026-09-29 10:10:23] [INFO] 6.1.4: F4 送信 (品番 'BW0100D' 全スリット設定完了)
[2026-09-29 10:10:23] [INFO] 6.1.4: F1 送信 ('yes' 確定)
[2026-09-29 10:10:24] [INFO] 6.2.3: Orig Order Qty スキップ (F1)
[2026-09-29 10:10:24] [INFO] 6.2.3: F1 送信 (Pricing Date スキップ)
[2026-09-29 10:10:25] [INFO] 6.2.4: F1 送信 (List Price スキップ)
[2026-09-29 10:10:25] [INFO] 6.2.4: 単価 '150' + F1 送信 (単価確定)
[2026-09-29 10:10:25] [INFO] 6.2.4: F1 送信 (詳細枠確定 -> Tax ポップアップへ)
[2026-09-29 10:10:26] [INFO] 6.2.5: F1 送信 (Tax スキップ)
[2026-09-29 10:10:26] [INFO] 6.2.5: F4 送信 (明細行 Transaction Comments 終了 -> Reason Code または 次画面へ)
[2026-09-29 10:10:27] [INFO] 6.2.5: Reason Code 検知 (70 MISC -> 28 INTERNAL -> 28 INTERNAL + F1)
[2026-09-29 10:10:28] [INFO] 6.3.0: 次行 Create WO 解除 (F1)
[2026-09-29 10:10:28] [INFO] 6.3.0: F4 を送信して最終合計画面へ進みます
[2026-09-29 10:10:29] [INFO] 6.3.0: 最終合計画面の表示を確認しました
[2026-09-29 10:10:29] [INFO] 6.3.0: F1 送信 (下段フレーム展開)
[2026-09-29 10:10:30] [INFO] 6.3.0: F4 送信 (注文データコミット・与信チェック)
[2026-09-29 10:10:30] [INFO] 6.3.0: 与信警告検知。スペースキー送信
[2026-09-29 10:10:31] [INFO] 6.3.0: 最終 F4 送信 (注文完了・初期画面復帰)
[2026-09-29 10:10:31] [INFO] === QAD 99.7.1.1 受注入力自動化 全工程完了 (Order ID: SO199429) ===
[2026-09-29 10:10:31] [INFO] 受注登録完了通知: Order ID = SO199429
[2026-09-29 10:10:43] [INFO] レポート条件入力画面で F1 キーが押下されました。クエリ待機ステータスを開始します。
[2026-09-29 10:10:46] [INFO] レポート条件入力画面で F1 キーが押下されました。クエリ待機ステータスを開始します。
[2026-09-29 10:10:52] [INFO] F4押下によりクエリ待機を解除しました
[2026-09-29 10:14:46] [INFO] ======================================================================
[2026-09-29 10:14:46] [INFO] QAD Modern Terminal 起動 - 2026-09-29 10:14:46
[2026-09-29 10:14:46] [INFO] Python: 3.12.10 (tags/v3.12.10:0cc8128, Apr  8 2025, 12:21:36) [MSC v.1943 64 bit (AMD64)] | 実行パス: C:\Users\0138018\AppData\Local\Programs\Python\Python312\python.exe
[2026-09-29 10:14:46] [INFO] PROJECT_ROOT: C:\Users\0138018\.antigravity\mfgpro_controller
[2026-09-29 10:14:46] [INFO] ======================================================================
[2026-09-29 10:14:56] [INFO] ======================================================================
[2026-09-29 10:14:56] [INFO] QAD Modern Terminal 起動 - 2026-09-29 10:14:56
[2026-09-29 10:14:56] [INFO] Python: 3.12.10 (tags/v3.12.10:0cc8128, Apr  8 2025, 12:21:36) [MSC v.1943 64 bit (AMD64)] | 実行パス: C:\Users\0138018\AppData\Local\Programs\Python\Python312\python.exe
[2026-09-29 10:14:56] [INFO] PROJECT_ROOT: C:\Users\0138018\.antigravity\mfgpro_controller
[2026-09-29 10:14:56] [INFO] ======================================================================
[2026-09-29 10:15:05] [INFO] ======================================================================
[2026-09-29 10:15:05] [INFO] QAD Modern Terminal 起動 - 2026-09-29 10:15:05
[2026-09-29 10:15:05] [INFO] Python: 3.12.10 (tags/v3.12.10:0cc8128, Apr  8 2025, 12:21:36) [MSC v.1943 64 bit (AMD64)] | 実行パス: C:\Users\0138018\AppData\Local\Programs\Python\Python312\python.exe
[2026-09-29 10:15:05] [INFO] PROJECT_ROOT: C:\Users\0138018\.antigravity\mfgpro_controller
[2026-09-29 10:15:05] [INFO] ======================================================================
[2026-09-29 10:15:30] [INFO] ======================================================================
[2026-09-29 10:15:30] [INFO] QAD Modern Terminal 起動 - 2026-09-29 10:15:30
[2026-09-29 10:15:30] [INFO] Python: 3.12.10 (tags/v3.12.10:0cc8128, Apr  8 2025, 12:21:36) [MSC v.1943 64 bit (AMD64)] | 実行パス: C:\Users\0138018\AppData\Local\Programs\Python\Python312\python.exe
[2026-09-29 10:15:30] [INFO] PROJECT_ROOT: C:\Users\0138018\.antigravity\mfgpro_controller
[2026-09-29 10:15:30] [INFO] ======================================================================
[2026-09-29 10:15:41] [INFO] ======================================================================
[2026-09-29 10:15:41] [INFO] QAD Modern Terminal 起動 - 2026-09-29 10:15:41
[2026-09-29 10:15:41] [INFO] Python: 3.12.10 (tags/v3.12.10:0cc8128, Apr  8 2025, 12:21:36) [MSC v.1943 64 bit (AMD64)] | 実行パス: C:\Users\0138018\AppData\Local\Programs\Python\Python312\python.exe
[2026-09-29 10:15:41] [INFO] PROJECT_ROOT: C:\Users\0138018\.antigravity\mfgpro_controller
[2026-09-29 10:15:41] [INFO] ======================================================================
[2026-09-29 11:14:30] [INFO] SSH切断 (closed, error=None) [Tab 1]
[2026-09-29 13:44:14] [INFO] ======================================================================
[2026-09-29 13:44:14] [INFO] QAD Modern Terminal 起動 - 2026-09-29 13:44:14
[2026-09-29 13:44:14] [INFO] Python: 3.12.10 (tags/v3.12.10:0cc8128, Apr  8 2025, 12:21:36) [MSC v.1943 64 bit (AMD64)] | 実行パス: C:\Users\0138018\AppData\Local\Programs\Python\Python312\pythonw.exe
[2026-09-29 13:44:14] [INFO] PROJECT_ROOT: C:\Users\0138018\.antigravity\mfgpro_controller
[2026-09-29 13:44:14] [INFO] ======================================================================
[2026-09-29 13:44:32] [INFO] SSH接続確立 (connected) [Tab 1]
[2026-09-29 13:44:32] [INFO] 自動ログイン: Tab 1 のMain Menu自動遷移シーケンスを開始
[2026-09-29 13:44:36] [INFO] 自動ログイン: Tab 1 Main Menu 着弾検知
[2026-09-29 13:46:26] [INFO] === QAD 99.7.1.1 受注入力自動化を開始します ===
[2026-09-29 13:46:26] [INFO] メインメニューまたはヘッダー画面から全工程 (Step 1〜6.3.0) を実行します。
[2026-09-29 13:46:26] [INFO] === QAD 99.7.1.1 受注入力自動化 全工程実行開始 ===
[2026-09-29 13:46:26] [INFO] Step 1: '99.7.1.1\r' 送信
[2026-09-29 13:46:26] [INFO] Step 1: Order番号自動採番 (空欄で F1 送信)
[2026-09-29 13:46:27] [INFO] Order ID を記録: SO199490
[2026-09-29 13:46:27] [INFO] Step 2: Sold-To 入力 (20000600)
[2026-09-29 13:46:27] [INFO] Step 2: Sold-To 後の Category 警告検知 -> Space 送信
[2026-09-29 13:46:28] [INFO] Step 2: Bill-To 入力 (20000600)
[2026-09-29 13:46:28] [INFO] Step 2: Ship-To 入力 (20000601)
[2026-09-29 13:46:29] [INFO] Step 2: Order Date スキップ
[2026-09-29 13:46:29] [INFO] Step 2: Required Date 入力 (10/01/26)
[2026-09-29 13:46:29] [INFO] Step 2: Promise Date スキップ
[2026-09-29 13:46:29] [INFO] Step 2: Due Date 入力 (09/29/26)
[2026-09-29 13:46:29] [INFO] Step 2: Perform Date スキップ
[2026-09-29 13:46:30] [INFO] Step 2: Pricing Date スキップ
[2026-09-29 13:46:30] [INFO] Step 2: Purchase Order 入力 (test)
[2026-09-29 13:46:30] [INFO] Step 2: Remarks 入力 (test)
[2026-09-29 13:46:30] [INFO] Step 2: F1 送信 (ヘッダー確定)
[2026-09-29 13:46:31] [INFO] Step 2: ヘッダー確定後の警告検知 -> Space 送信
[2026-09-29 13:46:31] [INFO] Step 3: F1 送信 (Tax スキップ)
[2026-09-29 13:46:32] [INFO] Step 4: F1 送信 (Salesperson スキップ)
[2026-09-29 13:46:32] [INFO] Step 5: F4 送信 (コメントなし・明細へ直行)
[2026-09-29 13:46:33] [INFO] === Step 6 受注明細行入力開始 (全 1 品番) ===
[2026-09-29 13:46:33] [INFO] --- [Line 1] 品番: BW0100D / 単価: 120 / 長さグループ: 1件 ---
[2026-09-29 13:46:33] [INFO] 6.1.0: Enter 送信 (Line 1 自動採番)
[2026-09-29 13:46:33] [INFO] 6.1.1: F1 送信 (Create WO ポップアップスキップ)
[2026-09-29 13:46:33] [INFO] 6.1.3: 品番 'BW0100D' + F1 送信
[2026-09-29 13:46:34] [INFO] 6.1.3: Site 'CB2' + F1 送信
[2026-09-29 13:46:35] [INFO] 画面待機中 (6.1.4 Qty Ordered UM または スリット設定画面): 'Press space' プロンプトを検知。Spaceキーを送信します。
[2026-09-29 13:46:35] [INFO] 6.1.4: F1 送信 (Qty Ordered UM スキップ)
[2026-09-29 13:46:36] [INFO]   SL 1: 長さ '600'm (明細 1件) 開始
[2026-09-29 13:46:36] [INFO]   SL 1: F1 -> Enter -> Enter で Len(m) 欄へ移動
[2026-09-29 13:46:37] [INFO]   6.2.0: 長さ '600' + Enter 送信
[2026-09-29 13:46:37] [INFO]     Roll 1/1: 本数=1, 幅=200mm
[2026-09-29 13:46:38] [INFO]   6.2.1: F4 送信 (長さ '600'm ロール入力完了)
[2026-09-29 13:46:39] [INFO]   6.2.1: F1 送信 ('yes' 確定)
[2026-09-29 13:46:39] [INFO] 6.1.4: F4 送信 (品番 'BW0100D' 全スリット設定完了)
[2026-09-29 13:46:39] [INFO] 6.1.4: F1 送信 ('yes' 確定)
[2026-09-29 13:46:40] [INFO] 6.2.3: Orig Order Qty スキップ (F1)
[2026-09-29 13:46:40] [INFO] 6.2.3: F1 送信 (Pricing Date スキップ)
[2026-09-29 13:46:41] [INFO] 6.2.4: F1 送信 (List Price スキップ)
[2026-09-29 13:46:41] [INFO] 6.2.4: 単価 '120' + F1 送信 (単価確定)
[2026-09-29 13:46:42] [INFO] 6.2.4: F1 送信 (詳細枠確定 -> Tax ポップアップへ)
[2026-09-29 13:46:42] [INFO] 6.2.5: F1 送信 (Tax スキップ)
[2026-09-29 13:46:42] [INFO] 6.2.5: F4 送信 (明細行 Transaction Comments 終了 -> Reason Code または 次画面へ)
[2026-09-29 13:46:43] [INFO] 6.2.5: Reason Code 検知 (70 MISC -> 28 INTERNAL -> 28 INTERNAL + F1)
[2026-09-29 13:46:44] [INFO] 6.3.0: 次行 Create WO 解除 (F1)
[2026-09-29 13:46:44] [INFO] 6.3.0: F4 を送信して最終合計画面へ進みます
[2026-09-29 13:46:46] [INFO] 6.3.0: 最終合計画面の表示を確認しました
[2026-09-29 13:46:46] [INFO] 6.3.0: F1 送信 (下段フレーム展開)
[2026-09-29 13:46:46] [INFO] 6.3.0: F4 送信 (注文データコミット・与信チェック)
[2026-09-29 13:46:47] [INFO] 6.3.0: 与信警告検知。スペースキー送信
[2026-09-29 13:46:47] [INFO] 6.3.0: 最終 F4 送信 (注文完了・初期画面復帰)
[2026-09-29 13:46:48] [INFO] === QAD 99.7.1.1 受注入力自動化 全工程完了 (Order ID: SO199490) ===
[2026-09-29 13:46:48] [INFO] 受注登録完了通知: Order ID = SO199490
[2026-09-29 13:48:12] [INFO] レポート条件入力画面で F1 キーが押下されました。クエリ待機ステータスを開始します。
[2026-09-29 13:48:12] [INFO] キーコード送信: '\x1bOP'
[2026-09-29 13:48:14] [INFO] レポート条件入力画面で F1 キーが押下されました。クエリ待機ステータスを開始します。
[2026-09-29 13:48:14] [INFO] キーコード送信: '\x1bOP'
[2026-09-29 13:49:25] [INFO] レポート条件入力画面で F1 キーが押下されました。クエリ待機ステータスを開始します。
[2026-09-29 13:49:25] [INFO] キーコード送信: '\x1bOP'
[2026-09-29 13:49:28] [INFO] レポート条件入力画面で F1 キーが押下されました。クエリ待機ステータスを開始します。
[2026-09-29 13:49:28] [INFO] キーコード送信: '\x1bOP'
[2026-09-29 13:49:29] [INFO] レポート条件入力画面で F1 キーが押下されました。クエリ待機ステータスを開始します。
[2026-09-29 13:49:29] [INFO] キーコード送信: '\x1bOP'
[2026-09-29 13:49:30] [INFO] レポート条件入力画面で F1 キーが押下されました。クエリ待機ステータスを開始します。
[2026-09-29 13:49:30] [INFO] キーコード送信: '\x1bOP'
[2026-09-29 13:49:30] [INFO] レポート条件入力画面で F1 キーが押下されました。クエリ待機ステータスを開始します。
[2026-09-29 13:49:30] [INFO] キーコード送信: '\x1bOP'
[2026-09-29 13:49:31] [INFO] レポート条件入力画面で F1 キーが押下されました。クエリ待機ステータスを開始します。
[2026-09-29 13:49:31] [INFO] キーコード送信: '\x1bOP'
[2026-09-29 13:49:32] [INFO] レポート条件入力画面で F1 キーが押下されました。クエリ待機ステータスを開始します。
[2026-09-29 13:49:32] [INFO] キーコード送信: '\x1bOP'
[2026-09-29 13:49:32] [INFO] レポート条件入力画面で F1 キーが押下されました。クエリ待機ステータスを開始します。
[2026-09-29 13:49:32] [INFO] キーコード送信: '\x1bOP'
[2026-09-29 13:49:34] [INFO] レポート条件入力画面で F1 キーが押下されました。クエリ待機ステータスを開始します。
[2026-09-29 13:49:34] [INFO] キーコード送信: '\x1bOP'
[2026-09-29 13:49:39] [INFO] レポート条件入力画面で F1 キーが押下されました。クエリ待機ステータスを開始します。
[2026-09-29 13:49:39] [INFO] キーコード送信: '\x1bOP'
[2026-09-29 13:49:41] [INFO] レポート条件入力画面で F1 キーが押下されました。クエリ待機ステータスを開始します。
[2026-09-29 13:49:41] [INFO] キーコード送信: '\x1bOP'
[2026-09-29 13:49:45] [INFO] レポート条件入力画面で F1 キーが押下されました。クエリ待機ステータスを開始します。
[2026-09-29 13:49:45] [INFO] キーコード送信: '\x1bOP'
[2026-09-29 13:49:46] [INFO] レポート条件入力画面で F1 キーが押下されました。クエリ待機ステータスを開始します。
[2026-09-29 13:49:46] [INFO] キーコード送信: '\x1bOP'
[2026-09-29 13:49:47] [INFO] レポート条件入力画面で F1 キーが押下されました。クエリ待機ステータスを開始します。
[2026-09-29 13:49:47] [INFO] キーコード送信: '\x1bOP'
[2026-09-29 13:49:51] [INFO] キーコード送信: '\x1bOP'
[2026-09-29 13:50:07] [INFO] キーコード送信: '\x1bOP'
[2026-09-29 13:50:08] [INFO] キーコード送信: '\x1bOP'
[2026-09-29 13:50:09] [INFO] キーコード送信: '\x1bOP'
[2026-09-29 13:50:10] [INFO] F4押下によりクエリ待機を解除しました
[2026-09-29 13:50:10] [INFO] キーコード送信: '\x1bOS'
[2026-09-29 13:50:10] [INFO] キーコード送信: '\x1bOS'
[2026-09-29 13:50:12] [INFO] キーコード送信: '\x1bOP'
[2026-09-29 13:50:13] [INFO] キーコード送信: '\x1bOS'
[2026-09-29 13:50:15] [INFO] キーコード送信: '\x1bOP'
[2026-09-29 13:50:16] [INFO] レポート条件入力画面で F1 キーが押下されました。クエリ待機ステータスを開始します。
[2026-09-29 13:50:16] [INFO] キーコード送信: '\x1bOP'
[2026-09-29 13:50:17] [INFO] レポート条件入力画面で F1 キーが押下されました。クエリ待機ステータスを開始します。
[2026-09-29 13:50:17] [INFO] キーコード送信: '\x1bOP'
[2026-09-29 13:50:20] [INFO] レポート条件入力画面で F1 キーが押下されました。クエリ待機ステータスを開始します。
[2026-09-29 13:50:20] [INFO] キーコード送信: '\x1bOP'
[2026-09-29 13:50:21] [INFO] レポート条件入力画面で F1 キーが押下されました。クエリ待機ステータスを開始します。
[2026-09-29 13:50:21] [INFO] キーコード送信: '\x1bOP'
[2026-09-29 13:50:23] [INFO] レポート条件入力画面で F1 キーが押下されました。クエリ待機ステータスを開始します。
[2026-09-29 13:50:23] [INFO] キーコード送信: '\x1bOP'
[2026-09-29 13:50:25] [INFO] F4押下によりクエリ待機を解除しました
[2026-09-29 13:50:25] [INFO] キーコード送信: '\x1bOS'
[2026-09-29 13:50:26] [INFO] キーコード送信: '\x1bOS'
[2026-09-29 13:50:27] [INFO] キーコード送信: '\x1bOS'
[2026-09-29 13:50:30] [INFO] レポート条件入力画面で F1 キーが押下されました。クエリ待機ステータスを開始します。
[2026-09-29 13:50:30] [INFO] キーコード送信: '\x1bOP'
[2026-09-29 13:50:39] [INFO] レポート条件入力画面で F1 キーが押下されました。クエリ待機ステータスを開始します。
[2026-09-29 13:50:39] [INFO] キーコード送信: '\x1bOP'
[2026-09-29 13:50:40] [INFO] F4押下によりクエリ待機を解除しました
[2026-09-29 13:50:40] [INFO] キーコード送信: '\x1bOS'
[2026-09-29 13:50:59] [INFO] レポート条件入力画面で F1 キーが押下されました。クエリ待機ステータスを開始します。
[2026-09-29 13:50:59] [INFO] キーコード送信: '\x1bOP'
[2026-09-29 13:51:00] [INFO] レポート条件入力画面で F1 キーが押下されました。クエリ待機ステータスを開始します。
[2026-09-29 13:51:00] [INFO] キーコード送信: '\x1bOP'
[2026-09-29 13:51:01] [INFO] レポート条件入力画面で F1 キーが押下されました。クエリ待機ステータスを開始します。
[2026-09-29 13:51:01] [INFO] キーコード送信: '\x1bOP'
[2026-09-29 13:51:01] [INFO] レポート条件入力画面で F1 キーが押下されました。クエリ待機ステータスを開始します。
[2026-09-29 13:51:01] [INFO] キーコード送信: '\x1bOP'
[2026-09-29 13:51:02] [INFO] レポート条件入力画面で F1 キーが押下されました。クエリ待機ステータスを開始します。
[2026-09-29 13:51:02] [INFO] キーコード送信: '\x1bOP'
[2026-09-29 13:51:34] [INFO] F4押下によりクエリ待機を解除しました
[2026-09-29 13:51:34] [INFO] キーコード送信: '\x1bOS'
[2026-09-29 14:00:54] [INFO] ======================================================================
[2026-09-29 14:00:54] [INFO] QAD Modern Terminal 起動 - 2026-09-29 14:00:54
[2026-09-29 14:00:54] [INFO] Python: 3.12.10 (tags/v3.12.10:0cc8128, Apr  8 2025, 12:21:36) [MSC v.1943 64 bit (AMD64)] | 実行パス: C:\Users\0138018\AppData\Local\Programs\Python\Python312\pythonw.exe
[2026-09-29 14:00:54] [INFO] PROJECT_ROOT: C:\Users\0138018\.antigravity\mfgpro_controller
[2026-09-29 14:00:54] [INFO] ======================================================================
[2026-09-29 14:01:00] [INFO] SSH接続確立 (connected) [Tab 1]
[2026-09-29 14:01:00] [INFO] 自動ログイン: Tab 1 のMain Menu自動遷移シーケンスを開始
[2026-09-29 14:01:04] [INFO] 自動ログイン: Tab 1 Main Menu 着弾検知
[2026-09-29 14:29:46] [INFO] ======================================================================
[2026-09-29 14:29:46] [INFO] QAD Modern Terminal 起動 - 2026-09-29 14:29:46
[2026-09-29 14:29:46] [INFO] Python: 3.12.10 (tags/v3.12.10:0cc8128, Apr  8 2025, 12:21:36) [MSC v.1943 64 bit (AMD64)] | 実行パス: C:\Users\0138018\AppData\Local\Programs\Python\Python312\pythonw.exe
[2026-09-29 14:29:46] [INFO] PROJECT_ROOT: C:\Users\0138018\.antigravity\mfgpro_controller
[2026-09-29 14:29:46] [INFO] ======================================================================
[2026-09-29 14:29:59] [INFO] SSH接続確立 (connected) [Tab 1]
[2026-09-29 14:29:59] [INFO] 自動ログイン: Tab 1 のMain Menu自動遷移シーケンスを開始
[2026-09-29 14:30:02] [INFO] 自動ログイン: Tab 1 Main Menu 着弾検知
[2026-09-29 14:38:12] [INFO] ======================================================================
[2026-09-29 14:38:12] [INFO] QAD Modern Terminal 起動 - 2026-09-29 14:38:12
[2026-09-29 14:38:12] [INFO] Python: 3.12.10 (tags/v3.12.10:0cc8128, Apr  8 2025, 12:21:36) [MSC v.1943 64 bit (AMD64)] | 実行パス: C:\Users\0138018\AppData\Local\Programs\Python\Python312\pythonw.exe
[2026-09-29 14:38:12] [INFO] PROJECT_ROOT: C:\Users\0138018\.antigravity\mfgpro_controller
[2026-09-29 14:38:12] [INFO] ======================================================================
[2026-09-29 14:38:19] [INFO] SSH接続確立 (connected) [Tab 1]
[2026-09-29 14:38:19] [INFO] 自動ログイン: Tab 1 のMain Menu自動遷移シーケンスを開始
[2026-09-29 14:38:23] [INFO] 自動ログイン: Tab 1 Main Menu 着弾検知
[2026-09-29 14:39:38] [INFO] === QAD 99.7.1.1 受注入力自動化を開始します ===
[2026-09-29 14:39:38] [INFO] メインメニューまたはヘッダー画面から全工程 (Step 1〜6.3.0) を実行します。
[2026-09-29 14:39:38] [INFO] === QAD 99.7.1.1 受注入力自動化 全工程実行開始 ===
[2026-09-29 14:39:38] [INFO] Step 1: '99.7.1.1\r' 送信
[2026-09-29 14:39:39] [INFO] Step 1: Order番号自動採番 (空欄で F1 送信)
[2026-09-29 14:39:40] [INFO] Order ID を記録: SO199501
[2026-09-29 14:39:40] [INFO] Step 2: Sold-To 入力 (20000600)
[2026-09-29 14:39:40] [INFO] Step 2: Sold-To 後の Category 警告検知 -> Space 送信
[2026-09-29 14:39:41] [INFO] Step 2: Bill-To 入力 (20000600)
[2026-09-29 14:39:41] [INFO] Step 2: Ship-To 入力 (20000601)
[2026-09-29 14:39:41] [INFO] Step 2: Order Date スキップ
[2026-09-29 14:39:42] [INFO] Step 2: Required Date 入力 (09/29/26)
[2026-09-29 14:39:42] [INFO] Step 2: Promise Date スキップ
[2026-09-29 14:39:42] [INFO] Step 2: Due Date 入力 (09/29/26)
[2026-09-29 14:39:42] [INFO] Step 2: Perform Date スキップ
[2026-09-29 14:39:42] [INFO] Step 2: Pricing Date スキップ
[2026-09-29 14:39:43] [INFO] Step 2: Purchase Order 入力 (test)
[2026-09-29 14:39:43] [INFO] Step 2: Remarks 入力 (test)
[2026-09-29 14:39:43] [INFO] Step 2: F1 送信 (ヘッダー確定)
[2026-09-29 14:39:44] [INFO] Step 2: ヘッダー確定後の警告検知 -> Space 送信
[2026-09-29 14:39:44] [INFO] Step 3: F1 送信 (Tax スキップ)
[2026-09-29 14:39:44] [INFO] Step 4: F1 送信 (Salesperson スキップ)
[2026-09-29 14:39:45] [INFO] Step 5: F4 送信 (コメントなし・明細へ直行)
[2026-09-29 14:39:46] [INFO] === Step 6 受注明細行入力開始 (全 1 品番) ===
[2026-09-29 14:39:46] [INFO] --- [Line 1] 品番: BW0100D / 単価: 200 / 長さグループ: 1件 ---
[2026-09-29 14:39:46] [INFO] 6.1.0: Enter 送信 (Line 1 自動採番)
[2026-09-29 14:39:46] [INFO] 6.1.1: F1 送信 (Create WO ポップアップスキップ)
[2026-09-29 14:39:46] [INFO] 6.1.3: 品番 'BW0100D' + F1 送信
[2026-09-29 14:39:47] [INFO] 6.1.3: Site 'CB2' + F1 送信
[2026-09-29 14:39:48] [INFO] 画面待機中 (6.1.4 Qty Ordered UM または スリット設定画面): 'Press space' プロンプトを検知。Spaceキーを送信します。
[2026-09-29 14:39:48] [INFO] 画面待機中 (6.1.4 Qty Ordered UM または スリット設定画面): 'Press space' プロンプトを検知。Spaceキーを送信します。
[2026-09-29 14:39:49] [INFO] 6.1.4: F1 送信 (Qty Ordered UM スキップ)
[2026-09-29 14:39:49] [INFO]   SL 1: 長さ '600'm (明細 1件) 開始
[2026-09-29 14:39:49] [INFO]   SL 1: F1 -> Enter -> Enter で Len(m) 欄へ移動
[2026-09-29 14:39:50] [INFO]   6.2.0: 長さ '600' + Enter 送信
[2026-09-29 14:39:51] [INFO]     Roll 1/1: 本数=1, 幅=200mm
[2026-09-29 14:39:52] [INFO]   6.2.1: F4 送信 (長さ '600'm ロール入力完了)
[2026-09-29 14:39:52] [INFO]   6.2.1: F1 送信 ('yes' 確定)
[2026-09-29 14:39:53] [INFO] 6.1.4: F4 送信 (品番 'BW0100D' 全スリット設定完了)
[2026-09-29 14:39:53] [INFO] 6.1.4: F1 送信 ('yes' 確定)
[2026-09-29 14:39:53] [INFO] 6.2.3: Orig Order Qty スキップ (F1)
[2026-09-29 14:39:54] [INFO] 6.2.3: F1 送信 (Pricing Date スキップ)
[2026-09-29 14:39:54] [INFO] 6.2.4: F1 送信 (List Price スキップ)
[2026-09-29 14:39:55] [INFO] 6.2.4: 単価 '200' + F1 送信 (単価確定)
[2026-09-29 14:39:55] [INFO] 6.2.4: F1 送信 (詳細枠確定 -> Tax ポップアップへ)
[2026-09-29 14:39:56] [INFO] 6.2.5: F1 送信 (Tax スキップ)
[2026-09-29 14:39:56] [INFO] 6.2.5: F4 送信 (明細行 Transaction Comments 終了 -> Reason Code または 次画面へ)
[2026-09-29 14:39:57] [INFO] 6.2.5: Reason Code 検知 (70 MISC -> 28 INTERNAL -> 28 INTERNAL + F1)
[2026-09-29 14:39:58] [INFO] 6.3.0: 次行 Create WO 解除 (F1)
[2026-09-29 14:39:58] [INFO] 6.3.0: F4 を送信して最終合計画面へ進みます
[2026-09-29 14:40:00] [INFO] 6.3.0: 最終合計画面の表示を確認しました
[2026-09-29 14:40:00] [INFO] 6.3.0: 1回目の F1 送信 (下段フレームへ移動)
[2026-09-29 14:40:00] [INFO] 6.3.0: 2回目の F1 送信 (注文データ確定・コミット)
[2026-09-29 14:40:01] [INFO] 6.3.0: Space 送信 (与信警告・完了プロンプト解除)
[2026-09-29 14:40:01] [INFO] 6.3.0: 合計画面残留検知。F4 を送信して初期画面へ復帰
[2026-09-29 14:40:02] [INFO] === QAD 99.7.1.1 受注入力自動化 全工程完了 (Order ID: SO199501) ===
[2026-09-29 14:40:02] [INFO] 受注登録完了通知: Order ID = SO199501
[2026-09-29 14:42:28] [INFO] レポート条件入力画面で F1 キーが押下されました。クエリ待機ステータスを開始します。
[2026-09-29 14:42:28] [INFO] キーコード送信: '\x1bOP'
[2026-09-29 14:42:28] [INFO] レポート条件入力画面で F1 キーが押下されました。クエリ待機ステータスを開始します。
[2026-09-29 14:42:28] [INFO] キーコード送信: '\x1bOP'
[2026-09-29 14:42:29] [INFO] レポート条件入力画面で F1 キーが押下されました。クエリ待機ステータスを開始します。
[2026-09-29 14:42:29] [INFO] キーコード送信: '\x1bOP'
[2026-09-29 14:42:30] [INFO] レポート条件入力画面で F1 キーが押下されました。クエリ待機ステータスを開始します。
[2026-09-29 14:42:30] [INFO] キーコード送信: '\x1bOP'
[2026-09-29 14:42:31] [INFO] レポート条件入力画面で F1 キーが押下されました。クエリ待機ステータスを開始します。
[2026-09-29 14:42:31] [INFO] キーコード送信: '\x1bOP'
[2026-09-29 14:42:32] [INFO] レポート条件入力画面で F1 キーが押下されました。クエリ待機ステータスを開始します。
[2026-09-29 14:42:32] [INFO] キーコード送信: '\x1bOP'
[2026-09-29 14:42:34] [INFO] レポート条件入力画面で F1 キーが押下されました。クエリ待機ステータスを開始します。
[2026-09-29 14:42:34] [INFO] キーコード送信: '\x1bOP'
[2026-09-29 14:42:35] [INFO] レポート条件入力画面で F1 キーが押下されました。クエリ待機ステータスを開始します。
[2026-09-29 14:42:35] [INFO] キーコード送信: '\x1bOP'
[2026-09-29 14:42:36] [INFO] レポート条件入力画面で F1 キーが押下されました。クエリ待機ステータスを開始します。
[2026-09-29 14:42:36] [INFO] キーコード送信: '\x1bOP'
[2026-09-29 14:43:20] [INFO] F4押下によりクエリ待機を解除しました
[2026-09-29 14:43:20] [INFO] キーコード送信: '\x1bOS'
[2026-09-29 14:43:21] [INFO] キーコード送信: '\x1bOS'
[2026-09-29 14:43:23] [INFO] レポート条件入力画面で F1 キーが押下されました。クエリ待機ステータスを開始します。
[2026-09-29 14:43:23] [INFO] キーコード送信: '\x1bOP'
[2026-09-29 14:43:24] [INFO] レポート条件入力画面で F1 キーが押下されました。クエリ待機ステータスを開始します。
[2026-09-29 14:43:24] [INFO] キーコード送信: '\x1bOP'
[2026-09-29 14:43:25] [INFO] レポート条件入力画面で F1 キーが押下されました。クエリ待機ステータスを開始します。
[2026-09-29 14:43:25] [INFO] キーコード送信: '\x1bOP'
[2026-09-29 15:07:37] [INFO] ======================================================================
[2026-09-29 15:07:37] [INFO] QAD Modern Terminal 起動 - 2026-09-29 15:07:37
[2026-09-29 15:07:37] [INFO] Python: 3.12.10 (tags/v3.12.10:0cc8128, Apr  8 2025, 12:21:36) [MSC v.1943 64 bit (AMD64)] | 実行パス: C:\Users\0138018\AppData\Local\Programs\Python\Python312\pythonw.exe
[2026-09-29 15:07:37] [INFO] PROJECT_ROOT: C:\Users\0138018\.antigravity\mfgpro_controller
[2026-09-29 15:07:37] [INFO] ======================================================================
[2026-09-29 15:07:42] [INFO] SSH接続確立 (connected) [Tab 1]
[2026-09-29 15:07:42] [INFO] 自動ログイン: Tab 1 のMain Menu自動遷移シーケンスを開始
[2026-09-29 15:07:46] [INFO] 自動ログイン: Tab 1 Main Menu 着弾検知
[2026-09-29 15:08:54] [INFO] === QAD 99.7.1.1 受注入力自動化を開始します ===
[2026-09-29 15:08:54] [INFO] メインメニューまたはヘッダー画面から全工程 (Step 1〜6.3.0) を実行します。
[2026-09-29 15:08:54] [INFO] === QAD 99.7.1.1 受注入力自動化 全工程実行開始 ===
[2026-09-29 15:08:54] [INFO] Step 1: '99.7.1.1\r' 送信
[2026-09-29 15:08:54] [INFO] Step 1: Order番号自動採番 (空欄で F1 送信)
[2026-09-29 15:08:55] [INFO] Order ID を記録: SO199503
[2026-09-29 15:08:55] [INFO] Step 2: Sold-To 入力 (20000600)
[2026-09-29 15:08:56] [INFO] Step 2: Sold-To 後の Category 警告検知 -> Space 送信
[2026-09-29 15:08:56] [INFO] Step 2: Bill-To 入力 (20000600)
[2026-09-29 15:08:56] [INFO] Step 2: Ship-To 入力 (20000601)
[2026-09-29 15:08:57] [INFO] Step 2: Order Date スキップ
[2026-09-29 15:08:57] [INFO] Step 2: Required Date 入力 (09/30/26)
[2026-09-29 15:08:57] [INFO] Step 2: Promise Date スキップ
[2026-09-29 15:08:57] [INFO] Step 2: Due Date 入力 (09/29/26)
[2026-09-29 15:08:58] [INFO] Step 2: Perform Date スキップ
[2026-09-29 15:08:58] [INFO] Step 2: Pricing Date スキップ
[2026-09-29 15:08:58] [INFO] Step 2: Purchase Order 入力 (test)
[2026-09-29 15:08:58] [INFO] Step 2: Remarks 入力 (test)
[2026-09-29 15:08:58] [INFO] Step 2: F1 送信 (ヘッダー確定)
[2026-09-29 15:08:59] [INFO] Step 2: ヘッダー確定後の警告検知 -> Space 送信
[2026-09-29 15:08:59] [INFO] 画面待機中 (Step 3: Tax ポップアップ または Salesperson画面): 'Press space' プロンプトを検知。Spaceキーを送信します。
[2026-09-29 15:09:00] [INFO] Step 3: F1 送信 (Tax スキップ)
[2026-09-29 15:09:00] [INFO] Step 4: F1 送信 (Salesperson スキップ)
[2026-09-29 15:09:01] [INFO] Step 5: F1 送信 (コメント本文エディタへ移動)
[2026-09-29 15:09:01] [INFO] Step 5: 案C実行 - 既定コメントの全クリア (F8: Clear送信)
[2026-09-29 15:09:01] [INFO] Step 5: 新規特記事項本文入力 (全 1 行)
[2026-09-29 15:09:02] [INFO] Step 5: F1 送信 (コメント本文確定)
[2026-09-29 15:09:02] [INFO] Step 5: F4 送信 (明細画面へ進む)
[2026-09-29 15:09:02] [INFO] === Step 6 受注明細行入力開始 (全 2 品番) ===
[2026-09-29 15:09:02] [INFO] --- [Line 1] 品番: BW0100D / 単価: 200 / 長さグループ: 1件 ---
[2026-09-29 15:09:14] [ERROR] 受注入力自動化タイムアウト: 画面遷移待機タイムアウト (12.0秒): 6.1.0 Ln入力欄 (Line 1)
現在の画面表示:
xxsosomt.p b+            99.7.1.1 Sales Order Maintenance             09/29/26
┌──────────────────────────── Transaction Comments ────────────────────────────┐
│             Page: 1                                                          │
│ Master Reference: 20000600                                   Language:       │
│             Type:                                                Page: 1     │
│ ~test                                                                        │
│                                                                              │
│                                                                              │
│                                                                              │
│                                                                              │
│                                                                              │
│                                                                              │
│                                                                              │
│                                                                              │
│                                                                              │
│                                                                              │
│                                                                              │
│                                                                              │
│                                                                              │
│                                                                              │
└──────────────────────────────────────────────────────────────────────────────┘


F1=Go 2=Hlp 3=Ins 4=End 6=Mnu 7=Rcl 8=Clr 9=Prev 10=Next 11=Buf
[2026-09-29 15:09:21] [INFO] キーコード送信: '\x1bOS'
[2026-09-29 15:09:23] [INFO] キーコード送信: '\x1bOS'
[2026-09-29 15:09:24] [INFO] キーコード送信: '\x1bOS'
[2026-09-29 15:09:26] [INFO] キーコード送信: '\x1bOS'
[2026-09-29 15:09:27] [INFO] キーコード送信: '\x1bOS'
[2026-09-29 15:09:28] [INFO] レポート条件入力画面で F1 キーが押下されました。クエリ待機ステータスを開始します。
[2026-09-29 15:09:28] [INFO] キーコード送信: '\x1bOP'
[2026-09-29 15:09:29] [INFO] レポート条件入力画面で F1 キーが押下されました。クエリ待機ステータスを開始します。
[2026-09-29 15:09:29] [INFO] キーコード送信: '\x1bOP'
[2026-09-29 15:11:36] [INFO] レポート条件入力画面で F1 キーが押下されました。クエリ待機ステータスを開始します。
[2026-09-29 15:11:36] [INFO] キーコード送信: '\x1bOP'
[2026-09-29 15:22:04] [INFO] F4押下によりクエリ待機を解除しました
[2026-09-29 15:22:04] [INFO] キーコード送信: '\x1bOS'
[2026-09-29 15:47:42] [INFO] ======================================================================
[2026-09-29 15:47:42] [INFO] QAD Modern Terminal 起動 - 2026-09-29 15:47:42
[2026-09-29 15:47:42] [INFO] Python: 3.12.10 (tags/v3.12.10:0cc8128, Apr  8 2025, 12:21:36) [MSC v.1943 64 bit (AMD64)] | 実行パス: C:\Users\0138018\AppData\Local\Programs\Python\Python312\python.exe
[2026-09-29 15:47:42] [INFO] PROJECT_ROOT: C:\Users\0138018\.antigravity\mfgpro_controller
[2026-09-29 15:47:42] [INFO] ======================================================================
[2026-09-29 15:49:22] [INFO] ======================================================================
[2026-09-29 15:49:22] [INFO] QAD Modern Terminal 起動 - 2026-09-29 15:49:22
[2026-09-29 15:49:22] [INFO] Python: 3.12.10 (tags/v3.12.10:0cc8128, Apr  8 2025, 12:21:36) [MSC v.1943 64 bit (AMD64)] | 実行パス: C:\Users\0138018\AppData\Local\Programs\Python\Python312\python.exe
[2026-09-29 15:49:22] [INFO] PROJECT_ROOT: C:\Users\0138018\.antigravity\mfgpro_controller
[2026-09-29 15:49:22] [INFO] ======================================================================
[2026-09-29 15:55:36] [INFO] ======================================================================
[2026-09-29 15:55:36] [INFO] QAD Modern Terminal 起動 - 2026-09-29 15:55:36
[2026-09-29 15:55:36] [INFO] Python: 3.12.10 (tags/v3.12.10:0cc8128, Apr  8 2025, 12:21:36) [MSC v.1943 64 bit (AMD64)] | 実行パス: C:\Users\0138018\AppData\Local\Programs\Python\Python312\python.exe
[2026-09-29 15:55:36] [INFO] PROJECT_ROOT: C:\Users\0138018\.antigravity\mfgpro_controller
[2026-09-29 15:55:36] [INFO] ======================================================================
[2026-09-29 16:04:59] [INFO] ======================================================================
[2026-09-29 16:04:59] [INFO] QAD Modern Terminal 起動 - 2026-09-29 16:04:59
[2026-09-29 16:04:59] [INFO] Python: 3.12.10 (tags/v3.12.10:0cc8128, Apr  8 2025, 12:21:36) [MSC v.1943 64 bit (AMD64)] | 実行パス: C:\Users\0138018\AppData\Local\Programs\Python\Python312\python.exe
[2026-09-29 16:04:59] [INFO] PROJECT_ROOT: C:\Users\0138018\.antigravity\mfgpro_controller
[2026-09-29 16:04:59] [INFO] ======================================================================
[2026-09-29 16:06:40] [INFO] ======================================================================
[2026-09-29 16:06:40] [INFO] QAD Modern Terminal 起動 - 2026-09-29 16:06:40
[2026-09-29 16:06:40] [INFO] Python: 3.12.10 (tags/v3.12.10:0cc8128, Apr  8 2025, 12:21:36) [MSC v.1943 64 bit (AMD64)] | 実行パス: C:\Users\0138018\AppData\Local\Programs\Python\Python312\python.exe
[2026-09-29 16:06:40] [INFO] PROJECT_ROOT: C:\Users\0138018\.antigravity\mfgpro_controller
[2026-09-29 16:06:40] [INFO] ======================================================================
[2026-09-29 16:08:30] [INFO] ======================================================================
[2026-09-29 16:08:30] [INFO] QAD Modern Terminal 起動 - 2026-09-29 16:08:30
[2026-09-29 16:08:30] [INFO] Python: 3.12.10 (tags/v3.12.10:0cc8128, Apr  8 2025, 12:21:36) [MSC v.1943 64 bit (AMD64)] | 実行パス: C:\Users\0138018\AppData\Local\Programs\Python\Python312\pythonw.exe
[2026-09-29 16:08:30] [INFO] PROJECT_ROOT: C:\Users\0138018\.antigravity\mfgpro_controller
[2026-09-29 16:08:30] [INFO] ======================================================================
[2026-09-29 16:08:36] [INFO] SSH接続確立 (connected) [Tab 1]
[2026-09-29 16:08:36] [INFO] 自動ログイン: Tab 1 のMain Menu自動遷移シーケンスを開始
[2026-09-29 16:08:40] [INFO] 自動ログイン: Tab 1 Main Menu 着弾検知
[2026-09-29 16:10:23] [INFO] キーコード送信: '\x1bOS'
[2026-09-29 16:11:37] [INFO] === QAD 99.7.1.1 受注入力自動化を開始します ===
[2026-09-29 16:11:37] [INFO] メインメニューまたはヘッダー画面から全工程 (Step 1〜6.3.0) を実行します。
[2026-09-29 16:11:37] [INFO] === QAD 99.7.1.1 受注入力自動化 全工程実行開始 ===
[2026-09-29 16:11:37] [INFO] Step 1: '99.7.1.1\r' 送信
[2026-09-29 16:11:37] [INFO] Step 1: Order番号自動採番 (空欄で F1 送信)
[2026-09-29 16:11:38] [INFO] Order ID を記録: SO199508
[2026-09-29 16:11:38] [INFO] Step 2: ヘッダーバッチ送信 (11 項目: Sold-To〜Remarks一括入力)
[2026-09-29 16:11:38] [INFO] Step 2: F1 送信 (ヘッダー確定)
[2026-09-29 16:11:51] [ERROR] 受注入力自動化タイムアウト: 画面遷移待機タイムアウト (12.0秒): Step 3: Tax ポップアップ または Salesperson画面
現在の画面表示:
xxsosomt.p b+            99.7.1.1 Sales Order Maintenance             09/29/26
┌──────────────────────────────────────────────────────────────────────────────┐
│ Order: SO199508  Sold-To: 20000600  Bill To: 20000600  Ship-To: 20000601     │
└──────────────────────────────────────────────────────────────────────────────┘
┌────────────── Sold-To ───────────────┐┌────────────── Bill-To ───────────────┐
│ TOPPANｲﾝﾌｫﾒﾃﾞｨｱ株式会社              ││ TOPPANｲﾝﾌｫﾒﾃﾞｨｱ株式会社              │
│ 東京都港区芝浦3-19-26                ││ 東京都港区芝浦3-19-26                │
│ 購買部 大久保様                      ││ 購買部 大久保様                      │
│ 港区                      108-0023   ││ 港区                      108-0023   │
│ JAPAN                                ││ JAPAN                                │
└──────────────────────────────────────┘└──────────────────────────────────────┘
┌──────────────────────────────────────────────────────────────────────────────┐
│    Order Date: 09/29/26 Line Pricing: Yes      Confirmed: Yes                │
│ Required Date:                Manual:           Currency:      Language:     │
│  Promise Date:                  Site:            Taxable: No                 │
│      Due Date: 09/29/26      Channel:                  Fixed Price: Yes      │
│  Perform Date:               Project:                 Credit Terms:          │
│  Pricing Date:                             Credit Terms Interest %: 0.00     │
│Purchase Order:                                             Reprice: No       │
│       Remarks:                                          Entered By: takehik  │
└──────────────────────────────────────────────────────────────────────────────┘


F1=Go 2=Hlp 3=Ins 4=End 6=Mnu 7=Rcl 8=Clr 9=Prev 10=Next 11=Buf
[2026-09-29 16:12:56] [INFO] 入力欄クリック検知: 現在=InputField(row=2, cols=47..55)(左列=False) -> 宛先=InputField(row=2, cols=47..55)(左列=False), クリック列=52
[2026-09-29 16:12:56] [INFO] レポート条件入力画面で F1 キーが押下されました。クエリ待機ステータスを開始します。
[2026-09-29 16:12:56] [INFO] キーコード送信: '\x1bOP'
[2026-09-29 16:12:57] [INFO] レポート条件入力画面で F1 キーが押下されました。クエリ待機ステータスを開始します。
[2026-09-29 16:12:57] [INFO] キーコード送信: '\x1bOP'
[2026-09-29 16:14:52] [INFO] F4押下によりクエリ待機を解除しました
[2026-09-29 16:14:52] [INFO] キーコード送信: '\x1bOS'
[2026-09-29 16:26:19] [INFO] ======================================================================
[2026-09-29 16:26:19] [INFO] QAD Modern Terminal 起動 - 2026-09-29 16:26:19
[2026-09-29 16:26:19] [INFO] Python: 3.12.10 (tags/v3.12.10:0cc8128, Apr  8 2025, 12:21:36) [MSC v.1943 64 bit (AMD64)] | 実行パス: C:\Users\0138018\AppData\Local\Programs\Python\Python312\python.exe
[2026-09-29 16:26:19] [INFO] PROJECT_ROOT: C:\Users\0138018\.antigravity\mfgpro_controller
[2026-09-29 16:26:19] [INFO] ======================================================================
[2026-09-29 16:51:13] [INFO] ======================================================================
[2026-09-29 16:51:13] [INFO] QAD Modern Terminal 起動 - 2026-09-29 16:51:13
[2026-09-29 16:51:13] [INFO] Python: 3.12.10 (tags/v3.12.10:0cc8128, Apr  8 2025, 12:21:36) [MSC v.1943 64 bit (AMD64)] | 実行パス: C:\Users\0138018\AppData\Local\Programs\Python\Python312\pythonw.exe
[2026-09-29 16:51:13] [INFO] PROJECT_ROOT: C:\Users\0138018\.antigravity\mfgpro_controller
[2026-09-29 16:51:13] [INFO] ======================================================================
[2026-09-29 16:51:20] [INFO] SSH接続確立 (connected) [Tab 1]
[2026-09-29 16:51:20] [INFO] 自動ログイン: Tab 1 のMain Menu自動遷移シーケンスを開始
[2026-09-29 16:51:24] [INFO] 自動ログイン: Tab 1 Main Menu 着弾検知
[2026-09-29 16:52:14] [INFO] === QAD 99.7.1.1 受注入力自動化を開始します ===
[2026-09-29 16:52:14] [INFO] メインメニューまたはヘッダー画面から全工程 (Step 1〜6.3.0) を実行します。
[2026-09-29 16:52:14] [INFO] === QAD 99.7.1.1 受注入力自動化 全工程実行開始 ===
[2026-09-29 16:52:14] [INFO] Step 1: '99.7.1.1\r' 送信
[2026-09-29 16:52:15] [INFO] Step 1: Order番号自動採番 (空欄で F1 送信)
[2026-09-29 16:52:15] [INFO] Order ID を記録: SO199511
[2026-09-29 16:52:15] [INFO] Step 2: Sold-To '20000600' 送信
[2026-09-29 16:52:16] [INFO] Step 2: Bill-To '20000600' 送信
[2026-09-29 16:52:16] [INFO] Step 2: Ship-To '20000601' 送信
[2026-09-29 16:52:16] [INFO] Step 2: Order Dateからの一括貼り付けバッファ送信 (8 項目: Order Date〜Remarks)
[2026-09-29 16:52:17] [INFO] Step 2: F1 送信 (ヘッダー確定)
[2026-09-29 16:52:29] [ERROR] 受注入力自動化タイムアウト: 画面遷移待機タイムアウト (12.0秒): Step 3: Tax ポップアップ または Salesperson画面
現在の画面表示:
xxsosomt.p b+            99.7.1.1 Sales Order Maintenance             09/29/26
┌──────────────────────────────────────────────────────────────────────────────┐
│ Order: SO199511  Sold-To: 20000600  Bill To: test      Ship-To: 20000601     │
└──────────────────────────────────────────────────────────────────────────────┘
┌────────────── Sold-To ───────────────┐┌────────────── Bill-To ───────────────┐
│ TOPPANｲﾝﾌｫﾒﾃﾞｨｱ株式会社              ││ TOPPANｲﾝﾌｫﾒﾃﾞｨｱ株式会社              │
│ 東京都港区芝浦3-19-26                ││ 東京都港区芝浦3-19-26                │
│ 購買部 大久保様                      ││ 購買部 大久保様                      │
│ 港区                      108-0023   ││ 港区                      108-0023   │
│ JAPAN                                ││ JAPAN                                │
└──────────────────────────────────────┘└──────────────────────────────────────┘
┌──────────────────────────────────────────────────────────────────────────────┐
│    Order Date: 09/29/26 Line Pricing: Yes      Confirmed: Yes                │
│ Required Date:                Manual:           Currency:      Language:     │
│  Promise Date:                  Site:            Taxable: No                 │
│      Due Date: 09/29/26      Channel:                  Fixed Price: Yes      │
│  Perform Date:               Project:                 Credit Terms:          │
│  Pricing Date:                             Credit Terms Interest %: 0.00     │
│Purchase Order:                                             Reprice: No       │
│       Remarks:                                          Entered By: takehik  │
└──────────────────────────────────────────────────────────────────────────────┘
ERROR: Not a valid customer.  Please re-enter.

F1=Go 2=Hlp 3=Ins 4=End 6=Mnu 7=Rcl 8=Clr 9=Prev 10=Next 11=Buf
[2026-09-29 16:56:43] [INFO] ======================================================================
[2026-09-29 16:56:43] [INFO] QAD Modern Terminal 起動 - 2026-09-29 16:56:43
[2026-09-29 16:56:43] [INFO] Python: 3.12.10 (tags/v3.12.10:0cc8128, Apr  8 2025, 12:21:36) [MSC v.1943 64 bit (AMD64)] | 実行パス: C:\Users\0138018\AppData\Local\Programs\Python\Python312\python.exe
[2026-09-29 16:56:43] [INFO] PROJECT_ROOT: C:\Users\0138018\.antigravity\mfgpro_controller
[2026-09-29 16:56:43] [INFO] ======================================================================
[2026-09-30 00:42:18] [INFO] ======================================================================
[2026-09-30 00:42:18] [INFO] QAD Modern Terminal 起動 - 2026-09-30 00:42:18
[2026-09-30 00:42:18] [INFO] Python: 3.12.10 (tags/v3.12.10:0cc8128, Apr  8 2025, 12:21:36) [MSC v.1943 64 bit (AMD64)] | 実行パス: C:\Users\0138018\AppData\Local\Programs\Python\Python312\pythonw.exe
[2026-09-30 00:42:18] [INFO] PROJECT_ROOT: C:\Users\0138018\.antigravity\mfgpro_controller
[2026-09-30 00:42:18] [INFO] ======================================================================
[2026-09-30 00:42:27] [INFO] SSH接続確立 (connected) [Tab 1]
[2026-09-30 00:42:27] [INFO] 自動ログイン: Tab 1 のMain Menu自動遷移シーケンスを開始
[2026-09-30 00:42:31] [INFO] 自動ログイン: Tab 1 Main Menu 着弾検知
[2026-09-30 00:43:31] [INFO] === QAD 99.7.1.1 受注入力自動化を開始します ===
[2026-09-30 00:43:31] [INFO] メインメニューまたはヘッダー画面から全工程 (Step 1〜6.3.0) を実行します。
[2026-09-30 00:43:31] [INFO] === QAD 99.7.1.1 受注入力自動化 全工程実行開始 ===
[2026-09-30 00:43:31] [INFO] Step 1: '99.7.1.1\r' 送信
[2026-09-30 00:43:31] [INFO] Step 1: Order番号自動採番 (空欄で F1 送信)
[2026-09-30 00:43:32] [INFO] Order ID を記録: SO199523
[2026-09-30 00:43:32] [INFO] Step 2: Sold-To '20000600' 送信
[2026-09-30 00:43:32] [INFO] Step 2: Bill-To '20000600' 送信
[2026-09-30 00:43:33] [INFO] Step 2: Ship-To '20000601' 送信
[2026-09-30 00:43:34] [INFO] Step 2: Order Dateからの一括貼り付けバッファ送信 (8 項目: Order Date〜Remarks)
[2026-09-30 00:43:34] [INFO] Step 2: F1 送信 (ヘッダー確定)
[2026-09-30 00:43:46] [INFO] キーコード送信: '\x1bOS'
[2026-09-30 00:43:47] [ERROR] 受注入力自動化タイムアウト: 画面遷移待機タイムアウト (12.0秒): Step 3: Tax ポップアップ または Salesperson画面
現在の画面表示:
xxsosomt.p b+            99.7.1.1 Sales Order Maintenance             09/30/26                                                      
┌──────────────────────────────────────────────────────────────────────────────┐                                                    
│ Order: SO199523  Sold-To:           Bill To:           Ship-To:              │                                                    
└──────────────────────────────────────────────────────────────────────────────┘                                                    
┌────────────── Sold-To ───────────────┐┌────────────── Bill-To ───────────────┐                                                    
│ TOPPANｲﾝﾌｫﾒﾃﾞｨｱ株式会社              ││ TOPPANｲﾝﾌｫﾒﾃﾞｨｱ株式会社              │                                                    
│ 東京都港区芝浦3-19-26                ││ 東京都港区芝浦3-19-26                │                                                    
│ 購買部 大久保様                      ││ 購買部 大久保様                      │                                                    
│ 港区                      108-0023   ││ 港区                      108-0023   │                                                    
│ JAPAN                                ││ JAPAN                                │                                                    
└──────────────────────────────────────┘└──────────────────────────────────────┘                                                    
┌──────────────────────────────────────────────────────────────────────────────┐                                                    
│    Order Date: 09/30/26 Line Pricing: Yes      Confirmed: Yes                │                                                    
│ Required Date:                Manual:           Currency:      Language:     │                                                    
│  Promise Date:                  Site:            Taxable: No                 │                                                    
│      Due Date: 09/30/26      Channel:                  Fixed Price: Yes      │                                                    
│  Perform Date:               Project:                 Credit Terms:          │                                                    
│  Pricing Date:                             Credit Terms Interest %: 0.00     │                                                    
│Purchase Order:                                             Reprice: No       │                                                    
│       Remarks:                                          Entered By: takehik  │                                                    
└──────────────────────────────────────────────────────────────────────────────┘                                                    
                                                                                                                                    
                                                                                                                                    
F1=Go 2=Hlp 3=Ins 4=End 6=Mnu 7=Rcl 8=Clr 9=Prev 10=Next 11=Buf                                                                     
[2026-09-30 00:44:44] [INFO] ======================================================================
[2026-09-30 00:44:44] [INFO] QAD Modern Terminal 起動 - 2026-09-30 00:44:44
[2026-09-30 00:44:44] [INFO] Python: 3.12.10 (tags/v3.12.10:0cc8128, Apr  8 2025, 12:21:36) [MSC v.1943 64 bit (AMD64)] | 実行パス: C:\Users\0138018\AppData\Local\Programs\Python\Python312\pythonw.exe
[2026-09-30 00:44:44] [INFO] PROJECT_ROOT: C:\Users\0138018\.antigravity\mfgpro_controller
[2026-09-30 00:44:44] [INFO] ======================================================================
[2026-09-30 00:45:01] [INFO] SSH接続確立 (connected) [Tab 1]
[2026-09-30 00:45:01] [INFO] 自動ログイン: Tab 1 のMain Menu自動遷移シーケンスを開始
[2026-09-30 00:45:05] [INFO] 自動ログイン: Tab 1 Main Menu 着弾検知
[2026-09-30 00:45:21] [INFO] 在庫レポートGAS送信開始: ユーザー=takehik, ホスト=mfg03
[2026-09-30 00:45:29] [INFO] === OrderBooking 自動実行マクロ開始（改セル一括貼り付け方式） ===
[2026-09-30 00:45:29] [INFO] OrderBooking: メインメニュー復帰完了
[2026-09-30 00:45:30] [INFO] OrderBooking: '99.7.6.20\r' を送信します
[2026-09-30 00:45:30] [INFO] OrderBooking: 99.7.6.20 条件入力画面の表示を確認しました
[2026-09-30 00:45:31] [INFO] OrderBooking: 本日の日付 = '09/30/26'
[2026-09-30 00:45:31] [INFO] OrderBooking: Part 1 (Sales Order ~ Prod Line) 送信
[2026-09-30 00:45:31] [INFO] OrderBooking: Part 2 (Site ~ Due Date: 09/30/26) 送信
[2026-09-30 00:45:31] [INFO] OrderBooking: F1 を送信して Output 欄へジャンプ
[2026-09-30 00:45:32] [INFO] OrderBooking: Output 欄への着弾を確認しました
[2026-09-30 00:45:32] [INFO] OrderBooking: input_32printer を起動して自動実行・ストリーム直接受信・Excel展開を開始
[2026-09-30 00:45:32] [INFO] input_32printer: Output欄に 32prn を入力し、実績キーシーケンスで実行します
[2026-09-30 00:45:33] [INFO] キーコード送信: '\x1bOP'
[2026-09-30 00:45:34] [INFO] キーコード送信: '\x1bOP'
[2026-09-30 00:45:35] [INFO] キーコード送信: '\x06'
[2026-09-30 00:45:36] [INFO] input_32printer: キーシーケンス送信完了 (32prn\r -> F1 -> F1 -> Ctrl+F -> Space)
[2026-09-30 00:46:03] [INFO] 在庫レポートGAS送信完了: 8,985件
[2026-09-30 00:46:03] [INFO] SSH接続確立 (connected) [Tab 2]
[2026-09-30 00:46:03] [INFO] 自動ログイン: Tab 2 のMain Menu自動遷移シーケンスを開始
[2026-09-30 00:46:08] [INFO] 自動ログイン: Tab 2 Main Menu 着弾検知
[2026-09-30 00:46:44] [INFO] === 32printer データストリーム受信完了 (229,307 bytes) ===
[2026-09-30 00:46:44] [INFO] 32printer 解凍完了 (文字数: 3,774,122)
[2026-09-30 00:46:44] [INFO] 32printer パース成功 (列数=48, データ行数=224)
[2026-09-30 00:46:44] [INFO] paste_to_new_excel: 開始 (行数=225, 列数=48, タイトル=QAD_0.00)
[2026-09-30 00:46:51] [INFO] paste_to_new_excel: COM操作成功 - Excelに 224 件のデータを展開しました（文字列書式）
[2026-09-30 00:47:24] [INFO] 入力欄クリック検知: 現在=InputField(row=6, cols=57..61)(左列=False) -> 宛先=InputField(row=11, cols=22..30)(左列=True), クリック列=22
[2026-09-30 00:47:26] [INFO] 入力欄クリック検知: 現在=InputField(row=11, cols=22..30)(左列=True) -> 宛先=InputField(row=11, cols=57..65)(左列=False), クリック列=57
[2026-09-30 00:47:28] [INFO] 入力欄クリック検知: 現在=InputField(row=11, cols=57..65)(左列=False) -> 宛先=InputField(row=2, cols=57..75)(左列=False), クリック列=57
[2026-09-30 00:47:31] [INFO] 入力欄クリック検知: 現在=InputField(row=2, cols=57..75)(左列=False) -> 宛先=InputField(row=2, cols=22..40)(左列=True), クリック列=22
[2026-09-30 00:47:32] [INFO] 入力欄クリック検知: 現在=InputField(row=2, cols=22..40)(左列=True) -> 宛先=InputField(row=14, cols=57..65)(左列=False), クリック列=61
[2026-09-30 00:47:33] [INFO] 入力欄クリック検知: 現在=InputField(row=14, cols=57..65)(左列=False) -> 宛先=InputField(row=11, cols=57..65)(左列=False), クリック列=58
[2026-09-30 00:47:36] [INFO] 入力欄クリック検知: 現在=InputField(row=11, cols=57..65)(左列=False) -> 宛先=InputField(row=2, cols=57..75)(左列=False), クリック列=57
[2026-09-30 00:47:37] [INFO] レポート条件入力画面で F1 キーが押下されました。クエリ待機ステータスを開始します。
[2026-09-30 00:47:37] [INFO] キーコード送信: '\x1bOP'
[2026-09-30 00:47:39] [INFO] Output欄での F1 押下を検知しました。自動で 32prn を設定して実行します。
[2026-09-30 00:47:39] [INFO] input_32printer: Output欄に 32prn を入力し、実績キーシーケンスで実行します
[2026-09-30 00:47:40] [INFO] キーコード送信: '\x1bOP'
[2026-09-30 00:47:41] [INFO] キーコード送信: '\x1bOP'
[2026-09-30 00:47:42] [INFO] キーコード送信: '\x06'
[2026-09-30 00:47:43] [INFO] input_32printer: キーシーケンス送信完了 (32prn\r -> F1 -> F1 -> Ctrl+F -> Space)
[2026-09-30 00:47:50] [INFO] === 32printer データストリーム受信完了 (219,739 bytes) ===
[2026-09-30 00:47:50] [INFO] 32printer 解凍完了 (文字数: 3,779,387)
[2026-09-30 00:47:50] [INFO] メニュー画面に戻ったためクエリ待機状態を解除します
[2026-09-30 00:47:51] [INFO] 32printer パース成功 (列数=33, データ行数=8,985)
[2026-09-30 00:47:51] [INFO] paste_to_new_excel: 開始 (行数=8986, 列数=33, タイトル=QAD_99.3.6.1)
[2026-09-30 00:47:55] [INFO] paste_to_new_excel: COM操作成功 - Excelに 8985 件のデータを展開しました（文字列書式）
[2026-09-30 00:48:15] [INFO] キーコード送信: '\x1bOS'
[2026-09-30 00:48:22] [INFO] キーコード送信: '\x1bOS'
[2026-09-30 00:48:23] [INFO] 入力欄クリック検知: 現在=InputField(row=2, cols=22..30)(左列=True) -> 宛先=InputField(row=16, cols=22..25)(左列=True), クリック列=24
[2026-09-30 00:48:25] [INFO] Output: 32prn を検知しました。ストリーム受信待機に入ります。
[2026-09-30 00:48:25] [INFO] キーコード送信: '\x1bOP'
[2026-09-30 00:48:27] [INFO] Output欄での F1 押下を検知しました。自動で 32prn を設定して実行します。
[2026-09-30 00:48:27] [INFO] input_32printer: Output欄に 32prn を入力し、実績キーシーケンスで実行します
[2026-09-30 00:48:28] [INFO] Output: 32prn を検知しました。ストリーム受信待機に入ります。
[2026-09-30 00:48:28] [INFO] キーコード送信: '\x1bOP'
[2026-09-30 00:48:28] [INFO] キーコード送信: '\x1bOP'
[2026-09-30 00:48:29] [INFO] キーコード送信: '\x1bOP'
[2026-09-30 00:48:30] [INFO] キーコード送信: '\x06'
[2026-09-30 00:48:31] [INFO] input_32printer: キーシーケンス送信完了 (32prn\r -> F1 -> F1 -> Ctrl+F -> Space)
[2026-09-30 00:48:44] [INFO] === 32printer データストリーム受信完了 (23,061 bytes) ===
[2026-09-30 00:48:44] [INFO] 32printer 解凍完了 (文字数: 150,964)
[2026-09-30 00:48:44] [INFO] 32printer パース成功 (列数=48, データ行数=224)
[2026-09-30 00:48:44] [INFO] paste_to_new_excel: 開始 (行数=225, 列数=48, タイトル=QAD_Report)
[2026-09-30 00:48:48] [INFO] paste_to_new_excel: COM操作成功 - Excelに 224 件のデータを展開しました（文字列書式）
[2026-09-30 00:48:51] [INFO] === 32printer データストリーム受信完了 (23,061 bytes) ===
[2026-09-30 00:48:51] [INFO] 32printer 解凍完了 (文字数: 150,964)
[2026-09-30 00:48:52] [INFO] 32printer パース成功 (列数=48, データ行数=224)
[2026-09-30 00:48:52] [INFO] paste_to_new_excel: 開始 (行数=225, 列数=48, タイトル=QAD_Report)
[2026-09-30 00:48:53] [INFO] paste_to_new_excel: COM操作成功 - Excelに 224 件のデータを展開しました（文字列書式）
[2026-09-30 00:52:25] [INFO] ======================================================================
[2026-09-30 00:52:25] [INFO] QAD Modern Terminal 起動 - 2026-09-30 00:52:25
[2026-09-30 00:52:25] [INFO] Python: 3.12.10 (tags/v3.12.10:0cc8128, Apr  8 2025, 12:21:36) [MSC v.1943 64 bit (AMD64)] | 実行パス: C:\Users\0138018\AppData\Local\Programs\Python\Python312\python.exe
[2026-09-30 00:52:25] [INFO] PROJECT_ROOT: C:\Users\0138018\.antigravity\mfgpro_controller
[2026-09-30 00:52:25] [INFO] ======================================================================
[2026-09-30 01:01:46] [INFO] ======================================================================
[2026-09-30 01:01:46] [INFO] QAD Modern Terminal 起動 - 2026-09-30 01:01:46
[2026-09-30 01:01:46] [INFO] Python: 3.12.10 (tags/v3.12.10:0cc8128, Apr  8 2025, 12:21:36) [MSC v.1943 64 bit (AMD64)] | 実行パス: C:\Users\0138018\AppData\Local\Programs\Python\Python312\pythonw.exe
[2026-09-30 01:01:46] [INFO] PROJECT_ROOT: C:\Users\0138018\.antigravity\mfgpro_controller
[2026-09-30 01:01:46] [INFO] ======================================================================
[2026-09-30 01:01:52] [INFO] SSH接続確立 (connected) [Tab 1]
[2026-09-30 01:01:52] [INFO] 自動ログイン: Tab 1 のMain Menu自動遷移シーケンスを開始
[2026-09-30 01:01:56] [INFO] 自動ログイン: Tab 1 Main Menu 着弾検知
[2026-09-30 01:02:01] [INFO] キーコード送信: '\x1bOS'
[2026-09-30 01:02:46] [INFO] === QAD 99.7.1.1 受注入力自動化を開始します ===
[2026-09-30 01:02:46] [INFO] メインメニューまたはヘッダー画面から全工程 (Step 1〜6.3.0) を実行します。
[2026-09-30 01:02:46] [INFO] === QAD 99.7.1.1 受注入力自動化 全工程実行開始 ===
[2026-09-30 01:02:46] [INFO] Step 1: '99.7.1.1\r' 送信
[2026-09-30 01:02:47] [INFO] Step 1: Order番号自動採番 (空欄で F1 送信)
[2026-09-30 01:02:47] [INFO] Order ID を記録: SO199524
[2026-09-30 01:02:47] [INFO] Step 2: Sold-To '20000600' 送信
[2026-09-30 01:02:48] [INFO] Step 2: Bill-To '20000600' 送信
[2026-09-30 01:02:48] [INFO] Step 2: Ship-To '20000601' 送信
[2026-09-30 01:02:49] [INFO] Step 2: Order Dateからの一括貼り付けバッファ送信 (8 項目: Order Date〜Remarks)
[2026-09-30 01:02:50] [INFO] Step 2: F1 送信 (ヘッダー確定)
[2026-09-30 01:03:03] [ERROR] 受注入力自動化タイムアウト: 画面遷移待機タイムアウト (12.0秒): Step 3: Tax ポップアップ または Salesperson画面
現在の画面表示:
xxsosomt.p b+            99.7.1.1 Sales Order Maintenance             09/30/26                                                      
┌──────────────────────────────────────────────────────────────────────────────┐                                                    
│ Order: SO199524  Sold-To: 20000600  Bill To: test      Ship-To: 20000601     │                                                    
└──────────────────────────────────────────────────────────────────────────────┘                                                    
┌────────────── Sold-To ───────────────┐┌────────────── Bill-To ───────────────┐                                                    
│ TOPPANｲﾝﾌｫﾒﾃﾞｨｱ株式会社              ││ TOPPANｲﾝﾌｫﾒﾃﾞｨｱ株式会社              │                                                    
│ 東京都港区芝浦3-19-26                ││ 東京都港区芝浦3-19-26                │                                                    
│ 購買部 大久保様                      ││ 購買部 大久保様                      │                                                    
│ 港区                      108-0023   ││ 港区                      108-0023   │                                                    
│ JAPAN                                ││ JAPAN                                │                                                    
└──────────────────────────────────────┘└──────────────────────────────────────┘                                                    
┌──────────────────────────────────────────────────────────────────────────────┐                                                    
│    Order Date: 09/30/26 Line Pricing: Yes      Confirmed: Yes                │                                                    
│ Required Date:                Manual:           Currency:      Language:     │                                                    
│  Promise Date:                  Site:            Taxable: No                 │                                                    
│      Due Date: 09/30/26      Channel:                  Fixed Price: Yes      │                                                    
│  Perform Date:               Project:                 Credit Terms:          │                                                    
│  Pricing Date:                             Credit Terms Interest %: 0.00     │                                                    
│Purchase Order:                                             Reprice: No       │                                                    
│       Remarks:                                          Entered By: takehik  │                                                    
└──────────────────────────────────────────────────────────────────────────────┘                                                    
ERROR: Not a valid customer.  Please re-enter.                                                                                      
                                                                                                                                    
F1=Go 2=Hlp 3=Ins 4=End 6=Mnu 7=Rcl 8=Clr 9=Prev 10=Next 11=Buf                                                                     
[2026-09-30 01:03:29] [INFO] キーコード送信: '\x1bOS'
[2026-09-30 01:03:30] [INFO] キーコード送信: '\x1bOS'
[2026-09-30 01:03:45] [INFO] キーコード送信: '\x1bOS'
[2026-09-30 01:04:31] [INFO] キーコード送信: '\x1bOS'
[2026-09-30 01:04:42] [INFO] レポート条件入力画面で F1 キーが押下されました。クエリ待機ステータスを開始します。
[2026-09-30 01:04:42] [INFO] キーコード送信: '\x1bOP'
[2026-09-30 01:05:44] [INFO] F4押下によりクエリ待機を解除しました
[2026-09-30 01:05:44] [INFO] キーコード送信: '\x1bOS'
[2026-09-30 01:17:13] [INFO] キーコード送信: '\x1bOS'
[2026-09-30 01:17:22] [INFO] レポート条件入力画面で F1 キーが押下されました。クエリ待機ステータスを開始します。
[2026-09-30 01:17:22] [INFO] キーコード送信: '\x1bOP'
[2026-09-30 01:22:40] [INFO] ======================================================================
[2026-09-30 01:22:40] [INFO] QAD Modern Terminal 起動 - 2026-09-30 01:22:40
[2026-09-30 01:22:40] [INFO] Python: 3.12.10 (tags/v3.12.10:0cc8128, Apr  8 2025, 12:21:36) [MSC v.1943 64 bit (AMD64)] | 実行パス: C:\Users\0138018\AppData\Local\Programs\Python\Python312\pythonw.exe
[2026-09-30 01:22:40] [INFO] PROJECT_ROOT: C:\Users\0138018\.antigravity\mfgpro_controller
[2026-09-30 01:22:40] [INFO] ======================================================================
[2026-09-30 01:22:47] [INFO] SSH接続確立 (connected) [Tab 1]
[2026-09-30 01:22:47] [INFO] 自動ログイン: Tab 1 のMain Menu自動遷移シーケンスを開始
[2026-09-30 01:22:51] [INFO] 自動ログイン: Tab 1 Main Menu 着弾検知
[2026-09-30 01:23:49] [INFO] === QAD 99.7.1.1 受注入力自動化を開始します ===
[2026-09-30 01:23:49] [INFO] メインメニューまたはヘッダー画面から全工程 (Step 1〜6.3.0) を実行します。
[2026-09-30 01:23:49] [INFO] === QAD 99.7.1.1 受注入力自動化 全工程実行開始 ===
[2026-09-30 01:23:49] [INFO] Step 1: '99.7.1.1\r' 送信
[2026-09-30 01:23:49] [INFO] Step 1: Order番号自動採番 (空欄で F1 送信)
[2026-09-30 01:23:50] [INFO] Order ID を記録: SO199525
[2026-09-30 01:23:50] [INFO] Step 2: Sold-To '20000600' 送信
[2026-09-30 01:23:50] [INFO] Step 2: Sold-To 確定のため F1 送信
[2026-09-30 01:23:51] [INFO] Step 2: Bill-To '20000600' 送信
[2026-09-30 01:23:51] [INFO] Step 2: Ship-To '20000604' 送信
[2026-09-30 01:23:52] [INFO] Step 2: Order Dateからの一括貼り付けバッファ送信 (8 項目: Order Date〜Remarks)
[2026-09-30 01:23:53] [INFO] Step 2: F1 送信 (ヘッダー確定)
[2026-09-30 01:23:53] [INFO] 画面待機中 (Step 3: Tax ポップアップ または Salesperson画面): アクティブな警告/Space要求プロンプトを検知。Spaceキーを送信します。
[2026-09-30 01:23:54] [INFO] Step 3: F1 送信 (Tax スキップ)
[2026-09-30 01:23:54] [INFO] Step 4: F1 送信 (Salesperson スキップ)
[2026-09-30 01:23:55] [INFO] Step 5: F1 送信 (コメント本文エディタへ移動)
[2026-09-30 01:23:55] [INFO] Step 5: 案C実行 - 既定コメントの全クリア (F8: Clear送信)
[2026-09-30 01:23:56] [INFO] Step 5: 新規特記事項本文入力 (全 1 行)
[2026-09-30 01:23:56] [INFO] Step 5: F1 送信 (コメント本文確定)
[2026-09-30 01:23:56] [INFO] Step 5: F4 送信 (明細画面へ進む)
[2026-09-30 01:23:56] [INFO] Step 5: コメント画面残留検知 -> 再度 F4 送信
[2026-09-30 01:23:57] [INFO] === Step 6 受注明細行入力開始 (全 2 品番) ===
[2026-09-30 01:23:57] [INFO] --- [Line 1] 品番: MZ0021E-2 / 単価: 200 / 長さグループ: 1件 ---
[2026-09-30 01:23:57] [INFO] 6.1.0: Enter 送信 (Line 1 自動採番)
[2026-09-30 01:23:57] [INFO] 6.1.3: 品番 'MZ0021E-2' + F1 送信
[2026-09-30 01:23:58] [INFO] 6.1.3: Site 'CB2' + F1 送信
[2026-09-30 01:23:58] [INFO] 6.1.4: F1 送信 (Qty Ordered UM スキップ)
[2026-09-30 01:24:11] [ERROR] 受注入力自動化タイムアウト: 画面遷移待機タイムアウト (12.0秒): 6.1.4 No1 スリット設定画面
現在の画面表示:
xxsosomt.p b+            99.7.1.1 Sales Order Maintenance             09/30/26                                                      
┌──────────────────────────────────────────────────────────────────────────────┐                                                    
│ Sales Order: SO199525 Sold-To: 20000600 Ln Format S/M: Single                │                                                    
└──────────────────────────────────────────────────────────────────────────────┘                                                    
┌────────────────────────────── Sales Order Line ──────────────────────────────┐                                                    
│ Ln Item Number        Qty Ordered UM     List Price Discount           Price │                                                    
│─── ────────────────── ─────────── ── ────────────── ──────── ─────────────── │                                                    
│  1 CB2                        0.0              0.00      0.0            0.00 │                                                    
└──────────────────────────────────────────────────────────────────────────────┘                                                    
┌──────────────────────────────────────────────────────────────────────────────┐                                                    
│Desc:                          Sales Acct:                                    │                                                    
│ Loc:           Site: CB2       Disc Acct:                                    │                                                    
│   JPY Cost: 0.00               Confirmed: Yes   Credit Terms Int: 0.00       │                                                    
│ Lot/Serial:                     Required: 10/02/26     Ship Type:            │                                                    
│ Qty Allocated: 0.0              Promised: 10/02/26 UM Conversion: 1.0000     │                                                    
│    Qty Picked: 0.0              Due Date: 10/01/26  Consume Fcst: Yes        │                                                    
│   Qty Shipped: 0.0          Perform Date:           Detail Alloc: No         │                                                    
│Qty to Invoice: 0.0          Pricing Date: 09/30/26       Taxable: Yes  10    │                                                    
│ Salesperson 1: S53              Multiple: No        Freight List:            │                                                    
│  Commission 1: 0.00%    Category:           Fixed Price: Yes  Comments: Yes  │                                                    
└──────────────────────────────────────────────────────────────────────────────┘                                                    
ERROR: Invalid Item.  Please re-enter.                                                                                              
                                                                                                                                    
F1=Go 2=Hlp 3=Ins 4=End 6=Mnu 7=Rcl 8=Clr 9=Prev 10=Next 11=Buf                                                                     
[2026-09-30 01:29:32] [INFO] キーコード送信: '\x1bOS'
[2026-09-30 01:29:33] [INFO] キーコード送信: '\x1bOS'
[2026-09-30 01:29:34] [INFO] キーコード送信: '\x1bOS'
[2026-09-30 01:29:34] [INFO] キーコード送信: '\x1bOS'
[2026-09-30 01:29:35] [INFO] レポート条件入力画面で F1 キーが押下されました。クエリ待機ステータスを開始します。
[2026-09-30 01:29:35] [INFO] キーコード送信: '\x1bOP'
[2026-09-30 01:29:43] [INFO] F4押下によりクエリ待機を解除しました
[2026-09-30 01:29:43] [INFO] キーコード送信: '\x1bOS'
[2026-09-30 01:29:44] [INFO] キーコード送信: '\x1bOS'
[2026-09-30 01:29:46] [INFO] キーコード送信: '\x1bOS'
[2026-09-30 01:29:46] [INFO] レポート条件入力画面で F1 キーが押下されました。クエリ待機ステータスを開始します。
[2026-09-30 01:29:46] [INFO] キーコード送信: '\x1bOP'
[2026-09-30 01:29:47] [INFO] レポート条件入力画面で F1 キーが押下されました。クエリ待機ステータスを開始します。
[2026-09-30 01:29:47] [INFO] キーコード送信: '\x1bOP'
[2026-09-30 01:29:49] [INFO] F4押下によりクエリ待機を解除しました
[2026-09-30 01:29:49] [INFO] キーコード送信: '\x1bOS'
[2026-09-30 01:34:54] [INFO] ======================================================================
[2026-09-30 01:34:54] [INFO] QAD Modern Terminal 起動 - 2026-09-30 01:34:54
[2026-09-30 01:34:54] [INFO] Python: 3.12.10 (tags/v3.12.10:0cc8128, Apr  8 2025, 12:21:36) [MSC v.1943 64 bit (AMD64)] | 実行パス: C:\Users\0138018\AppData\Local\Programs\Python\Python312\pythonw.exe
[2026-09-30 01:34:54] [INFO] PROJECT_ROOT: C:\Users\0138018\.antigravity\mfgpro_controller
[2026-09-30 01:34:54] [INFO] ======================================================================
[2026-09-30 01:35:00] [INFO] SSH接続確立 (connected) [Tab 1]
[2026-09-30 01:35:00] [INFO] 自動ログイン: Tab 1 のMain Menu自動遷移シーケンスを開始
[2026-09-30 01:35:04] [INFO] 自動ログイン: Tab 1 Main Menu 着弾検知
[2026-09-30 01:36:35] [INFO] === QAD 99.7.1.1 受注入力自動化を開始します ===
[2026-09-30 01:36:35] [INFO] メインメニューまたはヘッダー画面から全工程 (Step 1〜6.3.0) を実行します。
[2026-09-30 01:36:35] [INFO] === QAD 99.7.1.1 受注入力自動化 全工程実行開始 ===
[2026-09-30 01:36:35] [INFO] Step 1: '99.7.1.1\r' 送信
[2026-09-30 01:36:35] [INFO] Step 1: Order番号自動採番 (空欄で F1 送信)
[2026-09-30 01:36:36] [INFO] Order ID を記録: SO199526
[2026-09-30 01:36:36] [INFO] Step 2: Sold-To '20000600' 送信
[2026-09-30 01:36:36] [INFO] Step 2: Sold-To 確定のため F1 送信
[2026-09-30 01:36:37] [INFO] Step 2: Bill-To '20000600' 送信
[2026-09-30 01:36:37] [INFO] Step 2: Ship-To '20000601' 送信
[2026-09-30 01:36:38] [INFO] Step 2: Order Dateからの一括貼り付けバッファ送信 (8 項目: Order Date〜Remarks)
[2026-09-30 01:36:39] [INFO] Step 2: F1 送信 (ヘッダー確定)
[2026-09-30 01:36:40] [INFO] 画面待機中 (Step 3: Tax ポップアップ または Salesperson画面): アクティブな警告/Space要求プロンプトを検知。Spaceキーを送信します。
[2026-09-30 01:36:40] [INFO] Step 3: F1 送信 (Tax スキップ)
[2026-09-30 01:36:40] [INFO] Step 4: F1 送信 (Salesperson スキップ)
[2026-09-30 01:36:41] [INFO] Step 5: F1 送信 (コメント本文エディタへ移動)
[2026-09-30 01:36:42] [INFO] Step 5: 案C実行 - 既定コメントの全クリア (F8: Clear送信)
[2026-09-30 01:36:42] [INFO] Step 5: 新規特記事項本文入力 (全 1 行)
[2026-09-30 01:36:42] [INFO] Step 5: F1 送信 (コメント本文確定)
[2026-09-30 01:36:42] [INFO] Step 5: F4 送信 (明細画面へ進む)
[2026-09-30 01:36:43] [INFO] Step 5: コメント画面残留検知 -> 再度 F4 送信
[2026-09-30 01:36:43] [INFO] === Step 6 受注明細行入力開始 (全 2 品番) ===
[2026-09-30 01:36:43] [INFO] --- [Line 1] 品番: BW0100D / 単価: 200 / 長さグループ: 1件 ---
[2026-09-30 01:36:43] [INFO] 6.1.0: Enter 送信 (Line 1 自動採番)
[2026-09-30 01:36:44] [INFO] 6.1.1: F1 送信 (Line 1 Create WO ポップアップスキップ)
[2026-09-30 01:36:44] [INFO] 6.1.3: 品番 'BW0100D' + F1 送信
[2026-09-30 01:36:45] [INFO] 6.1.3: Site 'CB2' + F1 送信
[2026-09-30 01:36:46] [INFO] 画面待機中 (6.1.4 Qty Ordered UM または スリット設定画面): アクティブな警告/Space要求プロンプトを検知。Spaceキーを送信します。
[2026-09-30 01:36:46] [INFO] 6.1.4: F1 送信 (Qty Ordered UM スキップ)
[2026-09-30 01:36:46] [INFO]   SL 1: 長さ '600'm (明細 1件) 開始
[2026-09-30 01:36:46] [INFO]   SL 1: F1 -> Enter -> Enter で Len(m) 欄へ移動
[2026-09-30 01:36:48] [INFO]   6.2.0: 長さ '600' + Enter 送信
[2026-09-30 01:36:48] [INFO]     Roll 1/1: 本数=1, 幅=200mm
[2026-09-30 01:36:49] [INFO]   6.2.1: F4 送信 (長さ '600'm ロール入力完了)
[2026-09-30 01:36:49] [INFO]   6.2.1: F1 送信 ('yes' 確定)
[2026-09-30 01:36:50] [INFO] 6.1.4: F4 送信 (品番 'BW0100D' 全スリット設定完了)
[2026-09-30 01:36:50] [INFO] 6.1.4: F1 送信 ('yes' 確定)
[2026-09-30 01:36:51] [INFO] 6.2.3: Orig Order Qty スキップ (F1)
[2026-09-30 01:36:51] [INFO] 6.2.3: F1 送信 (Pricing Date スキップ)
[2026-09-30 01:36:52] [INFO] 6.2.4: F1 送信 (List Price スキップ)
[2026-09-30 01:36:52] [INFO] 6.2.4: 単価 '200' + F1 送信 (単価確定)
[2026-09-30 01:37:05] [ERROR] 受注入力自動化タイムアウト: 画面遷移待機タイムアウト (12.0秒): 6.2.5 Tax ポップアップ または 次画面
現在の画面表示:
xxsosomt.p b+            99.7.1.1 Sales Order Maintenance             09/30/26                                                      
┌──────────────────────────────────────────────────────────────────────────────┐                                                    
│ Sales Order: SO199526 Sold-To: 20000600 Ln Format S/M: Single                │                                                    
└──────────────────────────────────────────────────────────────────────────────┘                                                    
┌────────────────────────────── Sales Order Line ──────────────────────────────┐                                                    
│ Ln Item Number        Qty Ordered UM     List Price Discount           Price │                                                    
│─── ────────────────── ─────────── ── ────────────── ──────── ─────────────── │                                                    
│  1 BW0100D                  120.0 M2          77.00  -159.74          200.00 │                                                    
└──────────────────────────────────────────────────────────────────────────────┘                                                    
┌──────────────────────────────────────────────────────────────────────────────┐                                                    
│Desc: SemiCLOPP18/S692N/BG40W  Sales Acct: 400000                             │                                                    
│ Loc:           Site: CB2       Disc Acct: 403100                             │                                                    
│   JPY Cost: 54.5301            Confirmed: Yes   Credit Terms Int: 0.00       │                                                    
│ Lot/Serial:                     Required: 10/01/26     Ship Type:            │                                                    
│ Qty Allocated: 0.0              Promised: 10/01/26 UM Conversion: 1.0000     │                                                    
│    Qty Picked: 0.0              Due Date: 09/30/26  Consume Fcst: Yes        │                                                    
│   Qty Shipped: 0.0          Perform Date:   /  /    Detail Alloc: No         │                                                    
│Qty to Invoice: 0.0          Pricing Date: 09/30/26       Taxable: Yes  10    │                                                    
│ Salesperson 1: S53              Multiple: No        Freight List:            │                                                    
│  Commission 1: 0.00%    Category:           Fixed Price: Yes  Comments: Yes  │                                                    
└──────────────────────────────────────────────────────────────────────────────┘                                                    
                                                                                                                                    
                                                                                                                                    
F1=Go 2=Help 3=Ins 4=End 6=Menu 7=Rcl 8=Clr 11=Paste                                                                                
[2026-09-30 01:53:56] [INFO] キーコード送信: '\x1bOS'
[2026-09-30 01:53:58] [INFO] キーコード送信: '\x1bOS'
[2026-09-30 01:53:58] [INFO] キーコード送信: '\x1bOS'
[2026-09-30 01:55:36] [INFO] レポート条件入力画面で F1 キーが押下されました。クエリ待機ステータスを開始します。
[2026-09-30 01:55:36] [INFO] キーコード送信: '\x1bOP'
[2026-09-30 01:55:37] [INFO] レポート条件入力画面で F1 キーが押下されました。クエリ待機ステータスを開始します。
[2026-09-30 01:55:37] [INFO] キーコード送信: '\x1bOP'
[2026-09-30 01:55:38] [INFO] F4押下によりクエリ待機を解除しました
[2026-09-30 01:55:38] [INFO] キーコード送信: '\x1bOS'
[2026-09-30 01:55:50] [INFO] レポート条件入力画面で F1 キーが押下されました。クエリ待機ステータスを開始します。
[2026-09-30 01:55:50] [INFO] キーコード送信: '\x1bOP'
[2026-09-30 01:55:51] [INFO] レポート条件入力画面で F1 キーが押下されました。クエリ待機ステータスを開始します。
[2026-09-30 01:55:51] [INFO] キーコード送信: '\x1bOP'
[2026-09-30 01:55:51] [INFO] レポート条件入力画面で F1 キーが押下されました。クエリ待機ステータスを開始します。
[2026-09-30 01:55:51] [INFO] キーコード送信: '\x1bOP'
[2026-09-30 01:55:52] [INFO] レポート条件入力画面で F1 キーが押下されました。クエリ待機ステータスを開始します。
[2026-09-30 01:55:52] [INFO] キーコード送信: '\x1bOP'
[2026-09-30 01:55:53] [INFO] レポート条件入力画面で F1 キーが押下されました。クエリ待機ステータスを開始します。
[2026-09-30 01:55:53] [INFO] キーコード送信: '\x1bOP'
[2026-09-30 01:55:56] [INFO] F4押下によりクエリ待機を解除しました
[2026-09-30 01:55:56] [INFO] キーコード送信: '\x1bOS'
[2026-09-30 01:56:13] [INFO] ======================================================================
[2026-09-30 01:56:13] [INFO] QAD Modern Terminal 起動 - 2026-09-30 01:56:13
[2026-09-30 01:56:13] [INFO] Python: 3.12.10 (tags/v3.12.10:0cc8128, Apr  8 2025, 12:21:36) [MSC v.1943 64 bit (AMD64)] | 実行パス: C:\Users\0138018\AppData\Local\Programs\Python\Python312\pythonw.exe
[2026-09-30 01:56:13] [INFO] PROJECT_ROOT: C:\Users\0138018\.antigravity\mfgpro_controller
[2026-09-30 01:56:13] [INFO] ======================================================================
[2026-09-30 01:59:22] [INFO] ======================================================================
[2026-09-30 01:59:22] [INFO] QAD Modern Terminal 起動 - 2026-09-30 01:59:22
[2026-09-30 01:59:22] [INFO] Python: 3.12.10 (tags/v3.12.10:0cc8128, Apr  8 2025, 12:21:36) [MSC v.1943 64 bit (AMD64)] | 実行パス: C:\Users\0138018\AppData\Local\Programs\Python\Python312\pythonw.exe
[2026-09-30 01:59:22] [INFO] PROJECT_ROOT: C:\Users\0138018\.antigravity\mfgpro_controller
[2026-09-30 01:59:22] [INFO] ======================================================================
[2026-09-30 01:59:28] [INFO] SSH接続確立 (connected) [Tab 1]
[2026-09-30 01:59:28] [INFO] 自動ログイン: Tab 1 のMain Menu自動遷移シーケンスを開始
[2026-09-30 01:59:32] [INFO] 自動ログイン: Tab 1 Main Menu 着弾検知
[2026-09-30 01:59:35] [INFO] === QAD 99.7.1.1 受注入力自動化を開始します ===
[2026-09-30 01:59:35] [INFO] メインメニューまたはヘッダー画面から全工程 (Step 1〜6.3.0) を実行します。
[2026-09-30 01:59:35] [INFO] === QAD 99.7.1.1 受注入力自動化 全工程実行開始 ===
[2026-09-30 01:59:35] [INFO] Step 1: '99.7.1.1\r' 送信
[2026-09-30 01:59:35] [INFO] Step 1: Order番号自動採番 (空欄で F1 送信)
[2026-09-30 01:59:36] [INFO] Order ID を記録: SO199527
[2026-09-30 01:59:36] [INFO] Step 2: Sold-To '20000600' 送信
[2026-09-30 01:59:36] [INFO] Step 2: Sold-To 確定のため F1 送信
[2026-09-30 01:59:37] [INFO] Step 2: Bill-To '20000600' 送信
[2026-09-30 01:59:37] [INFO] Step 2: Ship-To '20000601' 送信
[2026-09-30 01:59:38] [INFO] Step 2: Order Dateからの一括貼り付けバッファ送信 (8 項目: Order Date〜Remarks)
[2026-09-30 01:59:39] [INFO] Step 2: F1 送信 (ヘッダー確定)
[2026-09-30 01:59:40] [INFO] 画面待機中 (Step 3: Tax ポップアップ または Salesperson画面): アクティブな警告/Space要求プロンプトを検知。Spaceキーを送信します。
[2026-09-30 01:59:40] [INFO] Step 3: F1 送信 (Tax スキップ)
[2026-09-30 01:59:41] [INFO] Step 4: F1 送信 (Salesperson スキップ)
[2026-09-30 01:59:41] [INFO] Step 5: F1 送信 (コメント本文エディタへ移動)
[2026-09-30 01:59:42] [INFO] Step 5: 案C実行 - 既定コメントの全クリア (F8: Clear送信)
[2026-09-30 01:59:42] [INFO] Step 5: 新規特記事項本文入力 (全 1 行)
[2026-09-30 01:59:42] [INFO] Step 5: F1 送信 (コメント本文確定)
[2026-09-30 01:59:42] [INFO] Step 5: F4 送信 (明細画面へ進む)
[2026-09-30 01:59:43] [INFO] Step 5: コメント画面残留検知 -> 再度 F4 送信
[2026-09-30 01:59:43] [INFO] === Step 6 受注明細行入力開始 (全 2 品番) ===
[2026-09-30 01:59:43] [INFO] --- [Line 1] 品番: BW0100D / 単価: 200 / 長さグループ: 1件 ---
[2026-09-30 01:59:43] [INFO] 6.1.0: Enter 送信 (Line 1 自動採番)
[2026-09-30 01:59:44] [INFO] 6.1.1: F1 送信 (Line 1 Create WO ポップアップスキップ)
[2026-09-30 01:59:44] [INFO] 6.1.3: 品番 'BW0100D' + F1 送信
[2026-09-30 01:59:45] [INFO] 6.1.3: Site 'CB2' + F1 送信
[2026-09-30 01:59:46] [INFO] 画面待機中 (6.1.4 Qty Ordered UM または スリット設定画面): アクティブな警告/Space要求プロンプトを検知。Spaceキーを送信します。
[2026-09-30 01:59:46] [INFO] 6.1.4: F1 送信 (Qty Ordered UM スキップ)
[2026-09-30 01:59:46] [INFO]   SL 1: 長さ '600'm (明細 1件) 開始
[2026-09-30 01:59:46] [INFO]   SL 1: F1 -> Enter -> Enter で Len(m) 欄へ移動
[2026-09-30 01:59:47] [INFO]   6.2.0: 長さ '600' + Enter 送信
[2026-09-30 01:59:48] [INFO]     Roll 1/1: 本数=1, 幅=200mm
[2026-09-30 01:59:49] [INFO]   6.2.1: F4 送信 (長さ '600'm ロール入力完了)
[2026-09-30 01:59:49] [INFO]   6.2.1: F1 送信 ('yes' 確定)
[2026-09-30 01:59:50] [INFO] 6.1.4: F4 送信 (品番 'BW0100D' 全スリット設定完了)
[2026-09-30 01:59:50] [INFO] 6.1.4: F1 送信 ('yes' 確定)
[2026-09-30 01:59:51] [INFO] 6.2.3: Orig Order Qty スキップ (F1)
[2026-09-30 01:59:51] [INFO] 6.2.3: F1 送信 (Pricing Date スキップ)
[2026-09-30 01:59:52] [INFO] 6.2.4: F1 送信 (List Price スキップ)
[2026-09-30 01:59:52] [INFO] 6.2.4: 単価 '200' + F1 送信 (単価確定)
[2026-09-30 01:59:53] [INFO] 6.2.4: 明細詳細枠 (Loc: / Sales Acct:) 検知 -> F1 送信でスキップ
[2026-09-30 01:59:53] [INFO] 6.2.5: F1 送信 (Tax スキップ)
[2026-09-30 01:59:54] [INFO] 6.2.5: F4 送信 (明細行 Transaction Comments 終了 -> Reason Code または 次画面へ)
[2026-09-30 01:59:54] [INFO] 6.2.5: Reason Code 検知 (70 MISC -> 28 INTERNAL -> 28 INTERNAL + F1)
[2026-09-30 02:00:07] [ERROR] 受注入力自動化タイムアウト: 画面遷移待機タイムアウト (12.0秒): 6.1.0 メイン明細一覧復帰
現在の画面表示:
xxsosomt.p b+            99.7.1.1 Sales Order Maintenance             09/30/26                                                      
┌──────────────────────────────────────────────────────────────────────────────┐                                                    
│ Sales Order: SO199527 Sold-To: 20000600 Ln Format S/M: Single                │                                                    
└──────────────────────────────────────────────────────────────────────────────┘                                                    
┌────────┌───────────────────────────────┐r Line ──────────────────────────────┐                                                    
│ Ln Item│Create WO: Y Rework: Y Exact: Y│ List Price Discount           Price │                                                    
│─── ────└───────────────────────────────┘─────────── ──────── ─────────────── │                                                    
│  2                            0.0              0.00      0.0            0.00 │                                                    
└──────────────────────────────────────────────────────────────────────────────┘                                                    
┌──────────────────────────────────────────────────────────────────────────────┐                                                    
│Desc: SemiCLOPP18/S692N/BG40W  Sales Acct: 400000                             │                                                    
│ Loc:           Site: CB2       Disc Acct: 403100                             │                                                    
│   JPY Cost: 54.5301            Confirmed: Yes   Credit Terms Int: 0.00       │                                                    
│ Lot/Serial:                     Required: 10/01/26     Ship Type:            │                                                    
│ Qty Allocated: 0.0              Promised: 10/01/26 UM Conversion: 1.0000     │                                                    
│    Qty Picked: 0.0              Due Date: 09/30/26  Consume Fcst: Yes        │                                                    
│   Qty Shipped: 0.0          Perform Date:           Detail Alloc: No         │                                                    
│Qty to Invoice: 0.0          Pricing Date: 09/30/26       Taxable: Yes  10    │                                                    
│ Salesperson 1: S53              Multiple: No        Freight List:            │                                                    
│  Commission 1: 0.00%    Category:           Fixed Price: Yes  Comments: Yes  │                                                    
└──────────────────────────────────────────────────────────────────────────────┘                                                    
Category=Strat Hipo                                                                                                                 
                                                                                                                                    
F1=Go 2=Hlp 3=Ins 4=End 6=Mnu 7=Rcl 8=Clr 9=Prev 10=Next 11=Buf                                                                     
[2026-09-30 02:00:44] [INFO] キーコード送信: '\x1bOS'
[2026-09-30 02:00:46] [INFO] キーコード送信: '\x1bOS'
[2026-09-30 02:00:47] [INFO] レポート条件入力画面で F1 キーが押下されました。クエリ待機ステータスを開始します。
[2026-09-30 02:00:47] [INFO] キーコード送信: '\x1bOP'
[2026-09-30 02:01:11] [INFO] F4押下によりクエリ待機を解除しました
[2026-09-30 02:01:11] [INFO] キーコード送信: '\x1bOS'
[2026-09-30 02:01:12] [INFO] キーコード送信: '\x1bOS'
[2026-09-30 02:01:12] [INFO] キーコード送信: '\x1bOS'
[2026-09-30 02:01:13] [INFO] キーコード送信: '\x1bOS'
[2026-09-30 02:01:14] [INFO] キーコード送信: '\x1bOS'
[2026-09-30 02:01:15] [INFO] キーコード送信: '\x1bOS'
[2026-09-30 02:01:19] [INFO] レポート条件入力画面で F1 キーが押下されました。クエリ待機ステータスを開始します。
[2026-09-30 02:01:19] [INFO] キーコード送信: '\x1bOP'
[2026-09-30 02:01:20] [INFO] レポート条件入力画面で F1 キーが押下されました。クエリ待機ステータスを開始します。
[2026-09-30 02:01:20] [INFO] キーコード送信: '\x1bOP'
[2026-09-30 02:01:21] [INFO] F4押下によりクエリ待機を解除しました
[2026-09-30 02:01:21] [INFO] キーコード送信: '\x1bOS'
[2026-09-30 02:01:22] [INFO] 入力欄クリック検知: 現在=InputField(row=18, cols=58..76)(左列=False) -> 宛先=InputField(row=14, cols=54..62)(左列=False), クリック列=54
[2026-09-30 02:01:25] [INFO] キーコード送信: '\x08'
[2026-09-30 02:01:45] [INFO] キーコード送信: '\x1bOS'
[2026-09-30 02:05:35] [INFO] ======================================================================
[2026-09-30 02:05:35] [INFO] QAD Modern Terminal 起動 - 2026-09-30 02:05:35
[2026-09-30 02:05:35] [INFO] Python: 3.12.10 (tags/v3.12.10:0cc8128, Apr  8 2025, 12:21:36) [MSC v.1943 64 bit (AMD64)] | 実行パス: C:\Users\0138018\AppData\Local\Programs\Python\Python312\pythonw.exe
[2026-09-30 02:05:35] [INFO] PROJECT_ROOT: C:\Users\0138018\.antigravity\mfgpro_controller
[2026-09-30 02:05:35] [INFO] ======================================================================
[2026-09-30 02:05:42] [INFO] SSH接続確立 (connected) [Tab 1]
[2026-09-30 02:05:42] [INFO] 自動ログイン: Tab 1 のMain Menu自動遷移シーケンスを開始
[2026-09-30 02:05:46] [INFO] 自動ログイン: Tab 1 Main Menu 着弾検知
[2026-09-30 02:05:54] [INFO] === QAD 99.7.1.1 受注入力自動化を開始します ===
[2026-09-30 02:05:54] [INFO] メインメニューまたはヘッダー画面から全工程 (Step 1〜6.3.0) を実行します。
[2026-09-30 02:05:54] [INFO] === QAD 99.7.1.1 受注入力自動化 全工程実行開始 ===
[2026-09-30 02:05:54] [INFO] Step 1: '99.7.1.1\r' 送信
[2026-09-30 02:05:54] [INFO] Step 1: Order番号自動採番 (空欄で F1 送信)
[2026-09-30 02:05:55] [INFO] Order ID を記録: SO199528
[2026-09-30 02:05:55] [INFO] Step 2: Sold-To '20000600' 送信
[2026-09-30 02:05:55] [INFO] Step 2: Sold-To 確定のため F1 送信
[2026-09-30 02:05:56] [INFO] Step 2: Bill-To '20000600' 送信
[2026-09-30 02:05:57] [INFO] Step 2: Ship-To '20000601' 送信
[2026-09-30 02:05:58] [INFO] Step 2: Order Dateからの一括貼り付けバッファ送信 (8 項目: Order Date〜Remarks)
[2026-09-30 02:05:58] [INFO] Step 2: F1 送信 (ヘッダー確定)
[2026-09-30 02:05:59] [INFO] 画面待機中 (Step 3: Tax ポップアップ または Salesperson画面): アクティブな警告/Space要求プロンプトを検知。Spaceキーを送信します。
[2026-09-30 02:05:59] [INFO] Step 3: F1 送信 (Tax スキップ)
[2026-09-30 02:06:00] [INFO] Step 4: F1 送信 (Salesperson スキップ)
[2026-09-30 02:06:00] [INFO] Step 5: F1 送信 (コメント本文エディタへ移動)
[2026-09-30 02:06:00] [INFO] Step 5: 案C実行 - 既定コメントの全クリア (F8: Clear送信)
[2026-09-30 02:06:01] [INFO] Step 5: 新規特記事項本文入力 (全 1 行)
[2026-09-30 02:06:01] [INFO] Step 5: F1 送信 (コメント本文確定)
[2026-09-30 02:06:01] [INFO] Step 5: F4 送信 (明細画面へ進む)
[2026-09-30 02:06:01] [INFO] Step 5: コメント画面残留検知 -> 再度 F4 送信
[2026-09-30 02:06:02] [INFO] === Step 6 受注明細行入力開始 (全 2 品番) ===
[2026-09-30 02:06:02] [INFO] --- [Line 1] 品番: BW0100D / 単価: 200 / 長さグループ: 1件 ---
[2026-09-30 02:06:02] [INFO] 6.1.0: Enter 送信 (Line 1 自動採番)
[2026-09-30 02:06:02] [INFO] 6.1.1: F1 送信 (Line 1 Create WO ポップアップスキップ)
[2026-09-30 02:06:03] [INFO] 6.1.3: 品番 'BW0100D' + F1 送信
[2026-09-30 02:06:04] [INFO] 6.1.3: Site 'CB2' + F1 送信
[2026-09-30 02:06:04] [INFO] 画面待機中 (6.1.4 Qty Ordered UM または スリット設定画面): アクティブな警告/Space要求プロンプトを検知。Spaceキーを送信します。
[2026-09-30 02:06:05] [INFO] 6.1.4: F1 送信 (Qty Ordered UM スキップ)
[2026-09-30 02:06:05] [INFO]   SL 1: 長さ '600'm (明細 1件) 開始
[2026-09-30 02:06:05] [INFO]   SL 1: F1 -> Enter -> Enter で Len(m) 欄へ移動
[2026-09-30 02:06:06] [INFO]   6.2.0: 長さ '600' + Enter 送信
[2026-09-30 02:06:07] [INFO]     Roll 1/1: 本数=1, 幅=200mm
[2026-09-30 02:06:08] [INFO]   6.2.1: F4 送信 (長さ '600'm ロール入力完了)
[2026-09-30 02:06:08] [INFO]   6.2.1: F1 送信 ('yes' 確定)
[2026-09-30 02:06:08] [INFO] 6.1.4: F4 送信 (品番 'BW0100D' 全スリット設定完了)
[2026-09-30 02:06:09] [INFO] 6.1.4: F1 送信 ('yes' 確定)
[2026-09-30 02:06:09] [INFO] 6.2.3: Orig Order Qty スキップ (F1)
[2026-09-30 02:06:10] [INFO] 6.2.3: F1 送信 (Pricing Date スキップ)
[2026-09-30 02:06:10] [INFO] 6.2.4: F1 送信 (List Price スキップ)
[2026-09-30 02:06:11] [INFO] 6.2.4: 単価 '200' + F1 送信 (単価確定)
[2026-09-30 02:06:11] [INFO] 6.2.4: 明細詳細枠 (Loc: / Sales Acct:) 検知 -> F1 送信でスキップ
[2026-09-30 02:06:12] [INFO] 6.2.5: F1 送信 (Tax スキップ)
[2026-09-30 02:06:12] [INFO] 6.2.5: F4 送信 (明細行 Transaction Comments 終了 -> Reason Code または 次画面へ)
[2026-09-30 02:06:13] [INFO] --- [Line 2] 品番: BW0116Q3-2 / 単価: 200 / 長さグループ: 1件 ---
[2026-09-30 02:06:13] [INFO] 6.1.0: Enter 送信 (Line 2 自動採番)
[2026-09-30 02:06:13] [INFO] 6.1.3: 品番 'BW0116Q3-2' + F1 送信
[2026-09-30 02:06:26] [ERROR] 受注入力自動化タイムアウト: 画面遷移待機タイムアウト (12.0秒): 6.1.3 Site ポップアップ (品番 'BW0116Q3-2' 確定後)
現在の画面表示:
xxsosomt.p b+            99.7.1.1 Sales Order Maintenance             09/30/26                                                      
┌──────────────────────────────────────────────────────────────────────────────┐                                                    
│ Sales Order: SO199528 Sold-To: 20000600 Ln Format S/M: Single                │                                                    
└──────────────────────────────────────────────────────────────────────────────┘                                                    
┌────────────────────────────── Sales Order Line ──────────────────────────────┐                                                    
│ Ln Item Number        Qty Ordered UM     List Price Discount           Price │                                                    
│─── ────────────────── ─────────── ── ────────────── ──────── ─────────────── │                                                    
│  1 BW0100D                  120.0 M2          77.00  -159.74          200.00 │                                                    
└──────────────────────────────────────────────────────────────────────────────┘                                                    
┌──────────────────────────────────────────────────────────────────────────────┐                                                    
│Desc: SemiCLOPP18/S692N/BG40W  Sales Acct: 400000                             │                                                    
│ Loc:           Site: CB2       Disc Acct: 403100                             │                                                    
│   JPY Cost: 54.5301            Confirmed: Yes   Credit Terms Int: 0.00       │                                                    
│ Lot/Serial:                     Required: 10/01/26     Ship Type:            │                                                    
│ Qty Allocated: 0.0              Promised: 10/01/26 UM Conversion: 1.0000     │                                                    
│    Qty Picked: 0.0              Due Date: 09/30/26  Consume Fcst: Yes        │                                                    
│   Qty Shipped: 0.0          Perform Date:           Detail Alloc: No         │                                                    
│Qty to Invoice: 0.0          Pricing Date: 09/30/26       Taxable: Yes  10    │                                                    
│ Salesperson 1: S53              Multiple: No        Freight List:            │                                                    
│  Commission 1: 0.00%    Category:           Fixed Price: Yes  Comments: Yes  │                                                    
└──────────────────────────────────────────────────────────────────────────────┘                                                    
                                                                                                                                    
                                                                                                                                    
in_mstr in use by  on pts/7. Wait or press CTRL-C to stop. (121)                                                                    
[2026-09-30 02:06:33] [INFO] キーコード送信: '\x1bOS'
[2026-09-30 02:07:26] [INFO] ======================================================================
[2026-09-30 02:07:26] [INFO] QAD Modern Terminal 起動 - 2026-09-30 02:07:26
[2026-09-30 02:07:26] [INFO] Python: 3.12.10 (tags/v3.12.10:0cc8128, Apr  8 2025, 12:21:36) [MSC v.1943 64 bit (AMD64)] | 実行パス: C:\Users\0138018\AppData\Local\Programs\Python\Python312\pythonw.exe
[2026-09-30 02:07:26] [INFO] PROJECT_ROOT: C:\Users\0138018\.antigravity\mfgpro_controller
[2026-09-30 02:07:26] [INFO] ======================================================================
[2026-09-30 02:07:34] [INFO] SSH接続確立 (connected) [Tab 1]
[2026-09-30 02:07:34] [INFO] 自動ログイン: Tab 1 のMain Menu自動遷移シーケンスを開始
[2026-09-30 02:07:38] [INFO] 自動ログイン: Tab 1 Main Menu 着弾検知
[2026-09-30 02:07:43] [INFO] === QAD 99.7.1.1 受注入力自動化を開始します ===
[2026-09-30 02:07:43] [INFO] メインメニューまたはヘッダー画面から全工程 (Step 1〜6.3.0) を実行します。
[2026-09-30 02:07:43] [INFO] === QAD 99.7.1.1 受注入力自動化 全工程実行開始 ===
[2026-09-30 02:07:43] [INFO] Step 1: '99.7.1.1\r' 送信
[2026-09-30 02:07:43] [INFO] Step 1: Order番号自動採番 (空欄で F1 送信)
[2026-09-30 02:07:44] [INFO] Order ID を記録: SO199529
[2026-09-30 02:07:44] [INFO] Step 2: Sold-To '20000600' 送信
[2026-09-30 02:07:44] [INFO] Step 2: Sold-To 確定のため F1 送信
[2026-09-30 02:07:44] [INFO] Step 2: Bill-To '20000600' 送信
[2026-09-30 02:07:45] [INFO] Step 2: Ship-To '20000601' 送信
[2026-09-30 02:07:46] [INFO] Step 2: Order Dateからの一括貼り付けバッファ送信 (8 項目: Order Date〜Remarks)
[2026-09-30 02:07:47] [INFO] Step 2: F1 送信 (ヘッダー確定)
[2026-09-30 02:07:47] [INFO] 画面待機中 (Step 3: Tax ポップアップ または Salesperson画面): アクティブな警告/Space要求プロンプトを検知。Spaceキーを送信します。
[2026-09-30 02:07:48] [INFO] Step 3: F1 送信 (Tax スキップ)
[2026-09-30 02:07:48] [INFO] Step 4: F1 送信 (Salesperson スキップ)
[2026-09-30 02:07:49] [INFO] Step 5: F1 送信 (コメント本文エディタへ移動)
[2026-09-30 02:07:49] [INFO] Step 5: 案C実行 - 既定コメントの全クリア (F8: Clear送信)
[2026-09-30 02:07:49] [INFO] Step 5: 新規特記事項本文入力 (全 1 行)
[2026-09-30 02:07:49] [INFO] Step 5: F1 送信 (コメント本文確定)
[2026-09-30 02:07:49] [INFO] Step 5: F4 送信 (明細画面へ進む)
[2026-09-30 02:07:50] [INFO] Step 5: コメント画面残留検知 -> 再度 F4 送信
[2026-09-30 02:07:50] [INFO] === Step 6 受注明細行入力開始 (全 2 品番) ===
[2026-09-30 02:07:50] [INFO] --- [Line 1] 品番: BW0100D / 単価: 200 / 長さグループ: 1件 ---
[2026-09-30 02:07:50] [INFO] 6.1.0: Enter 送信 (Line 1 自動採番)
[2026-09-30 02:07:51] [INFO] 6.1.1: F1 送信 (Line 1 Create WO ポップアップスキップ)
[2026-09-30 02:07:51] [INFO] 6.1.3: 品番 'BW0100D' + F1 送信
[2026-09-30 02:07:52] [INFO] 6.1.3: Site 'CB2' + F1 送信
[2026-09-30 02:07:53] [INFO] 画面待機中 (6.1.4 Qty Ordered UM または スリット設定画面): アクティブな警告/Space要求プロンプトを検知。Spaceキーを送信します。
[2026-09-30 02:07:53] [INFO] 6.1.4: F1 送信 (Qty Ordered UM スキップ)
[2026-09-30 02:07:54] [INFO]   SL 1: 長さ '600'm (明細 1件) 開始
[2026-09-30 02:07:54] [INFO]   SL 1: F1 -> Enter -> Enter で Len(m) 欄へ移動
[2026-09-30 02:07:55] [INFO]   6.2.0: 長さ '600' + Enter 送信
[2026-09-30 02:07:55] [INFO]     Roll 1/1: 本数=1, 幅=200mm
[2026-09-30 02:07:56] [INFO]   6.2.1: F4 送信 (長さ '600'm ロール入力完了)
[2026-09-30 02:07:57] [INFO]   6.2.1: F1 送信 ('yes' 確定)
[2026-09-30 02:07:57] [INFO] 6.1.4: F4 送信 (品番 'BW0100D' 全スリット設定完了)
[2026-09-30 02:07:58] [INFO] 6.1.4: F1 送信 ('yes' 確定)
[2026-09-30 02:07:58] [INFO] 6.2.3: Orig Order Qty スキップ (F1)
[2026-09-30 02:07:58] [INFO] 6.2.3: F1 送信 (Pricing Date スキップ)
[2026-09-30 02:07:59] [INFO] 6.2.4: F1 送信 (List Price スキップ)
[2026-09-30 02:07:59] [INFO] 6.2.4: 単価 '200' + F1 送信 (単価確定)
[2026-09-30 02:08:00] [INFO] 6.2.4: 明細詳細枠 (Loc: / Sales Acct:) 検知 -> F1 送信でスキップ
[2026-09-30 02:08:00] [INFO] 6.2.5: F1 送信 (Tax スキップ)
[2026-09-30 02:08:01] [INFO] 6.2.5: F4 送信 (明細行 Transaction Comments 終了 -> Reason Code または 次画面へ)
[2026-09-30 02:08:01] [INFO] 6.2.5: Reason Code 検知 (70 MISC -> 28 INTERNAL -> 28 INTERNAL + F1)
[2026-09-30 02:08:03] [INFO] --- [Line 2] 品番: BW0116Q3-2 / 単価: 200 / 長さグループ: 1件 ---
[2026-09-30 02:08:03] [INFO] 6.1.1: F1 送信 (Line 2 Create WO ポップアップスキップ)
[2026-09-30 02:08:03] [INFO] 6.1.3: 品番 'BW0116Q3-2' + F1 送信
[2026-09-30 02:08:04] [INFO] 6.1.3: Site 'CB2' + F1 送信
[2026-09-30 02:08:05] [INFO] 6.1.4: F1 送信 (Qty Ordered UM スキップ)
[2026-09-30 02:08:05] [INFO]   SL 1: 長さ '600'm (明細 1件) 開始
[2026-09-30 02:08:05] [INFO]   SL 1: F1 -> Enter -> Enter で Len(m) 欄へ移動
[2026-09-30 02:08:06] [INFO]   6.2.0: 長さ '600' + Enter 送信
[2026-09-30 02:08:07] [INFO]     Roll 1/1: 本数=1, 幅=200mm
[2026-09-30 02:08:08] [INFO]   6.2.1: F4 送信 (長さ '600'm ロール入力完了)
[2026-09-30 02:08:08] [INFO]   6.2.1: F1 送信 ('yes' 確定)
[2026-09-30 02:08:08] [INFO] 6.1.4: F4 送信 (品番 'BW0116Q3-2' 全スリット設定完了)
[2026-09-30 02:08:09] [INFO] 6.1.4: F1 送信 ('yes' 確定)
[2026-09-30 02:08:09] [INFO] 6.2.3: Orig Order Qty スキップ (F1)
[2026-09-30 02:08:10] [INFO] 6.2.3: F1 送信 (Pricing Date スキップ)
[2026-09-30 02:08:10] [INFO] 6.2.4: F1 送信 (List Price スキップ)
[2026-09-30 02:08:10] [INFO] 6.2.4: 単価 '200' + F1 送信 (単価確定)
[2026-09-30 02:08:11] [INFO] 6.2.4: 明細詳細枠 (Loc: / Sales Acct:) 検知 -> F1 送信でスキップ
[2026-09-30 02:08:12] [INFO] 6.2.5: F1 送信 (Tax スキップ)
[2026-09-30 02:08:12] [INFO] 6.2.5: F4 送信 (明細行 Transaction Comments 終了 -> Reason Code または 次画面へ)
[2026-09-30 02:08:13] [INFO] 6.2.5: Reason Code 検知 (70 MISC -> 28 INTERNAL -> 28 INTERNAL + F1)
[2026-09-30 02:08:14] [INFO] 6.3.0: 次行 Create WO 解除 (F1)
[2026-09-30 02:08:14] [INFO] 6.3.0: F4 を送信して最終合計画面へ進みます
[2026-09-30 02:08:14] [INFO] 6.3.0: 次行 Create WO 解除 (F1)
[2026-09-30 02:08:16] [INFO] 6.3.0: 最終合計画面の表示を確認しました
[2026-09-30 02:08:16] [INFO] 6.3.0: 1回目の F1 送信 (下段フレームへ移動)
[2026-09-30 02:08:16] [INFO] 6.3.0: 2回目の F1 送信 (注文データ確定・コミット)
[2026-09-30 02:08:17] [INFO] 画面待機中 (受注完了・初期画面復帰): アクティブな警告/Space要求プロンプトを検知。Spaceキーを送信します。
[2026-09-30 02:08:29] [ERROR] 受注入力自動化タイムアウト: 画面遷移待機タイムアウト (12.0秒): 受注完了・初期画面復帰
現在の画面表示:
                                                                                                                                    
┌──────────────────────────────────────────────────────────────────────────────┐                                                    
│ Order:           Sold-To:           Bill To:           Ship-To:              │                                                    
└──────────────────────────────────────────────────────────────────────────────┘                                                    
┌────────────── Sold-To ───────────────┐┌────────────── Ship-To ───────────────┐                                                    
│                                      ││                                      │                                                    
│                                      ││                                      │                                                    
│                                      ││                                      │                                                    
│                                      ││                                      │                                                    
│                                      ││                                      │                                                    
└──────────────────────────────────────┘└──────────────────────────────────────┘                                                    
┌──────────────────────────────────────────────────────────────────────────────┐                                                    
│    Order Date:          Line Pricing: No       Confirmed: No                 │                                                    
│ Required Date:                Manual:           Currency:      Language:     │                                                    
│  Promise Date:                  Site:            Taxable: No                 │                                                    
│      Due Date:               Channel:                  Fixed Price: No       │                                                    
│  Perform Date:               Project:                 Credit Terms:          │                                                    
│  Pricing Date:                             Credit Terms Interest %:          │                                                    
│Purchase Order:                                             Reprice: No       │                                                    
│       Remarks:                                          Entered By:          │                                                    
└──────────────────────────────────────────────────────────────────────────────┘                                                    
                                                                                                                                    
                                                                                                                                    
F1=Go 2=Hlp 3=Ins 4=End 6=Mnu 7=Rcl 8=Clr 9=Prev 10=Next 11=Buf                                                                     
[2026-09-30 02:10:10] [INFO] キーコード送信: '\x1bOS'
[2026-09-30 02:10:11] [INFO] キーコード送信: '\x1bOS'
[2026-09-30 02:13:30] [INFO] キーコード送信: '\x1bOS'
[2026-09-30 02:15:09] [INFO] ======================================================================
[2026-09-30 02:15:09] [INFO] QAD Modern Terminal 起動 - 2026-09-30 02:15:09
[2026-09-30 02:15:09] [INFO] Python: 3.12.10 (tags/v3.12.10:0cc8128, Apr  8 2025, 12:21:36) [MSC v.1943 64 bit (AMD64)] | 実行パス: C:\Users\0138018\AppData\Local\Programs\Python\Python312\pythonw.exe
[2026-09-30 02:15:09] [INFO] PROJECT_ROOT: C:\Users\0138018\.antigravity\mfgpro_controller
[2026-09-30 02:15:09] [INFO] ======================================================================
[2026-09-30 02:15:15] [INFO] SSH接続確立 (connected) [Tab 1]
[2026-09-30 02:15:15] [INFO] 自動ログイン: Tab 1 のMain Menu自動遷移シーケンスを開始
[2026-09-30 02:15:19] [INFO] 自動ログイン: Tab 1 Main Menu 着弾検知
[2026-09-30 02:47:38] [INFO] ======================================================================
[2026-09-30 02:47:38] [INFO] QAD Modern Terminal 起動 - 2026-09-30 02:47:38
[2026-09-30 02:47:38] [INFO] Python: 3.12.10 (tags/v3.12.10:0cc8128, Apr  8 2025, 12:21:36) [MSC v.1943 64 bit (AMD64)] | 実行パス: C:\Users\0138018\AppData\Local\Programs\Python\Python312\pythonw.exe
[2026-09-30 02:47:38] [INFO] PROJECT_ROOT: C:\Users\0138018\.antigravity\mfgpro_controller
[2026-09-30 02:47:38] [INFO] ======================================================================
[2026-09-30 02:47:45] [INFO] SSH接続確立 (connected) [Tab 1]
[2026-09-30 02:47:45] [INFO] 自動ログイン: Tab 1 のMain Menu自動遷移シーケンスを開始
[2026-09-30 02:47:49] [INFO] 自動ログイン: Tab 1 Main Menu 着弾検知
[2026-09-30 02:47:55] [INFO] === QAD 99.7.1.1 受注入力自動化を開始します ===
[2026-09-30 02:47:55] [INFO] メインメニューまたはヘッダー画面から全工程 (Step 1〜6.3.0) を実行します。
[2026-09-30 02:47:55] [INFO] === QAD 99.7.1.1 受注入力自動化 全工程実行開始 ===
[2026-09-30 02:47:55] [INFO] Step 1: '99.7.1.1\r' 送信
[2026-09-30 02:47:55] [INFO] Step 1: Order番号自動採番 (空欄で F1 送信)
[2026-09-30 02:47:56] [INFO] Order ID を記録: SO199530
[2026-09-30 02:47:56] [INFO] Step 2: Sold-To '20000600' 送信
[2026-09-30 02:47:56] [INFO] Step 2: Sold-To 確定のため F1 送信
[2026-09-30 02:47:56] [INFO] Step 2: Bill-To '20000600' 送信
[2026-09-30 02:47:56] [INFO] Step 2: Ship-To '20000601' 送信
[2026-09-30 02:47:57] [INFO] Step 2: Order Dateからの一括貼り付けバッファ送信 (8 項目: Order Date〜Remarks)
[2026-09-30 02:47:57] [INFO] Step 2: F1 送信 (ヘッダー確定)
[2026-09-30 02:47:58] [INFO] 画面待機中 (Step 3: Tax ポップアップ または Salesperson画面): アクティブな警告/Space要求プロンプトを検知。Spaceキーを送信します。
[2026-09-30 02:47:58] [INFO] Step 3: F1 送信 (Tax スキップ)
[2026-09-30 02:47:58] [INFO] Step 4: F1 送信 (Salesperson スキップ)
[2026-09-30 02:47:59] [INFO] Step 5: F1 送信 (コメント本文エディタへ移動)
[2026-09-30 02:47:59] [INFO] Step 5: 案C実行 - 既定コメントの全クリア (F8: Clear送信)
[2026-09-30 02:47:59] [INFO] Step 5: 新規特記事項本文入力 (全 1 行)
[2026-09-30 02:47:59] [INFO] Step 5: F1 送信 (コメント本文確定)
[2026-09-30 02:47:59] [INFO] Step 5: F4 送信 (明細画面へ進む)
[2026-09-30 02:48:00] [INFO] Step 5: コメント画面残留検知 -> 再度 F4 送信
[2026-09-30 02:48:00] [INFO] Step 5: コメント画面残留検知 -> 再度 F4 送信
[2026-09-30 02:48:00] [INFO] === Step 6 受注明細行入力開始 (全 2 品番) ===
[2026-09-30 02:48:00] [INFO] --- [Line 1] 品番: BW0100D / 単価: 200 / 長さグループ: 1件 ---
[2026-09-30 02:48:00] [INFO] 6.1.0: Enter 送信 (Line 1 自動採番)
[2026-09-30 02:48:00] [INFO] 6.1.3: 品番 'BW0100D' + F1 送信
[2026-09-30 02:48:13] [ERROR] 受注入力自動化タイムアウト: 画面遷移待機タイムアウト (12.0秒): 6.1.3 Site ポップアップ (品番 'BW0100D' 確定後)
現在の画面表示:
xxsosomt.p b+            99.7.1.1 Sales Order Maintenance             09/30/26                                                      
┌──────────────────────────────────────────────────────────────────────────────┐                                                    
│ Sales Order: SO199530 Sold-To: 20000600 Ln Format S/M: Single                │                                                    
└──────────────────────────────────────────────────────────────────────────────┘                                                    
┌────────┌───────────────────────────────┐r Line ──────────────────────────────┐                                                    
│ Ln Item│Create WO: Y Rework: Y Exact: Y│ List Price Discount           Price │                                                    
│─── ────└───────────────────────────────┘─────────── ──────── ─────────────── │                                                    
│100                            0.0              0.00      0.0            0.00 │                                                    
└──────────────────────────────────────────────────────────────────────────────┘                                                    
┌──────────────────────────────────────────────────────────────────────────────┐                                                    
│Desc:                          Sales Acct:                                    │                                                    
│ Loc:           Site:           Disc Acct:                                    │                                                    
│       Cost:                    Confirmed: No    Credit Terms Int:            │                                                    
│ Lot/Serial:                     Required:              Ship Type:            │                                                    
│ Qty Allocated:                  Promised:          UM Conversion:            │                                                    
│    Qty Picked:                  Due Date:           Consume Fcst: No         │                                                    
│   Qty Shipped:              Perform Date:           Detail Alloc: No         │                                                    
│Qty to Invoice:              Pricing Date:                Taxable: No         │                                                    
│ Salesperson 1:                  Multiple: No        Freight List:            │                                                    
│  Commission 1:          Category:           Fixed Price: No   Comments: No   │                                                    
└──────────────────────────────────────────────────────────────────────────────┘                                                    
Category=Strat Hipo                                                                                                                 
                                                                                                                                    
F1=Go 2=Hlp 3=Ins 4=End 6=Mnu 7=Rcl 8=Clr 9=Prev 10=Next 11=Buf          Insert                                                     
[2026-09-30 02:49:19] [INFO] キーコード送信: '\x1bOS'
[2026-09-30 02:49:21] [INFO] キーコード送信: '\x1bOS'
[2026-09-30 02:49:22] [INFO] キーコード送信: '\x1bOS'
[2026-09-30 02:49:23] [INFO] キーコード送信: '\x1bOS'
[2026-09-30 02:49:24] [INFO] キーコード送信: '\x1bOS'
[2026-09-30 02:49:25] [INFO] キーコード送信: '\x1bOS'
[2026-09-30 02:49:26] [INFO] レポート条件入力画面で F1 キーが押下されました。クエリ待機ステータスを開始します。
[2026-09-30 02:49:26] [INFO] キーコード送信: '\x1bOP'
[2026-09-30 02:49:27] [INFO] レポート条件入力画面で F1 キーが押下されました。クエリ待機ステータスを開始します。
[2026-09-30 02:49:27] [INFO] キーコード送信: '\x1bOP'
[2026-09-30 02:49:43] [INFO] F4押下によりクエリ待機を解除しました
[2026-09-30 02:49:43] [INFO] キーコード送信: '\x1bOS'
[2026-09-30 02:55:17] [INFO] ======================================================================
[2026-09-30 02:55:17] [INFO] QAD Modern Terminal 起動 - 2026-09-30 02:55:17
[2026-09-30 02:55:17] [INFO] Python: 3.12.10 (tags/v3.12.10:0cc8128, Apr  8 2025, 12:21:36) [MSC v.1943 64 bit (AMD64)] | 実行パス: C:\Users\0138018\AppData\Local\Programs\Python\Python312\pythonw.exe
[2026-09-30 02:55:17] [INFO] PROJECT_ROOT: C:\Users\0138018\.antigravity\mfgpro_controller
[2026-09-30 02:55:17] [INFO] ======================================================================
[2026-09-30 02:55:22] [INFO] SSH接続確立 (connected) [Tab 1]
[2026-09-30 02:55:22] [INFO] 自動ログイン: Tab 1 のMain Menu自動遷移シーケンスを開始
[2026-09-30 02:55:26] [INFO] 自動ログイン: Tab 1 Main Menu 着弾検知
[2026-09-30 02:55:35] [INFO] === QAD 99.7.1.1 受注入力自動化を開始します ===
[2026-09-30 02:55:35] [INFO] メインメニューまたはヘッダー画面から全工程 (Step 1〜6.3.0) を実行します。
[2026-09-30 02:55:35] [INFO] === QAD 99.7.1.1 受注入力自動化 全工程実行開始 ===
[2026-09-30 02:55:35] [INFO] Step 1: '99.7.1.1\r' 送信
[2026-09-30 02:55:36] [INFO] Step 1: Order番号自動採番 (空欄で F1 送信)
[2026-09-30 02:55:36] [INFO] Order ID を記録: SO199531
[2026-09-30 02:55:36] [INFO] Step 2: Sold-To '20000600' 送信
[2026-09-30 02:55:36] [INFO] Step 2: Sold-To 確定のため F1 送信
[2026-09-30 02:55:36] [INFO] Step 2: Bill-To '20000600' 送信
[2026-09-30 02:55:37] [INFO] Step 2: Ship-To '20000601' 送信
[2026-09-30 02:55:37] [INFO] Step 2: Order Dateからの一括貼り付けバッファ送信 (8 項目: Order Date〜Remarks)
[2026-09-30 02:55:38] [INFO] Step 2: F1 送信 (ヘッダー確定)
[2026-09-30 02:55:38] [INFO] 画面待機中 (Step 3: Tax ポップアップ または Salesperson画面): アクティブな警告/Space要求プロンプトを検知。Spaceキーを送信します。
[2026-09-30 02:55:39] [INFO] Step 3: F1 送信 (Tax スキップ)
[2026-09-30 02:55:39] [INFO] Step 4: F1 送信 (Salesperson スキップ)
[2026-09-30 02:55:39] [INFO] Step 5: F1 送信 (コメント本文エディタへ移動)
[2026-09-30 02:55:40] [INFO] Step 5: 案C実行 - 既定コメントの全クリア (F8: Clear送信)
[2026-09-30 02:55:40] [INFO] Step 5: 新規特記事項本文入力 (全 1 行)
[2026-09-30 02:55:40] [INFO] Step 5: F1 送信 (コメント本文確定)
[2026-09-30 02:55:40] [INFO] Step 5: F4 送信 (明細画面へ進む)
[2026-09-30 02:55:40] [INFO] Step 5: コメント画面残留検知 -> 再度 F4 送信
[2026-09-30 02:55:40] [INFO] Step 5: コメント画面残留検知 -> 再度 F4 送信
[2026-09-30 02:55:41] [INFO] === Step 6 受注明細行入力開始 (全 2 品番) ===
[2026-09-30 02:55:41] [INFO] --- [Line 1] 品番: BW0100D / 単価: 200 / 長さグループ: 1件 ---
[2026-09-30 02:55:41] [INFO] 6.1.0: Enter 送信 (Line 1 自動採番)
[2026-09-30 02:55:41] [INFO] 6.1.3: 品番 'BW0100D' + F1 送信
[2026-09-30 02:55:46] [INFO] キーコード送信: '\x1bOS'
[2026-09-30 02:55:49] [WARNING] 受注入力自動化が中断されました。
[2026-09-30 02:55:59] [INFO] ======================================================================
[2026-09-30 02:55:59] [INFO] QAD Modern Terminal 起動 - 2026-09-30 02:55:59
[2026-09-30 02:55:59] [INFO] Python: 3.12.10 (tags/v3.12.10:0cc8128, Apr  8 2025, 12:21:36) [MSC v.1943 64 bit (AMD64)] | 実行パス: C:\Users\0138018\AppData\Local\Programs\Python\Python312\pythonw.exe
[2026-09-30 02:55:59] [INFO] PROJECT_ROOT: C:\Users\0138018\.antigravity\mfgpro_controller
[2026-09-30 02:55:59] [INFO] ======================================================================
[2026-09-30 02:56:04] [INFO] SSH接続確立 (connected) [Tab 1]
[2026-09-30 02:56:04] [INFO] 自動ログイン: Tab 1 のMain Menu自動遷移シーケンスを開始
[2026-09-30 02:56:08] [INFO] 自動ログイン: Tab 1 Main Menu 着弾検知
[2026-09-30 02:56:20] [INFO] === QAD 99.7.1.1 受注入力自動化を開始します ===
[2026-09-30 02:56:20] [INFO] メインメニューまたはヘッダー画面から全工程 (Step 1〜6.3.0) を実行します。
[2026-09-30 02:56:20] [INFO] === QAD 99.7.1.1 受注入力自動化 全工程実行開始 ===
[2026-09-30 02:56:20] [INFO] Step 1: '99.7.1.1\r' 送信
[2026-09-30 02:56:20] [INFO] Step 1: Order番号自動採番 (空欄で F1 送信)
[2026-09-30 02:56:20] [INFO] Order ID を記録: SO199532
[2026-09-30 02:56:20] [INFO] Step 2: Sold-To '20000600' 送信
[2026-09-30 02:56:21] [INFO] Step 2: Sold-To 確定のため F1 送信
[2026-09-30 02:56:21] [INFO] Step 2: Bill-To '20000600' 送信
[2026-09-30 02:56:21] [INFO] Step 2: Ship-To '20000601' 送信
[2026-09-30 02:56:22] [INFO] Step 2: Order Dateからの一括貼り付けバッファ送信 (8 項目: Order Date〜Remarks)
[2026-09-30 02:56:22] [INFO] Step 2: F1 送信 (ヘッダー確定)
[2026-09-30 02:56:23] [INFO] 画面待機中 (Step 3: Tax ポップアップ または Salesperson画面): アクティブな警告/Space要求プロンプトを検知。Spaceキーを送信します。
[2026-09-30 02:56:23] [INFO] Step 3: F1 送信 (Tax スキップ)
[2026-09-30 02:56:23] [INFO] Step 4: F1 送信 (Salesperson スキップ)
[2026-09-30 02:56:24] [INFO] Step 5: F1 送信 (コメント本文エディタへ移動)
[2026-09-30 02:56:24] [INFO] Step 5: 案C実行 - 既定コメントの全クリア (F8: Clear送信)
[2026-09-30 02:56:24] [INFO] Step 5: 新規特記事項本文入力 (全 1 行)
[2026-09-30 02:56:24] [INFO] Step 5: F1 送信 (コメント本文確定)
[2026-09-30 02:56:24] [INFO] Step 5: F4 送信 (明細画面へ進む)
[2026-09-30 02:56:24] [INFO] Step 5: コメント画面残留検知 -> 再度 F4 送信
[2026-09-30 02:56:25] [INFO] Step 5: コメント画面残留検知 -> 再度 F4 送信
[2026-09-30 02:56:25] [INFO] === Step 6 受注明細行入力開始 (全 2 品番) ===
[2026-09-30 02:56:25] [INFO] --- [Line 1] 品番: BW0100D / 単価: 200 / 長さグループ: 1件 ---
[2026-09-30 02:56:25] [INFO] 6.1.0: Enter 送信 (Line 1 自動採番)
[2026-09-30 02:56:25] [INFO] 6.1.3: 品番 'BW0100D' + F1 送信
[2026-09-30 02:56:38] [ERROR] 受注入力自動化タイムアウト: 画面遷移待機タイムアウト (12.0秒): 6.1.3 Site ポップアップ (品番 'BW0100D' 確定後)
現在の画面表示:
xxsosomt.p b+            99.7.1.1 Sales Order Maintenance             09/30/26                                                      
┌──────────────────────────────────────────────────────────────────────────────┐                                                    
│ Sales Order: SO199532 Sold-To: 20000600 Ln Format S/M: Single                │                                                    
└──────────────────────────────────────────────────────────────────────────────┘                                                    
┌────────┌───────────────────────────────┐r Line ──────────────────────────────┐                                                    
│ Ln Item│Create WO: Y Rework: Y Exact: Y│ List Price Discount           Price │                                                    
│─── ────└───────────────────────────────┘─────────── ──────── ─────────────── │                                                    
│100                            0.0              0.00      0.0            0.00 │                                                    
└──────────────────────────────────────────────────────────────────────────────┘                                                    
┌──────────────────────────────────────────────────────────────────────────────┐                                                    
│Desc:                          Sales Acct:                                    │                                                    
│ Loc:           Site:           Disc Acct:                                    │                                                    
│       Cost:                    Confirmed: No    Credit Terms Int:            │                                                    
│ Lot/Serial:                     Required:              Ship Type:            │                                                    
│ Qty Allocated:                  Promised:          UM Conversion:            │                                                    
│    Qty Picked:                  Due Date:           Consume Fcst: No         │                                                    
│   Qty Shipped:              Perform Date:           Detail Alloc: No         │                                                    
│Qty to Invoice:              Pricing Date:                Taxable: No         │                                                    
│ Salesperson 1:                  Multiple: No        Freight List:            │                                                    
│  Commission 1:          Category:           Fixed Price: No   Comments: No   │                                                    
└──────────────────────────────────────────────────────────────────────────────┘                                                    
Category=Strat Hipo                                                                                                                 
                                                                                                                                    
F1=Go 2=Hlp 3=Ins 4=End 6=Mnu 7=Rcl 8=Clr 9=Prev 10=Next 11=Buf          Insert                                                     
[2026-09-30 03:01:33] [INFO] ======================================================================
[2026-09-30 03:01:33] [INFO] QAD Modern Terminal 起動 - 2026-09-30 03:01:33
[2026-09-30 03:01:33] [INFO] Python: 3.12.10 (tags/v3.12.10:0cc8128, Apr  8 2025, 12:21:36) [MSC v.1943 64 bit (AMD64)] | 実行パス: C:\Users\0138018\AppData\Local\Programs\Python\Python312\pythonw.exe
[2026-09-30 03:01:33] [INFO] PROJECT_ROOT: C:\Users\0138018\.antigravity\mfgpro_controller
[2026-09-30 03:01:33] [INFO] ======================================================================
[2026-09-30 03:01:39] [INFO] SSH接続確立 (connected) [Tab 1]
[2026-09-30 03:01:39] [INFO] 自動ログイン: Tab 1 のMain Menu自動遷移シーケンスを開始
[2026-09-30 03:01:43] [INFO] 自動ログイン: Tab 1 Main Menu 着弾検知
[2026-09-30 03:01:54] [INFO] === QAD 99.7.1.1 受注入力自動化を開始します ===
[2026-09-30 03:01:54] [INFO] メインメニューまたはヘッダー画面から全工程 (Step 1〜6.3.0) を実行します。
[2026-09-30 03:01:54] [INFO] === QAD 99.7.1.1 受注入力自動化 全工程実行開始 ===
[2026-09-30 03:01:54] [INFO] Step 1: '99.7.1.1\r' 送信
[2026-09-30 03:01:54] [INFO] Step 1: Order番号自動採番 (空欄で F1 送信)
[2026-09-30 03:01:54] [INFO] Order ID を記録: SO199533
[2026-09-30 03:01:54] [INFO] Step 2: Sold-To '20000600' 送信
[2026-09-30 03:01:55] [INFO] Step 2: Sold-To 確定のため F1 送信
[2026-09-30 03:01:55] [INFO] Step 2: Bill-To '20000600' 送信
[2026-09-30 03:01:55] [INFO] Step 2: Ship-To '20000601' 送信
[2026-09-30 03:01:56] [INFO] Step 2: Order Dateからの一括貼り付けバッファ送信 (8 項目: Order Date〜Remarks)
[2026-09-30 03:01:56] [INFO] Step 2: F1 送信 (ヘッダー確定)
[2026-09-30 03:01:57] [INFO] 画面待機中 (Step 3: Tax ポップアップ または Salesperson画面): アクティブな警告/Space要求プロンプトを検知。Spaceキーを送信します。
[2026-09-30 03:01:57] [INFO] Step 3: F1 送信 (Tax スキップ)
[2026-09-30 03:01:57] [INFO] Step 4: F1 送信 (Salesperson スキップ)
[2026-09-30 03:01:58] [INFO] Step 5: F1 送信 (コメント本文エディタへ移動)
[2026-09-30 03:01:58] [INFO] Step 5: 案C実行 - 既定コメントの全クリア (F8: Clear送信)
[2026-09-30 03:01:59] [INFO] Step 5: 新規特記事項本文入力 (全 1 行)
[2026-09-30 03:01:59] [INFO] Step 5: F1 送信 (コメント本文確定)
[2026-09-30 03:01:59] [INFO] Step 5: F4 送信 (明細画面へ進む)
[2026-09-30 03:01:59] [INFO] Step 5: コメント画面残留検知 -> 再度 F4 送信
[2026-09-30 03:01:59] [INFO] Step 5: コメント画面残留検知 -> 再度 F4 送信
[2026-09-30 03:01:59] [INFO] === Step 6 受注明細行入力開始 (全 2 品番) ===
[2026-09-30 03:01:59] [INFO] --- [Line 1] 品番: BW0100D / 単価: 200 / 長さグループ: 1件 ---
[2026-09-30 03:01:59] [INFO] 6.1.0: Enter 送信 (Line 1 自動採番)
[2026-09-30 03:02:12] [ERROR] 受注入力自動化タイムアウト: 画面遷移待機タイムアウト (12.0秒): 6.1.1 Create WO ポップアップ または Item Number 欄 (Line 1)
現在の画面表示:
xxsosomt.p b+            99.7.1.1 Sales Order Maintenance             09/30/26                                                      
┌──────────────────────────────────────────────────────────────────────────────┐                                                    
│ Sales Order: SO199533 Sold-To: 20000600 Ln Format S/M: Single                │                                                    
└──────────────────────────────────────────────────────────────────────────────┘                                                    
┌────────────────────────────── Sales Order Line ──────────────────────────────┐                                                    
│ Ln Item Number        Qty Ordered UM     List Price Discount           Price │                                                    
│─── ────────────────── ─────────── ── ────────────── ──────── ─────────────── │                                                    
│  1                            0.0              0.00      0.0            0.00 │                                                    
└──────────────────────────────────────────────────────────────────────────────┘                                                    
┌──────────────────────────────────────────────────────────────────────────────┐                                                    
│Desc:                          Sales Acct:                                    │                                                    
│ Loc:           Site:           Disc Acct:                                    │                                                    
│       Cost:                    Confirmed: No    Credit Terms Int:            │                                                    
│ Lot/Serial:                     Required:              Ship Type:            │                                                    
│ Qty Allocated:                  Promised:          UM Conversion:            │                                                    
│    Qty Picked:                  Due Date:           Consume Fcst: No         │                                                    
│   Qty Shipped:              Perform Date:           Detail Alloc: No         │                                                    
│Qty to Invoice:              Pricing Date:                Taxable: No         │                                                    
│ Salesperson 1:                  Multiple: No        Freight List:            │                                                    
│  Commission 1:          Category:           Fixed Price: No   Comments: No   │                                                    
└──────────────────────────────────────────────────────────────────────────────┘                                                    
                                                                                                                                    
                                                                                                                                    
F1=Go 2=Hlp 3=Ins 4=End 6=Mnu 7=Rcl 8=Clr 9=Prev 10=Next 11=Buf                                                                     
[2026-09-30 03:09:38] [INFO] ======================================================================
[2026-09-30 03:09:38] [INFO] QAD Modern Terminal 起動 - 2026-09-30 03:09:38
[2026-09-30 03:09:38] [INFO] Python: 3.12.10 (tags/v3.12.10:0cc8128, Apr  8 2025, 12:21:36) [MSC v.1943 64 bit (AMD64)] | 実行パス: C:\Users\0138018\AppData\Local\Programs\Python\Python312\pythonw.exe
[2026-09-30 03:09:38] [INFO] PROJECT_ROOT: C:\Users\0138018\.antigravity\mfgpro_controller
[2026-09-30 03:09:38] [INFO] ======================================================================
[2026-09-30 03:09:44] [INFO] SSH接続確立 (connected) [Tab 1]
[2026-09-30 03:09:44] [INFO] 自動ログイン: Tab 1 のMain Menu自動遷移シーケンスを開始
[2026-09-30 03:09:48] [INFO] 自動ログイン: Tab 1 Main Menu 着弾検知
[2026-09-30 03:09:51] [INFO] === QAD 99.7.1.1 受注入力自動化を開始します ===
[2026-09-30 03:09:51] [INFO] メインメニューまたはヘッダー画面から全工程 (Step 1〜6.3.0) を実行します。
[2026-09-30 03:09:51] [INFO] === QAD 99.7.1.1 受注入力自動化 全工程実行開始 ===
[2026-09-30 03:09:51] [INFO] Step 1: '99.7.1.1\r' 送信
[2026-09-30 03:09:52] [INFO] Step 1: Order番号自動採番 (空欄で F1 送信)
[2026-09-30 03:09:52] [INFO] Order ID を記録: SO199534
[2026-09-30 03:09:52] [INFO] Step 2: Sold-To '20000600' 送信
[2026-09-30 03:09:52] [INFO] Step 2: Sold-To 確定のため F1 送信
[2026-09-30 03:09:52] [INFO] Step 2: Bill-To '20000600' 送信
[2026-09-30 03:09:53] [INFO] Step 2: Ship-To '20000601' 送信
[2026-09-30 03:09:53] [INFO] Step 2: Order Dateからの一括貼り付けバッファ送信 (8 項目: Order Date〜Remarks)
[2026-09-30 03:09:54] [INFO] Step 2: F1 送信 (ヘッダー確定)
[2026-09-30 03:09:54] [INFO] 画面待機中 (Step 3: Tax ポップアップ または Salesperson画面): アクティブな警告/Space要求プロンプトを検知。Spaceキーを送信します。
[2026-09-30 03:09:55] [INFO] Step 3: F1 送信 (Tax スキップ)
[2026-09-30 03:09:55] [INFO] Step 4: F1 送信 (Salesperson スキップ)
[2026-09-30 03:09:56] [INFO] Step 5: F1 送信 (コメント本文エディタへ移動)
[2026-09-30 03:09:56] [INFO] Step 5: 案C実行 - 既定コメントの全クリア (F8: Clear送信)
[2026-09-30 03:09:56] [INFO] Step 5: 新規特記事項本文入力 (全 1 行)
[2026-09-30 03:09:56] [INFO] Step 5: F1 送信 (コメント本文確定)
[2026-09-30 03:09:56] [INFO] Step 5: F4 送信 (明細画面へ進む)
[2026-09-30 03:09:56] [INFO] Step 5: コメント画面残留検知 -> 再度 F4 送信
[2026-09-30 03:09:57] [INFO] Step 5: コメント画面残留検知 -> 再度 F4 送信
[2026-09-30 03:09:57] [INFO] === Step 6 受注明細行入力開始 (全 2 品番) ===
[2026-09-30 03:09:57] [INFO] --- [Line 1] 品番: BW0100D / 単価: 200 / 長さグループ: 1件 ---
[2026-09-30 03:09:57] [INFO] 6.1.0: Enter 送信 (Line 1 自動採番)
[2026-09-30 03:10:09] [ERROR] 受注入力自動化タイムアウト: 画面遷移待機タイムアウト (12.0秒): 6.1.1 Create WO ポップアップ または Item Number 欄 (Line 1)
現在の画面表示:
xxsosomt.p b+            99.7.1.1 Sales Order Maintenance             09/30/26                                                      
┌──────────────────────────────────────────────────────────────────────────────┐                                                    
│ Sales Order: SO199534 Sold-To: 20000600 Ln Format S/M: Single                │                                                    
└──────────────────────────────────────────────────────────────────────────────┘                                                    
┌────────────────────────────── Sales Order Line ──────────────────────────────┐                                                    
│ Ln Item Number        Qty Ordered UM     List Price Discount           Price │                                                    
│─── ────────────────── ─────────── ── ────────────── ──────── ─────────────── │                                                    
│  1                            0.0              0.00      0.0            0.00 │                                                    
└──────────────────────────────────────────────────────────────────────────────┘                                                    
┌──────────────────────────────────────────────────────────────────────────────┐                                                    
│Desc:                          Sales Acct:                                    │                                                    
│ Loc:           Site:           Disc Acct:                                    │                                                    
│       Cost:                    Confirmed: No    Credit Terms Int:            │                                                    
│ Lot/Serial:                     Required:              Ship Type:            │                                                    
│ Qty Allocated:                  Promised:          UM Conversion:            │                                                    
│    Qty Picked:                  Due Date:           Consume Fcst: No         │                                                    
│   Qty Shipped:              Perform Date:           Detail Alloc: No         │                                                    
│Qty to Invoice:              Pricing Date:                Taxable: No         │                                                    
│ Salesperson 1:                  Multiple: No        Freight List:            │                                                    
│  Commission 1:          Category:           Fixed Price: No   Comments: No   │                                                    
└──────────────────────────────────────────────────────────────────────────────┘                                                    
                                                                                                                                    
                                                                                                                                    
F1=Go 2=Hlp 3=Ins 4=End 6=Mnu 7=Rcl 8=Clr 9=Prev 10=Next 11=Buf                                                                     
[2026-09-30 03:10:26] [INFO] キーコード送信: '\x1bOS'
[2026-09-30 03:10:27] [INFO] キーコード送信: '\x1bOS'
[2026-09-30 03:10:28] [INFO] キーコード送信: '\x1bOS'
[2026-09-30 03:10:44] [INFO] ======================================================================
[2026-09-30 03:10:44] [INFO] QAD Modern Terminal 起動 - 2026-09-30 03:10:44
[2026-09-30 03:10:44] [INFO] Python: 3.12.10 (tags/v3.12.10:0cc8128, Apr  8 2025, 12:21:36) [MSC v.1943 64 bit (AMD64)] | 実行パス: C:\Users\0138018\AppData\Local\Programs\Python\Python312\pythonw.exe
[2026-09-30 03:10:44] [INFO] PROJECT_ROOT: C:\Users\0138018\.antigravity\mfgpro_controller
[2026-09-30 03:10:44] [INFO] ======================================================================
[2026-09-30 03:10:50] [INFO] SSH接続確立 (connected) [Tab 1]
[2026-09-30 03:10:50] [INFO] 自動ログイン: Tab 1 のMain Menu自動遷移シーケンスを開始
[2026-09-30 03:10:54] [INFO] 自動ログイン: Tab 1 Main Menu 着弾検知
[2026-09-30 03:11:04] [INFO] ======================================================================
[2026-09-30 03:11:04] [INFO] QAD Modern Terminal 起動 - 2026-09-30 03:11:04
[2026-09-30 03:11:04] [INFO] Python: 3.12.10 (tags/v3.12.10:0cc8128, Apr  8 2025, 12:21:36) [MSC v.1943 64 bit (AMD64)] | 実行パス: C:\Users\0138018\AppData\Local\Programs\Python\Python312\pythonw.exe
[2026-09-30 03:11:04] [INFO] PROJECT_ROOT: C:\Users\0138018\.antigravity\mfgpro_controller
[2026-09-30 03:11:04] [INFO] ======================================================================
[2026-09-30 14:54:30] [INFO] ======================================================================
[2026-09-30 14:54:30] [INFO] QAD Modern Terminal 起動 - 2026-09-30 14:54:30
[2026-09-30 14:54:30] [INFO] Python: 3.12.10 (tags/v3.12.10:0cc8128, Apr  8 2025, 12:21:36) [MSC v.1943 64 bit (AMD64)] | 実行パス: C:\Users\0138018\AppData\Local\Programs\Python\Python312\pythonw.exe
[2026-09-30 14:54:30] [INFO] PROJECT_ROOT: C:\Users\0138018\.antigravity\mfgpro_controller
[2026-09-30 14:54:30] [INFO] ======================================================================
[2026-09-30 14:54:36] [INFO] SSH接続確立 (connected) [Tab 1]
[2026-09-30 14:54:36] [INFO] 自動ログイン: Tab 1 のMain Menu自動遷移シーケンスを開始
[2026-09-30 14:54:38] [INFO] 在庫レポートGAS送信開始: ユーザー=takehik, ホスト=mfg03
[2026-09-30 14:54:39] [INFO] 自動ログイン: Tab 1 Main Menu 着弾検知
[2026-09-30 14:54:49] [INFO] === QAD 99.7.1.1 受注入力自動化を開始します ===
[2026-09-30 14:54:49] [INFO] メインメニューまたはヘッダー画面から全工程 (Step 1〜6.3.0) を実行します。
[2026-09-30 14:54:49] [INFO] === QAD 99.7.1.1 受注入力自動化 全工程実行開始 ===
[2026-09-30 14:54:49] [INFO] Step 1: '99.7.1.1\r' 送信
[2026-09-30 14:54:49] [INFO] Step 1: Order番号自動採番 (空欄で F1 送信)
[2026-09-30 14:54:50] [INFO] Order ID を記録: SO199597
[2026-09-30 14:54:50] [INFO] Step 2: Sold-To '20000600' 送信
[2026-09-30 14:54:50] [INFO] Step 2: Sold-To 確定のため F1 送信
[2026-09-30 14:54:50] [INFO] Step 2: Bill-To '20000600' 送信
[2026-09-30 14:54:50] [INFO] Step 2: Ship-To '20000601' 送信
[2026-09-30 14:54:51] [INFO] Step 2: Order Dateからの一括貼り付けバッファ送信 (8 項目: Order Date〜Remarks)
[2026-09-30 14:54:51] [INFO] Step 2: F1 送信 (ヘッダー確定)
[2026-09-30 14:54:52] [INFO] 画面待機中 (Step 3: Tax ポップアップ または Salesperson画面): アクティブな警告/Space要求プロンプトを検知。Spaceキーを送信します。
[2026-09-30 14:54:52] [INFO] Step 3: F1 送信 (Tax スキップ)
[2026-09-30 14:54:53] [INFO] Step 4: F1 送信 (Salesperson スキップ)
[2026-09-30 14:54:53] [INFO] Step 5: F1 送信 (コメント本文エディタへ移動)
[2026-09-30 14:54:53] [INFO] Step 5: 案C実行 - 既定コメントの全クリア (F8: Clear送信)
[2026-09-30 14:54:53] [INFO] Step 5: 新規特記事項本文入力 (全 1 行)
[2026-09-30 14:54:54] [INFO] Step 5: F1 送信 (コメント本文確定)
[2026-09-30 14:54:54] [INFO] Step 5: F4 送信 (明細画面へ進む)
[2026-09-30 14:54:54] [INFO] Step 5: コメント画面残留検知 -> 再度 F4 送信
[2026-09-30 14:54:54] [INFO] Step 5: コメント画面残留検知 -> 再度 F4 送信
[2026-09-30 14:54:54] [INFO] === Step 6 受注明細行入力開始 (全 2 品番) ===
[2026-09-30 14:54:54] [INFO] --- [Line 1] 品番: BW0100D / 単価: 200 / 長さグループ: 1件 ---
[2026-09-30 14:54:54] [INFO] 6.1.0: Enter 送信 (Line 1 自動採番)
[2026-09-30 14:54:59] [INFO] 在庫レポートGAS送信完了: 8,689件
[2026-09-30 14:55:07] [ERROR] 受注入力自動化タイムアウト: 画面遷移待機タイムアウト (12.0秒): 6.1.1 Create WO ポップアップ または Item Number 欄 (Line 1)
現在の画面表示:
xxsosomt.p b+            99.7.1.1 Sales Order Maintenance             09/30/26                                                      
┌──────────────────────────────────────────────────────────────────────────────┐                                                    
│ Sales Order: SO199597 Sold-To: 20000600 Ln Format S/M: Single                │                                                    
└──────────────────────────────────────────────────────────────────────────────┘                                                    
┌────────────────────────────── Sales Order Line ──────────────────────────────┐                                                    
│ Ln Item Number        Qty Ordered UM     List Price Discount           Price │                                                    
│─── ────────────────── ─────────── ── ────────────── ──────── ─────────────── │                                                    
│  1                            0.0              0.00      0.0            0.00 │                                                    
└──────────────────────────────────────────────────────────────────────────────┘                                                    
┌──────────────────────────────────────────────────────────────────────────────┐                                                    
│Desc:                          Sales Acct:                                    │                                                    
│ Loc:           Site:           Disc Acct:                                    │                                                    
│       Cost:                    Confirmed: No    Credit Terms Int:            │                                                    
│ Lot/Serial:                     Required:              Ship Type:            │                                                    
│ Qty Allocated:                  Promised:          UM Conversion:            │                                                    
│    Qty Picked:                  Due Date:           Consume Fcst: No         │                                                    
│   Qty Shipped:              Perform Date:           Detail Alloc: No         │                                                    
│Qty to Invoice:              Pricing Date:                Taxable: No         │                                                    
│ Salesperson 1:                  Multiple: No        Freight List:            │                                                    
│  Commission 1:          Category:           Fixed Price: No   Comments: No   │                                                    
└──────────────────────────────────────────────────────────────────────────────┘                                                    
                                                                                                                                    
                                                                                                                                    
F1=Go 2=Hlp 3=Ins 4=End 6=Mnu 7=Rcl 8=Clr 9=Prev 10=Next 11=Buf                                                                     
[2026-09-30 14:57:44] [INFO] ======================================================================
[2026-09-30 14:57:44] [INFO] QAD Modern Terminal 起動 - 2026-09-30 14:57:44
[2026-09-30 14:57:44] [INFO] Python: 3.12.10 (tags/v3.12.10:0cc8128, Apr  8 2025, 12:21:36) [MSC v.1943 64 bit (AMD64)] | 実行パス: C:\Users\0138018\AppData\Local\Programs\Python\Python312\pythonw.exe
[2026-09-30 14:57:44] [INFO] PROJECT_ROOT: C:\Users\0138018\.antigravity\mfgpro_controller
[2026-09-30 14:57:44] [INFO] ======================================================================
[2026-09-30 14:57:49] [INFO] SSH接続確立 (connected) [Tab 1]
[2026-09-30 14:57:49] [INFO] 自動ログイン: Tab 1 のMain Menu自動遷移シーケンスを開始
[2026-09-30 14:57:53] [INFO] 自動ログイン: Tab 1 Main Menu 着弾検知
[2026-09-30 14:58:02] [INFO] === QAD 99.7.1.1 受注入力自動化を開始します ===
[2026-09-30 14:58:02] [INFO] メインメニューまたはヘッダー画面から全工程 (Step 1〜6.3.0) を実行します。
[2026-09-30 14:58:02] [INFO] === QAD 99.7.1.1 受注入力自動化 全工程実行開始 ===
[2026-09-30 14:58:02] [INFO] Step 1: '99.7.1.1\r' 送信
[2026-09-30 14:58:03] [INFO] Step 1: Order番号自動採番 (空欄で F1 送信)
[2026-09-30 14:58:03] [INFO] Order ID を記録: SO199598
[2026-09-30 14:58:03] [INFO] Step 2: Sold-To '20000600' 送信
[2026-09-30 14:58:03] [INFO] Step 2: Sold-To 確定のため F1 送信
[2026-09-30 14:58:03] [INFO] Step 2: Bill-To '20000600' 送信
[2026-09-30 14:58:04] [INFO] Step 2: Ship-To '20000601' 送信
[2026-09-30 14:58:04] [INFO] Step 2: Order Dateからの一括貼り付けバッファ送信 (8 項目: Order Date〜Remarks)
[2026-09-30 14:58:05] [INFO] Step 2: F1 送信 (ヘッダー確定)
[2026-09-30 14:58:05] [INFO] 画面待機中 (Step 3: Tax ポップアップ または Salesperson画面): アクティブな警告/Space要求プロンプトを検知。Spaceキーを送信します。
[2026-09-30 14:58:06] [INFO] Step 3: F1 送信 (Tax スキップ)
[2026-09-30 14:58:06] [INFO] Step 4: F1 送信 (Salesperson スキップ)
[2026-09-30 14:58:06] [INFO] Step 5: F1 送信 (コメント本文エディタへ移動)
[2026-09-30 14:58:07] [INFO] Step 5: 案C実行 - 既定コメントの全クリア (F8: Clear送信)
[2026-09-30 14:58:07] [INFO] Step 5: 新規特記事項本文入力 (全 1 行)
[2026-09-30 14:58:07] [INFO] Step 5: F1 送信 (コメント本文確定)
[2026-09-30 14:58:07] [INFO] Step 5: F4 送信 (明細画面へ進む)
[2026-09-30 14:58:07] [INFO] Step 5: コメント画面残留検知 -> 再度 F4 送信
[2026-09-30 14:58:07] [INFO] Step 5: コメント画面残留検知 -> 再度 F4 送信
[2026-09-30 14:58:08] [INFO] === Step 6 受注明細行入力開始 (全 2 品番) ===
[2026-09-30 14:58:08] [INFO] --- [Line 1] 品番: BW0100D / 単価: 200 / 長さグループ: 1件 ---
[2026-09-30 14:58:08] [INFO] 6.1.0: Enter 送信 (Line 1 自動採番)
[2026-09-30 14:58:20] [ERROR] 受注入力自動化タイムアウト: 画面遷移待機タイムアウト (12.0秒): 6.1.1 Create WO ポップアップ または Item Number 欄 (Line 1)
現在の画面表示:
xxsosomt.p b+            99.7.1.1 Sales Order Maintenance             09/30/26                                                      
┌──────────────────────────────────────────────────────────────────────────────┐                                                    
│ Sales Order: SO199598 Sold-To: 20000600 Ln Format S/M: Single                │                                                    
└──────────────────────────────────────────────────────────────────────────────┘                                                    
┌────────────────────────────── Sales Order Line ──────────────────────────────┐                                                    
│ Ln Item Number        Qty Ordered UM     List Price Discount           Price │                                                    
│─── ────────────────── ─────────── ── ────────────── ──────── ─────────────── │                                                    
│  1                            0.0              0.00      0.0            0.00 │                                                    
└──────────────────────────────────────────────────────────────────────────────┘                                                    
┌──────────────────────────────────────────────────────────────────────────────┐                                                    
│Desc:                          Sales Acct:                                    │                                                    
│ Loc:           Site:           Disc Acct:                                    │                                                    
│       Cost:                    Confirmed: No    Credit Terms Int:            │                                                    
│ Lot/Serial:                     Required:              Ship Type:            │                                                    
│ Qty Allocated:                  Promised:          UM Conversion:            │                                                    
│    Qty Picked:                  Due Date:           Consume Fcst: No         │                                                    
│   Qty Shipped:              Perform Date:           Detail Alloc: No         │                                                    
│Qty to Invoice:              Pricing Date:                Taxable: No         │                                                    
│ Salesperson 1:                  Multiple: No        Freight List:            │                                                    
│  Commission 1:          Category:           Fixed Price: No   Comments: No   │                                                    
└──────────────────────────────────────────────────────────────────────────────┘                                                    
                                                                                                                                    
                                                                                                                                    
F1=Go 2=Hlp 3=Ins 4=End 6=Mnu 7=Rcl 8=Clr 9=Prev 10=Next 11=Buf                                                                     
[2026-09-30 15:06:40] [INFO] ======================================================================
[2026-09-30 15:06:40] [INFO] QAD Modern Terminal 起動 - 2026-09-30 15:06:40
[2026-09-30 15:06:40] [INFO] Python: 3.12.10 (tags/v3.12.10:0cc8128, Apr  8 2025, 12:21:36) [MSC v.1943 64 bit (AMD64)] | 実行パス: C:\Users\0138018\AppData\Local\Programs\Python\Python312\pythonw.exe
[2026-09-30 15:06:40] [INFO] PROJECT_ROOT: C:\Users\0138018\.antigravity\mfgpro_controller
[2026-09-30 15:06:40] [INFO] ======================================================================
[2026-09-30 15:06:45] [INFO] SSH接続確立 (connected) [Tab 1]
[2026-09-30 15:06:45] [INFO] 自動ログイン: Tab 1 のMain Menu自動遷移シーケンスを開始
[2026-09-30 15:06:49] [INFO] 自動ログイン: Tab 1 Main Menu 着弾検知
[2026-09-30 15:21:10] [INFO] === QAD 99.7.1.1 受注入力自動化を開始します ===
[2026-09-30 15:21:10] [INFO] メインメニューまたはヘッダー画面から全工程 (Step 1〜6.3.0) を実行します。
[2026-09-30 15:21:10] [INFO] === QAD 99.7.1.1 受注入力自動化 全工程実行開始 ===
[2026-09-30 15:21:10] [INFO] Step 1: '99.7.1.1\r' 送信
[2026-09-30 15:21:10] [INFO] Step 1: Order番号自動採番 (空欄で F1 送信)
[2026-09-30 15:21:11] [INFO] Order ID を記録: SO199604
[2026-09-30 15:21:11] [INFO] Step 2: Sold-To '20000600' 送信
[2026-09-30 15:21:11] [INFO] Step 2: Sold-To 確定のため F1 送信
[2026-09-30 15:21:11] [INFO] Step 2: Bill-To '20000600' 送信
[2026-09-30 15:21:11] [INFO] Step 2: Ship-To '20000601' 送信
[2026-09-30 15:21:12] [INFO] Step 2: Order Dateからの一括貼り付けバッファ送信 (8 項目: Order Date〜Remarks)
[2026-09-30 15:21:12] [INFO] Step 2: F1 送信 (ヘッダー確定)
[2026-09-30 15:21:13] [INFO] 画面待機中 (Step 3: Tax ポップアップ または Salesperson画面): アクティブな警告/Space要求プロンプトを検知。Spaceキーを送信します。
[2026-09-30 15:21:13] [INFO] Step 3: F1 送信 (Tax スキップ)
[2026-09-30 15:21:14] [INFO] Step 4: F1 送信 (Salesperson スキップ)
[2026-09-30 15:21:14] [INFO] Step 5: F1 送信 (コメント本文エディタへ移動)
[2026-09-30 15:21:14] [INFO] Step 5: 案C実行 - 既定コメントの全クリア (F8: Clear送信)
[2026-09-30 15:21:14] [INFO] Step 5: 新規特記事項本文入力 (全 1 行)
[2026-09-30 15:21:15] [INFO] Step 5: F1 送信 (コメント本文確定)
[2026-09-30 15:21:15] [INFO] Step 5: F4 送信 (明細画面へ進む)
[2026-09-30 15:21:15] [INFO] Step 5: コメント画面残留検知 -> 再度 F4 送信
[2026-09-30 15:21:15] [INFO] Step 5: コメント画面残留検知 -> 再度 F4 送信
[2026-09-30 15:21:15] [INFO] === Step 6 受注明細行入力開始 (全 2 品番) ===
[2026-09-30 15:21:15] [INFO] --- [Line 1] 品番: BW0100D / 単価: 200 / 長さグループ: 1件 ---
[2026-09-30 15:21:15] [INFO] 6.1.0: Enter 送信 (Line 1 自動採番)
[2026-09-30 15:21:16] [INFO] 6.1.3: 品番 'BW0100D' + F1 送信
[2026-09-30 15:21:29] [ERROR] 受注入力自動化タイムアウト: 画面遷移待機タイムアウト (12.0秒): 6.1.3 Site ポップアップ (品番 'BW0100D' 確定後)
現在の画面表示:
xxsosomt.p b+            99.7.1.1 Sales Order Maintenance             09/30/26                                                      
┌──────────────────────────────────────────────────────────────────────────────┐                                                    
│ Sales Order: SO199604 Sold-To: 20000600 Ln Format S/M: Single                │                                                    
└──────────────────────────────────────────────────────────────────────────────┘                                                    
┌────────┌───────────────────────────────┐r Line ──────────────────────────────┐                                                    
│ Ln Item│Create WO: Y Rework: Y Exact: Y│ List Price Discount           Price │                                                    
│─── ────└───────────────────────────────┘─────────── ──────── ─────────────── │                                                    
│100                            0.0              0.00      0.0            0.00 │                                                    
└──────────────────────────────────────────────────────────────────────────────┘                                                    
┌──────────────────────────────────────────────────────────────────────────────┐                                                    
│Desc:                          Sales Acct:                                    │                                                    
│ Loc:           Site:           Disc Acct:                                    │                                                    
│       Cost:                    Confirmed: No    Credit Terms Int:            │                                                    
│ Lot/Serial:                     Required:              Ship Type:            │                                                    
│ Qty Allocated:                  Promised:          UM Conversion:            │                                                    
│    Qty Picked:                  Due Date:           Consume Fcst: No         │                                                    
│   Qty Shipped:              Perform Date:           Detail Alloc: No         │                                                    
│Qty to Invoice:              Pricing Date:                Taxable: No         │                                                    
│ Salesperson 1:                  Multiple: No        Freight List:            │                                                    
│  Commission 1:          Category:           Fixed Price: No   Comments: No   │                                                    
└──────────────────────────────────────────────────────────────────────────────┘                                                    
Category=Strat Hipo                                                                                                                 
                                                                                                                                    
F1=Go 2=Hlp 3=Ins 4=End 6=Mnu 7=Rcl 8=Clr 9=Prev 10=Next 11=Buf          Insert                                                     
[2026-09-30 15:22:38] [INFO] キーコード送信: '\x1bOS'
[2026-09-30 15:22:39] [INFO] キーコード送信: '\x1bOS'
[2026-09-30 15:22:41] [INFO] レポート条件入力画面で F1 キーが押下されました。クエリ待機ステータスを開始します。
[2026-09-30 15:22:41] [INFO] キーコード送信: '\x1bOP'
[2026-09-30 15:23:17] [INFO] F4押下によりクエリ待機を解除しました
[2026-09-30 15:23:17] [INFO] キーコード送信: '\x1bOS'
[2026-09-30 15:23:18] [INFO] キーコード送信: '\x1bOS'
[2026-09-30 15:23:19] [INFO] キーコード送信: '\x1bOS'
[2026-09-30 15:23:20] [INFO] キーコード送信: '\x1bOS'
[2026-09-30 15:23:21] [INFO] レポート条件入力画面で F1 キーが押下されました。クエリ待機ステータスを開始します。
[2026-09-30 15:23:21] [INFO] キーコード送信: '\x1bOP'
[2026-09-30 15:23:22] [INFO] レポート条件入力画面で F1 キーが押下されました。クエリ待機ステータスを開始します。
[2026-09-30 15:23:22] [INFO] キーコード送信: '\x1bOP'
[2026-09-30 15:23:44] [INFO] F4押下によりクエリ待機を解除しました
[2026-09-30 15:23:44] [INFO] キーコード送信: '\x1bOS'
[2026-09-30 15:23:45] [INFO] キーコード送信: '\x1bOP'
[2026-09-30 15:23:46] [INFO] キーコード送信: '\x1bOP'
[2026-09-30 15:23:47] [INFO] キーコード送信: '\x1bOP'
[2026-09-30 15:49:26] [INFO] ======================================================================
[2026-09-30 15:49:26] [INFO] QAD Modern Terminal 起動 - 2026-09-30 15:49:26
[2026-09-30 15:49:26] [INFO] Python: 3.12.10 (tags/v3.12.10:0cc8128, Apr  8 2025, 12:21:36) [MSC v.1943 64 bit (AMD64)] | 実行パス: C:\Users\0138018\AppData\Local\Programs\Python\Python312\pythonw.exe
[2026-09-30 15:49:26] [INFO] PROJECT_ROOT: C:\Users\0138018\.antigravity\mfgpro_controller
[2026-09-30 15:49:26] [INFO] ======================================================================
[2026-09-30 15:49:31] [INFO] SSH接続確立 (connected) [Tab 1]
[2026-09-30 15:49:31] [INFO] 自動ログイン: Tab 1 のMain Menu自動遷移シーケンスを開始
[2026-09-30 15:49:35] [INFO] 自動ログイン: Tab 1 Main Menu 着弾検知
[2026-09-30 15:50:03] [INFO] ======================================================================
[2026-09-30 15:50:03] [INFO] QAD Modern Terminal 起動 - 2026-09-30 15:50:03
[2026-09-30 15:50:03] [INFO] Python: 3.12.10 (tags/v3.12.10:0cc8128, Apr  8 2025, 12:21:36) [MSC v.1943 64 bit (AMD64)] | 実行パス: C:\Users\0138018\AppData\Local\Programs\Python\Python312\pythonw.exe
[2026-09-30 15:50:03] [INFO] PROJECT_ROOT: C:\Users\0138018\.antigravity\mfgpro_controller
[2026-09-30 15:50:03] [INFO] ======================================================================
[2026-09-30 15:50:09] [INFO] SSH接続確立 (connected) [Tab 1]
[2026-09-30 15:50:09] [INFO] 自動ログイン: Tab 1 のMain Menu自動遷移シーケンスを開始
[2026-09-30 15:50:13] [INFO] 自動ログイン: Tab 1 Main Menu 着弾検知
[2026-09-30 15:50:24] [INFO] ======================================================================
[2026-09-30 15:50:24] [INFO] QAD Modern Terminal 起動 - 2026-09-30 15:50:24
[2026-09-30 15:50:24] [INFO] Python: 3.12.10 (tags/v3.12.10:0cc8128, Apr  8 2025, 12:21:36) [MSC v.1943 64 bit (AMD64)] | 実行パス: C:\Users\0138018\AppData\Local\Programs\Python\Python312\pythonw.exe
[2026-09-30 15:50:24] [INFO] PROJECT_ROOT: C:\Users\0138018\.antigravity\mfgpro_controller
[2026-09-30 15:50:24] [INFO] ======================================================================
[2026-09-30 15:50:29] [INFO] SSH接続確立 (connected) [Tab 1]
[2026-09-30 15:50:29] [INFO] 自動ログイン: Tab 1 のMain Menu自動遷移シーケンスを開始
[2026-09-30 15:50:33] [INFO] 自動ログイン: Tab 1 Main Menu 着弾検知
[2026-09-30 16:02:56] [INFO] ======================================================================
[2026-09-30 16:02:56] [INFO] QAD Modern Terminal 起動 - 2026-09-30 16:02:56
[2026-09-30 16:02:56] [INFO] Python: 3.12.10 (tags/v3.12.10:0cc8128, Apr  8 2025, 12:21:36) [MSC v.1943 64 bit (AMD64)] | 実行パス: C:\Users\0138018\AppData\Local\Programs\Python\Python312\pythonw.exe
[2026-09-30 16:02:56] [INFO] PROJECT_ROOT: C:\Users\0138018\.antigravity\mfgpro_controller
[2026-09-30 16:02:56] [INFO] ======================================================================
[2026-09-30 16:03:02] [INFO] SSH接続確立 (connected) [Tab 1]
[2026-09-30 16:03:02] [INFO] 自動ログイン: Tab 1 のMain Menu自動遷移シーケンスを開始
[2026-09-30 16:03:05] [INFO] 自動ログイン: Tab 1 Main Menu 着弾検知
[2026-09-30 16:38:01] [INFO] ======================================================================
[2026-09-30 16:38:01] [INFO] QAD Modern Terminal 起動 - 2026-09-30 16:38:01
[2026-09-30 16:38:01] [INFO] Python: 3.12.10 (tags/v3.12.10:0cc8128, Apr  8 2025, 12:21:36) [MSC v.1943 64 bit (AMD64)] | 実行パス: C:\Users\0138018\AppData\Local\Programs\Python\Python312\pythonw.exe
[2026-09-30 16:38:01] [INFO] PROJECT_ROOT: C:\Users\0138018\.antigravity\mfgpro_controller
[2026-09-30 16:38:01] [INFO] ======================================================================
[2026-09-30 16:38:10] [INFO] SSH接続確立 (connected) [Tab 1]
[2026-09-30 16:38:10] [INFO] 自動ログイン: Tab 1 のMain Menu自動遷移シーケンスを開始
[2026-09-30 16:38:14] [INFO] 自動ログイン: Tab 1 Main Menu 着弾検知
[2026-09-30 16:38:26] [INFO] SSH接続確立 (connected) [Tab 2]
[2026-09-30 16:38:26] [INFO] 自動ログイン: Tab 2 のMain Menu自動遷移シーケンスを開始
[2026-09-30 16:38:28] [INFO] SSH接続確立 (connected) [Tab 3]
[2026-09-30 16:38:28] [INFO] 自動ログイン: Tab 3 のMain Menu自動遷移シーケンスを開始
[2026-09-30 16:38:30] [INFO] 自動ログイン: Tab 2 Main Menu 着弾検知
[2026-09-30 16:38:33] [INFO] 自動ログイン: Tab 3 Main Menu 着弾検知
[2026-09-30 16:39:03] [INFO] === OrderBooking 自動実行マクロ開始（改セル一括貼り付け方式） ===
[2026-09-30 16:39:03] [INFO] OrderBooking: メインメニュー復帰完了
[2026-09-30 16:39:03] [INFO] OrderBooking: '99.7.6.20\r' を送信します
[2026-09-30 16:39:04] [INFO] OrderBooking: 99.7.6.20 条件入力画面の表示を確認しました
[2026-09-30 16:39:04] [INFO] OrderBooking: 本日の日付 = '09/30/26'
[2026-09-30 16:39:04] [INFO] OrderBooking: Part 1 (Sales Order ~ Prod Line) 送信
[2026-09-30 16:39:04] [INFO] OrderBooking: Part 2 (Site ~ Due Date: 09/30/26) 送信
[2026-09-30 16:39:05] [INFO] OrderBooking: F1 を送信して Output 欄へジャンプ
[2026-09-30 16:39:05] [INFO] OrderBooking: Output 欄への着弾を確認しました
[2026-09-30 16:39:06] [INFO] OrderBooking: input_32printer を起動して自動実行・ストリーム直接受信・Excel展開を開始
[2026-09-30 16:39:06] [INFO] input_32printer: Output欄に 32prn を入力し、実績キーシーケンスで実行します
[2026-09-30 16:39:07] [INFO] キーコード送信: '\x1bOP'
[2026-09-30 16:39:08] [INFO] キーコード送信: '\x1bOP'
[2026-09-30 16:39:09] [INFO] キーコード送信: '\x06'
[2026-09-30 16:39:10] [INFO] input_32printer: キーシーケンス送信完了 (32prn\r -> F1 -> F1 -> Ctrl+F -> Space)
[2026-09-30 16:39:18] [INFO] === 32printer データストリーム受信完了 (29,758 bytes) ===
[2026-09-30 16:39:18] [INFO] 32printer 解凍完了 (文字数: 203,146)
[2026-09-30 16:39:18] [INFO] 32printer パース成功 (列数=48, データ行数=303)
[2026-09-30 16:39:18] [INFO] paste_to_new_excel: 開始 (行数=304, 列数=48, タイトル=QAD_Report)
[2026-09-30 16:39:23] [INFO] paste_to_new_excel: COM操作成功 - Excelに 303 件のデータを展開しました（文字列書式）
[2026-09-30 16:39:35] [INFO] レポート条件入力画面で F1 キーが押下されました。クエリ待機ステータスを開始します。
[2026-09-30 16:39:35] [INFO] キーコード送信: '\x1bOP'
[2026-09-30 16:39:35] [INFO] Output欄での F1 押下を検知しました。自動で 32prn を設定して実行します。
[2026-09-30 16:39:35] [INFO] input_32printer: Output欄に 32prn を入力し、実績キーシーケンスで実行します
[2026-09-30 16:39:36] [INFO] キーコード送信: '\x1bOP'
[2026-09-30 16:39:37] [INFO] キーコード送信: '\x1bOP'
[2026-09-30 16:39:38] [INFO] キーコード送信: '\x06'
[2026-09-30 16:39:39] [INFO] input_32printer: キーシーケンス送信完了 (32prn\r -> F1 -> F1 -> Ctrl+F -> Space)
[2026-09-30 16:39:47] [INFO] === 32printer データストリーム受信完了 (317,259 bytes) ===
[2026-09-30 16:39:47] [INFO] 32printer 解凍完了 (文字数: 5,997,237)
[2026-09-30 16:39:47] [INFO] メニュー画面に戻ったためクエリ待機状態を解除します
[2026-09-30 16:39:50] [INFO] 32printer パース成功 (列数=33, データ行数=14,259)
[2026-09-30 16:39:50] [INFO] paste_to_new_excel: 開始 (行数=14260, 列数=33, タイトル=QAD_99.3.6.1)
[2026-09-30 16:39:54] [INFO] paste_to_new_excel: COM操作成功 - Excelに 14259 件のデータを展開しました（文字列書式）
[2026-09-30 16:40:18] [INFO] 在庫レポートGAS送信開始: ユーザー=takehik, ホスト=mfg03
[2026-09-30 16:40:36] [INFO] 在庫レポートGAS送信完了: 8,817件
[2026-09-30 16:41:19] [INFO] キーコード送信: '\x1bOS'
[2026-09-30 16:41:21] [INFO] キーコード送信: '\x1bOS'
[2026-09-30 16:43:27] [INFO] === QAD 99.7.1.1 受注入力自動化を開始します ===
[2026-09-30 16:43:27] [INFO] メインメニューまたはヘッダー画面から全工程 (Step 1〜6.3.0) を実行します。
[2026-09-30 16:43:27] [INFO] === QAD 99.7.1.1 受注入力自動化 全工程実行開始 ===
[2026-09-30 16:43:27] [INFO] Step 1: '99.7.1.1\r' 送信
[2026-09-30 16:43:27] [INFO] Step 1: Order番号自動採番 (空欄で F1 送信)
[2026-09-30 16:43:28] [INFO] Order ID を記録: SO199611
[2026-09-30 16:43:28] [INFO] Step 2: Sold-To '20000600' 送信
[2026-09-30 16:43:28] [INFO] Step 2: Sold-To 確定のため F1 送信
[2026-09-30 16:43:28] [INFO] Step 2: Bill-To '20000600' 送信
[2026-09-30 16:43:29] [INFO] Step 2: Ship-To '20000601' 送信
[2026-09-30 16:43:30] [INFO] Step 2: Order Dateからの一括貼り付けバッファ送信 (8 項目: Order Date〜Remarks)
[2026-09-30 16:43:31] [INFO] Step 2: F1 送信 (ヘッダー確定)
[2026-09-30 16:43:31] [INFO] 画面待機中 (Step 3: Tax ポップアップ または Salesperson画面): アクティブな警告/Space要求プロンプトを検知。Spaceキーを送信します。
[2026-09-30 16:43:32] [INFO] Step 3: F1 送信 (Tax スキップ)
[2026-09-30 16:43:32] [INFO] Step 4: F1 送信 (Salesperson スキップ)
[2026-09-30 16:43:33] [INFO] Step 5: F1 送信 (コメント本文エディタへ移動)
[2026-09-30 16:43:33] [INFO] Step 5: 案C実行 - 既定コメントの全クリア (F8: Clear送信)
[2026-09-30 16:43:34] [INFO] Step 5: 新規特記事項本文入力 (全 1 行)
[2026-09-30 16:43:34] [INFO] Step 5: F1 送信 (コメント本文確定)
[2026-09-30 16:43:34] [INFO] Step 5: F4 送信 (明細画面へ進む)
[2026-09-30 16:43:34] [INFO] Step 5: コメント画面残留検知 -> 再度 F4 送信
[2026-09-30 16:43:35] [INFO] === Step 6 受注明細行入力開始 (全 1 品番) ===
[2026-09-30 16:43:35] [INFO] --- [Line 1] 品番: BW0100D / 単価: 200 / 長さグループ: 1件 ---
[2026-09-30 16:43:35] [INFO] 6.1.0: Enter 送信 (Line 1 自動採番)
[2026-09-30 16:43:35] [INFO] 6.1.1: F1 送信 (Line 1 Create WO ポップアップスキップ)
[2026-09-30 16:43:36] [INFO] 6.1.3: 品番 'BW0100D' + F1 送信
[2026-09-30 16:43:36] [INFO] 6.1.3: Site 'CB2' + F1 送信
[2026-09-30 16:43:37] [INFO] 画面待機中 (6.1.4 Qty Ordered UM または スリット設定画面): アクティブな警告/Space要求プロンプトを検知。Spaceキーを送信します。
[2026-09-30 16:43:38] [INFO] 6.1.4: F1 送信 (Qty Ordered UM スキップ)
[2026-09-30 16:43:38] [INFO]   SL 1: 長さ '600'm (明細 1件) 開始
[2026-09-30 16:43:38] [INFO]   SL 1: F1 -> Enter -> Enter で Len(m) 欄へ移動
[2026-09-30 16:43:39] [INFO]   6.2.0: 長さ '600' + Enter 送信
[2026-09-30 16:43:40] [INFO]     Roll 1/1: 本数=1, 幅=200mm
[2026-09-30 16:43:41] [INFO]   6.2.1: F4 送信 (長さ '600'm ロール入力完了)
[2026-09-30 16:43:41] [INFO]   6.2.1: F1 送信 ('yes' 確定)
[2026-09-30 16:43:41] [INFO] 6.1.4: F4 送信 (品番 'BW0100D' 全スリット設定完了)
[2026-09-30 16:43:42] [INFO] 6.1.4: F1 送信 ('yes' 確定)
[2026-09-30 16:43:42] [INFO] 6.2.3: Orig Order Qty スキップ (F1)
[2026-09-30 16:43:43] [INFO] 6.2.3: F1 送信 (Pricing Date スキップ)
[2026-09-30 16:43:43] [INFO] 6.2.4: F1 送信 (List Price スキップ)
[2026-09-30 16:43:44] [INFO] 6.2.4: 単価 '200' + F1 送信 (単価確定)
[2026-09-30 16:43:44] [INFO] 6.2.4: 明細詳細枠 (Loc: / Sales Acct:) 検知 -> F1 送信でスキップ
[2026-09-30 16:43:45] [INFO] 6.2.5: F1 送信 (Tax スキップ)
[2026-09-30 16:43:45] [INFO] 6.2.5: F4 送信 (明細行 Transaction Comments 終了 -> Reason Code または 次画面へ)
[2026-09-30 16:43:46] [INFO] 6.2.5: Reason Code 検知 (65 -> 28 INTERNAL -> 28 INTERNAL + F1)
[2026-09-30 16:43:47] [INFO] 6.3.0: 次行 Create WO 解除 (F1)
[2026-09-30 16:43:47] [INFO] 6.3.0: F4 を送信して最終合計画面へ進みます
[2026-09-30 16:43:47] [INFO] 6.3.0: 次行 Create WO 解除 (F1)
[2026-09-30 16:43:49] [INFO] 6.3.0: 最終合計画面の表示を確認しました
[2026-09-30 16:43:49] [INFO] 6.3.0: 1回目の F1 送信 (下段フレームへ移動)
[2026-09-30 16:43:49] [INFO] 6.3.0: 2回目の F1 送信 (注文データ確定・コミット)
[2026-09-30 16:43:50] [INFO] === QAD 99.7.1.1 受注入力自動化 全工程完了 (Order ID: SO199611) ===
[2026-09-30 16:43:50] [INFO] 受注登録完了通知: Order ID = SO199611
[2026-09-30 16:45:07] [INFO] キーコード送信: '\x1bOS'
[2026-10-01 16:47:14] [INFO] ======================================================================
[2026-10-01 16:47:14] [INFO] QAD Modern Terminal 起動 - 2026-10-01 16:47:14
[2026-10-01 16:47:14] [INFO] Python: 3.12.10 (tags/v3.12.10:0cc8128, Apr  8 2025, 12:21:36) [MSC v.1943 64 bit (AMD64)] | 実行パス: C:\Users\0138018\AppData\Local\Programs\Python\Python312\pythonw.exe
[2026-10-01 16:47:14] [INFO] PROJECT_ROOT: C:\Users\0138018\.antigravity\mfgpro_controller
[2026-10-01 16:47:14] [INFO] ======================================================================
[2026-10-01 16:47:20] [INFO] SSH接続確立 (connected) [Tab 1]
[2026-10-01 16:47:20] [INFO] 自動ログイン: Tab 1 のMain Menu自動遷移シーケンスを開始
[2026-10-01 16:47:24] [INFO] 自動ログイン: Tab 1 Main Menu 着弾検知
[2026-10-01 16:47:31] [INFO] === QAD 99.7.1.1 受注入力自動化を開始します ===
[2026-10-01 16:47:31] [INFO] メインメニューまたはヘッダー画面から全工程 (Step 1〜6.3.0) を実行します。
[2026-10-01 16:47:31] [INFO] === QAD 99.7.1.1 受注入力自動化 全工程実行開始 ===
[2026-10-01 16:47:31] [INFO] Step 1: '99.7.1.1\r' 送信
[2026-10-01 16:47:31] [INFO] Step 1: Order番号自動採番 (空欄で F1 送信)
[2026-10-01 16:47:32] [INFO] Order ID を記録: SO199692
[2026-10-01 16:47:32] [INFO] Step 2: Sold-To '20000600' 送信
[2026-10-01 16:47:32] [INFO] Step 2: Sold-To 確定のため F1 送信
[2026-10-01 16:47:32] [INFO] Step 2: Bill-To '20000600' 送信
[2026-10-01 16:47:33] [INFO] Step 2: Ship-To '20000601' 送信
[2026-10-01 16:47:34] [INFO] Step 2: Order Dateからの一括貼り付けバッファ送信 (8 項目: Order Date〜Remarks)
[2026-10-01 16:47:35] [INFO] Step 2: F1 送信 (ヘッダー確定)
[2026-10-01 16:47:35] [INFO] 画面待機中 (Step 3: Tax ポップアップ または Salesperson画面): アクティブな警告/Space要求プロンプトを検知。Spaceキーを送信します。
[2026-10-01 16:47:36] [INFO] Step 3: F1 送信 (Tax スキップ)
[2026-10-01 16:47:36] [INFO] Step 4: F1 送信 (Salesperson スキップ)
[2026-10-01 16:47:37] [INFO] Step 5: F1 送信 (コメント本文エディタへ移動)
[2026-10-01 16:47:37] [INFO] Step 5: 案C実行 - 既定コメントの全クリア (F8: Clear送信)
[2026-10-01 16:47:38] [INFO] Step 5: 新規特記事項本文入力 (全 1 行)
[2026-10-01 16:47:38] [INFO] Step 5: F1 送信 (コメント本文確定)
[2026-10-01 16:47:38] [INFO] Step 5: F4 送信 (明細画面へ進む)
[2026-10-01 16:47:38] [INFO] Step 5: コメント画面残留検知 -> 再度 F4 送信
[2026-10-01 16:47:39] [INFO] === Step 6 受注明細行入力開始 (全 2 品番) ===
[2026-10-01 16:47:39] [INFO] --- [Line 1] 品番: BW0100D / 単価: 200 / 長さグループ: 1件 ---
[2026-10-01 16:47:39] [INFO] 6.1.0: Enter 送信 (Line 1 自動採番)
[2026-10-01 16:47:39] [INFO] 6.1.1: F1 送信 (Line 1 Create WO ポップアップスキップ)
[2026-10-01 16:47:40] [INFO] 6.1.3: 品番 'BW0100D' + F1 送信
[2026-10-01 16:47:40] [INFO] 6.1.3: Site 'CB2' + F1 送信
[2026-10-01 16:47:41] [INFO] 画面待機中 (6.1.4 Qty Ordered UM または スリット設定画面): アクティブな警告/Space要求プロンプトを検知。Spaceキーを送信します。
[2026-10-01 16:47:42] [INFO] 6.1.4: F1 送信 (Qty Ordered UM スキップ)
[2026-10-01 16:47:42] [INFO]   SL 1: 長さ '600'm (明細 1件) 開始
[2026-10-01 16:47:42] [INFO]   SL 1: F1 -> Enter -> Enter で Len(m) 欄へ移動
[2026-10-01 16:47:43] [INFO]   6.2.0: 長さ '600' + Enter 送信
[2026-10-01 16:47:44] [INFO]     Roll 1/1: 本数=1, 幅=200mm
[2026-10-01 16:47:45] [INFO]   6.2.1: F4 送信 (長さ '600'm ロール入力完了)
[2026-10-01 16:47:45] [INFO]   6.2.1: F1 送信 ('yes' 確定)
[2026-10-01 16:47:45] [INFO] 6.1.4: F4 送信 (品番 'BW0100D' 全スリット設定完了)
[2026-10-01 16:47:46] [INFO] 6.1.4: F1 送信 ('yes' 確定)
[2026-10-01 16:47:46] [INFO] 6.2.3: Orig Order Qty スキップ (F1)
[2026-10-01 16:47:47] [INFO] 6.2.3: F1 送信 (Pricing Date スキップ)
[2026-10-01 16:47:47] [INFO] 6.2.4: F1 送信 (List Price スキップ)
[2026-10-01 16:47:47] [INFO] 6.2.4: 単価 '200' + F1 送信 (単価確定)
[2026-10-01 16:47:48] [INFO] 6.2.4: 明細詳細枠 (Loc: / Sales Acct:) 検知 -> F1 送信でスキップ
[2026-10-01 16:48:01] [ERROR] 受注入力自動化タイムアウト: 画面遷移待機タイムアウト (12.0秒): 6.2.4 詳細枠スキップ確定待ち
現在の画面表示:
xxsosomt.p b+            99.7.1.1 Sales Order Maintenance             10/01/26                                                      
┌─────────────────────────── ATP Enforcement WARNING───────────────────────────┐                                                    
│          Ship-From Site: CB2                 Chiba DC Plant                  │                                                    
│        Ship-To Customer: 20000601            TOPPANｲﾝﾌｫﾒﾃﾞｨｱ㈱福島工場       │                                                    
│             Item Number: BW0100D             SemiCLOPP18/S692N/BG40W         │                                                    
│   Stocking UM Order Qty: 120.0         M2            Due Date: 09/30/26      │                                                    
│    Ordered UM Order Qty: 120.0         M2    ATP Horizon Date: 10/01/27      │                                                    
└──────────────────────────────────────────────────────────────────────────────┘                                                    
┌──────────────────────────────────────────────────────────────────────────────┐                                                    
│                 Earliest Due Date for Full Order: 10/01/26                   │                                                    
│                   Cum ATP Available for Due Date: 0.0           M2           │                                                    
│                                                                              │                                                    
│                                                                              │                                                    
│                           Review Other ATP Dates: No                         │                                                    
│          Display Master Schedule Summary Inquiry: No                         │                                                    
│               Accept Earliest Available Due Date: No                         │                                                    
└──────────────────────────────────────────────────────────────────────────────┘                                                    
                                                                                                                                    
                                                                                                                                    
                                                                                                                                    
                                                                                                                                    
                                                                                                                                    
                                                                                                                                    
F1=Go 2=Help 3=Ins 4=End 6=Menu 7=Rcl 8=Clr 11=Paste                                                                                
[2026-10-01 16:49:08] [INFO] レポート条件入力画面で F1 キーが押下されました。クエリ待機ステータスを開始します。
[2026-10-01 16:49:08] [INFO] キーコード送信: '\x1bOP'
[2026-10-01 16:49:09] [INFO] レポート条件入力画面で F1 キーが押下されました。クエリ待機ステータスを開始します。
[2026-10-01 16:49:09] [INFO] キーコード送信: '\x1bOP'
[2026-10-01 16:49:10] [INFO] レポート条件入力画面で F1 キーが押下されました。クエリ待機ステータスを開始します。
[2026-10-01 16:49:10] [INFO] キーコード送信: '\x1bOP'
[2026-10-01 16:49:12] [INFO] レポート条件入力画面で F1 キーが押下されました。クエリ待機ステータスを開始します。
[2026-10-01 16:49:12] [INFO] キーコード送信: '\x1bOP'
[2026-10-01 16:49:13] [INFO] レポート条件入力画面で F1 キーが押下されました。クエリ待機ステータスを開始します。
[2026-10-01 16:49:13] [INFO] キーコード送信: '\x1bOP'
[2026-10-01 16:49:14] [INFO] レポート条件入力画面で F1 キーが押下されました。クエリ待機ステータスを開始します。
[2026-10-01 16:49:14] [INFO] キーコード送信: '\x1bOP'
[2026-10-01 16:49:15] [INFO] F4押下によりクエリ待機を解除しました
[2026-10-01 16:49:15] [INFO] キーコード送信: '\x1bOS'
[2026-10-01 16:49:16] [INFO] レポート条件入力画面で F1 キーが押下されました。クエリ待機ステータスを開始します。
[2026-10-01 16:49:16] [INFO] キーコード送信: '\x1bOP'
[2026-10-01 16:49:16] [INFO] レポート条件入力画面で F1 キーが押下されました。クエリ待機ステータスを開始します。
[2026-10-01 16:49:16] [INFO] キーコード送信: '\x1bOP'
[2026-10-01 16:49:17] [INFO] レポート条件入力画面で F1 キーが押下されました。クエリ待機ステータスを開始します。
[2026-10-01 16:49:17] [INFO] キーコード送信: '\x1bOP'
[2026-10-01 16:49:19] [INFO] レポート条件入力画面で F1 キーが押下されました。クエリ待機ステータスを開始します。
[2026-10-01 16:49:19] [INFO] キーコード送信: '\x1bOP'
[2026-10-01 16:49:20] [INFO] F4押下によりクエリ待機を解除しました
[2026-10-01 16:49:20] [INFO] キーコード送信: '\x1bOS'
[2026-10-01 16:49:22] [INFO] レポート条件入力画面で F1 キーが押下されました。クエリ待機ステータスを開始します。
[2026-10-01 16:49:22] [INFO] キーコード送信: '\x1bOP'
[2026-10-01 16:49:55] [INFO] F4押下によりクエリ待機を解除しました
[2026-10-01 16:49:55] [INFO] キーコード送信: '\x1bOS'
[2026-10-01 16:49:56] [INFO] レポート条件入力画面で F1 キーが押下されました。クエリ待機ステータスを開始します。
[2026-10-01 16:49:56] [INFO] キーコード送信: '\x1bOP'
[2026-10-01 16:49:57] [INFO] レポート条件入力画面で F1 キーが押下されました。クエリ待機ステータスを開始します。
[2026-10-01 16:49:57] [INFO] キーコード送信: '\x1bOP'
[2026-10-01 16:50:04] [INFO] F4押下によりクエリ待機を解除しました
[2026-10-01 16:50:04] [INFO] キーコード送信: '\x1bOS'
[2026-10-01 16:50:04] [INFO] キーコード送信: '\x1bOS'
[2026-10-01 16:50:05] [INFO] レポート条件入力画面で F1 キーが押下されました。クエリ待機ステータスを開始します。
[2026-10-01 16:50:05] [INFO] キーコード送信: '\x1bOP'
[2026-10-01 16:50:06] [INFO] レポート条件入力画面で F1 キーが押下されました。クエリ待機ステータスを開始します。
[2026-10-01 16:50:06] [INFO] キーコード送信: '\x1bOP'
[2026-10-01 16:50:08] [INFO] レポート条件入力画面で F1 キーが押下されました。クエリ待機ステータスを開始します。
[2026-10-01 16:50:08] [INFO] キーコード送信: '\x1bOP'
[2026-10-01 16:50:19] [INFO] レポート条件入力画面で F1 キーが押下されました。クエリ待機ステータスを開始します。
[2026-10-01 16:50:19] [INFO] キーコード送信: '\x1bOP'
[2026-10-01 16:50:20] [INFO] レポート条件入力画面で F1 キーが押下されました。クエリ待機ステータスを開始します。
[2026-10-01 16:50:20] [INFO] キーコード送信: '\x1bOP'
[2026-10-01 16:50:20] [INFO] レポート条件入力画面で F1 キーが押下されました。クエリ待機ステータスを開始します。
[2026-10-01 16:50:20] [INFO] キーコード送信: '\x1bOP'
[2026-10-01 16:50:21] [INFO] レポート条件入力画面で F1 キーが押下されました。クエリ待機ステータスを開始します。
[2026-10-01 16:50:21] [INFO] キーコード送信: '\x1bOP'
[2026-10-01 16:50:22] [INFO] レポート条件入力画面で F1 キーが押下されました。クエリ待機ステータスを開始します。
[2026-10-01 16:50:22] [INFO] キーコード送信: '\x1bOP'
[2026-10-01 16:50:25] [INFO] F5押下検知: F5キーシーケンス '\x1b[15~' をサーバーへ送信
[2026-10-01 16:50:26] [INFO] F5押下検知: F5キーシーケンス '\x1b[15~' をサーバーへ送信
[2026-10-01 16:50:34] [INFO] F4押下によりクエリ待機を解除しました
[2026-10-01 16:50:34] [INFO] キーコード送信: '\x1bOS'
[2026-10-01 16:57:16] [INFO] 入力欄クリック検知: 現在=InputField(row=19, cols=50..66)(左列=False) -> 宛先=InputField(row=19, cols=50..66)(左列=False), クリック列=68
[2026-10-01 16:57:18] [INFO] 入力欄クリック検知: 現在=InputField(row=19, cols=50..66)(左列=False) -> 宛先=InputField(row=19, cols=50..66)(左列=False), クリック列=50
[2026-10-01 16:57:33] [INFO] === QAD 99.7.1.1 受注入力自動化を開始します ===
[2026-10-01 16:57:33] [INFO] メインメニューまたはヘッダー画面から全工程 (Step 1〜6.3.0) を実行します。
[2026-10-01 16:57:33] [INFO] === QAD 99.7.1.1 受注入力自動化 全工程実行開始 ===
[2026-10-01 16:57:33] [INFO] Step 1: '99.7.1.1\r' 送信
[2026-10-01 16:57:33] [INFO] Step 1: Order番号自動採番 (空欄で F1 送信)
[2026-10-01 16:57:33] [INFO] Order ID を記録: SO199693
[2026-10-01 16:57:33] [INFO] Step 2: Sold-To '20000600' 送信
[2026-10-01 16:57:34] [INFO] Step 2: Sold-To 確定のため F1 送信
[2026-10-01 16:57:34] [INFO] Step 2: Bill-To '20000600' 送信
[2026-10-01 16:57:35] [INFO] Step 2: Ship-To '20000601' 送信
[2026-10-01 16:57:36] [INFO] Step 2: Order Dateからの一括貼り付けバッファ送信 (8 項目: Order Date〜Remarks)
[2026-10-01 16:57:37] [INFO] Step 2: F1 送信 (ヘッダー確定)
[2026-10-01 16:57:37] [INFO] 画面待機中 (Step 3: Tax ポップアップ または Salesperson画面): アクティブな警告/Space要求プロンプトを検知。Spaceキーを送信します。
[2026-10-01 16:57:38] [INFO] Step 3: F1 送信 (Tax スキップ)
[2026-10-01 16:57:38] [INFO] Step 4: F1 送信 (Salesperson スキップ)
[2026-10-01 16:57:39] [INFO] Step 5: F1 送信 (コメント本文エディタへ移動)
[2026-10-01 16:57:39] [INFO] Step 5: 案C実行 - 既定コメントの全クリア (F8: Clear送信)
[2026-10-01 16:57:39] [INFO] Step 5: 新規特記事項本文入力 (全 1 行)
[2026-10-01 16:57:40] [INFO] Step 5: F1 送信 (コメント本文確定)
[2026-10-01 16:57:40] [INFO] Step 5: F4 送信 (明細画面へ進む)
[2026-10-01 16:57:40] [INFO] Step 5: コメント画面残留検知 -> 再度 F4 送信
[2026-10-01 16:57:41] [INFO] === Step 6 受注明細行入力開始 (全 2 品番) ===
[2026-10-01 16:57:41] [INFO] --- [Line 1] 品番: BW0100D / 単価: 200 / 長さグループ: 1件 ---
[2026-10-01 16:57:41] [INFO] 6.1.0: Enter 送信 (Line 1 自動採番)
[2026-10-01 16:57:41] [INFO] 6.1.1: F1 送信 (Line 1 Create WO ポップアップスキップ)
[2026-10-01 16:57:42] [INFO] 6.1.3: 品番 'BW0100D' + F1 送信
[2026-10-01 16:57:42] [INFO] 6.1.3: Site 'CB2' + F1 送信
[2026-10-01 16:57:43] [INFO] 画面待機中 (6.1.4 Qty Ordered UM または スリット設定画面): アクティブな警告/Space要求プロンプトを検知。Spaceキーを送信します。
[2026-10-01 16:57:43] [INFO] 6.1.4: F1 送信 (Qty Ordered UM スキップ)
[2026-10-01 16:57:44] [INFO]   SL 1: 長さ '600'm (明細 1件) 開始
[2026-10-01 16:57:44] [INFO]   SL 1: F1 -> Enter -> Enter で Len(m) 欄へ移動
[2026-10-01 16:57:45] [INFO]   6.2.0: 長さ '600' + Enter 送信
[2026-10-01 16:57:45] [INFO]     Roll 1/1: 本数=1, 幅=200mm
[2026-10-01 16:57:46] [INFO]   6.2.1: F4 送信 (長さ '600'm ロール入力完了)
[2026-10-01 16:57:47] [INFO]   6.2.1: F1 送信 ('yes' 確定)
[2026-10-01 16:57:47] [INFO] 6.1.4: F4 送信 (品番 'BW0100D' 全スリット設定完了)
[2026-10-01 16:57:48] [INFO] 6.1.4: F1 送信 ('yes' 確定)
[2026-10-01 16:57:48] [INFO] 6.2.3: Orig Order Qty スキップ (F1)
[2026-10-01 16:57:49] [INFO] 6.2.3: F1 送信 (Pricing Date スキップ)
[2026-10-01 16:57:49] [INFO] 6.2.4: F1 送信 (List Price スキップ)
[2026-10-01 16:57:49] [INFO] 6.2.4: 単価 '200' + F1 送信 (単価確定)
[2026-10-01 16:57:50] [INFO] 6.2.4: 明細詳細枠 (Loc: / Sales Acct:) 検知 -> F1 送信でスキップ
[2026-10-01 16:57:59] [INFO] レポート条件入力画面で F1 キーが押下されました。クエリ待機ステータスを開始します。
[2026-10-01 16:57:59] [INFO] キーコード送信: '\x1bOP'
[2026-10-01 16:58:00] [INFO] レポート条件入力画面で F1 キーが押下されました。クエリ待機ステータスを開始します。
[2026-10-01 16:58:00] [INFO] キーコード送信: '\x1bOP'
[2026-10-01 16:58:00] [INFO] レポート条件入力画面で F1 キーが押下されました。クエリ待機ステータスを開始します。
[2026-10-01 16:58:00] [INFO] キーコード送信: '\x1bOP'
[2026-10-01 16:58:01] [INFO] 6.2.5: F1 送信 (Tax スキップ)
[2026-10-01 16:58:01] [INFO] 6.2.5: F4 送信 (明細行 Transaction Comments 終了 -> Reason Code または 次画面へ)
[2026-10-01 16:58:02] [INFO] 6.2.5: Reason Code 検知 (65 -> 28 INTERNAL -> 28 INTERNAL + F1)
[2026-10-01 16:58:03] [INFO] --- [Line 2] 品番: BW0116Q3-2 / 単価: 200 / 長さグループ: 1件 ---
[2026-10-01 16:58:03] [INFO] 6.1.1: F1 送信 (Line 2 Create WO ポップアップスキップ)
[2026-10-01 16:58:03] [INFO] 6.1.3: 品番 'BW0116Q3-2' + F1 送信
[2026-10-01 16:58:04] [INFO] 6.1.3: Site 'CB2' + F1 送信
[2026-10-01 16:58:05] [INFO] 6.1.4: F1 送信 (Qty Ordered UM スキップ)
[2026-10-01 16:58:05] [INFO]   SL 1: 長さ '600'm (明細 1件) 開始
[2026-10-01 16:58:05] [INFO]   SL 1: F1 -> Enter -> Enter で Len(m) 欄へ移動
[2026-10-01 16:58:06] [INFO]   6.2.0: 長さ '600' + Enter 送信
[2026-10-01 16:58:07] [INFO]     Roll 1/1: 本数=1, 幅=200mm
[2026-10-01 16:58:08] [INFO]   6.2.1: F4 送信 (長さ '600'm ロール入力完了)
[2026-10-01 16:58:08] [INFO]   6.2.1: F1 送信 ('yes' 確定)
[2026-10-01 16:58:09] [INFO] 6.1.4: F4 送信 (品番 'BW0116Q3-2' 全スリット設定完了)
[2026-10-01 16:58:09] [INFO] 6.1.4: F1 送信 ('yes' 確定)
[2026-10-01 16:58:09] [INFO] 6.2.3: Orig Order Qty スキップ (F1)
[2026-10-01 16:58:10] [INFO] 6.2.3: F1 送信 (Pricing Date スキップ)
[2026-10-01 16:58:10] [INFO] 6.2.4: F1 送信 (List Price スキップ)
[2026-10-01 16:58:11] [INFO] 6.2.4: 単価 '200' + F1 送信 (単価確定)
[2026-10-01 16:58:11] [INFO] 6.2.4: 明細詳細枠 (Loc: / Sales Acct:) 検知 -> F1 送信でスキップ
[2026-10-01 16:58:12] [INFO] 6.2.5: F1 送信 (Tax スキップ)
[2026-10-01 16:58:12] [INFO] 6.2.5: F4 送信 (明細行 Transaction Comments 終了 -> Reason Code または 次画面へ)
[2026-10-01 16:58:13] [INFO] 6.2.5: Reason Code 検知 (65 -> 28 INTERNAL -> 28 INTERNAL + F1)
[2026-10-01 16:58:14] [INFO] 6.3.0: 次行 Create WO 解除 (F1)
[2026-10-01 16:58:14] [INFO] 6.3.0: F4 を送信して最終合計画面へ進みます
[2026-10-01 16:58:14] [INFO] 6.3.0: 次行 Create WO 解除 (F1)
[2026-10-01 16:58:16] [INFO] 6.3.0: 最終合計画面の表示を確認しました
[2026-10-01 16:58:16] [INFO] 6.3.0: 1回目の F1 送信 (下段フレームへ移動)
[2026-10-01 16:58:16] [INFO] 6.3.0: 2回目の F1 送信 (注文データ確定・コミット)
[2026-10-01 16:58:17] [INFO] 画面待機中 (受注完了・初期画面復帰): アクティブな警告/Space要求プロンプトを検知。Spaceキーを送信します。
[2026-10-01 16:58:17] [INFO] === QAD 99.7.1.1 受注入力自動化 全工程完了 (Order ID: SO199693) ===
[2026-10-01 16:58:17] [INFO] 受注登録完了通知: Order ID = SO199693
[2026-10-01 16:59:56] [INFO] F4押下によりクエリ待機を解除しました
[2026-10-01 16:59:56] [INFO] キーコード送信: '\x1bOS'
[2026-10-01 16:59:58] [INFO] キーコード送信: '\x1bOP'
[2026-10-01 17:00:00] [INFO] キーコード送信: '\x1bOS'
[2026-10-01 17:00:11] [INFO] レポート条件入力画面で F1 キーが押下されました。クエリ待機ステータスを開始します。
[2026-10-01 17:00:11] [INFO] キーコード送信: '\x1bOP'
[2026-10-01 17:00:12] [INFO] レポート条件入力画面で F1 キーが押下されました。クエリ待機ステータスを開始します。
[2026-10-01 17:00:12] [INFO] キーコード送信: '\x1bOP'
[2026-10-01 17:00:12] [INFO] レポート条件入力画面で F1 キーが押下されました。クエリ待機ステータスを開始します。
[2026-10-01 17:00:12] [INFO] キーコード送信: '\x1bOP'
[2026-10-01 17:00:12] [INFO] レポート条件入力画面で F1 キーが押下されました。クエリ待機ステータスを開始します。
[2026-10-01 17:00:12] [INFO] キーコード送信: '\x1bOP'
[2026-10-01 17:00:13] [INFO] レポート条件入力画面で F1 キーが押下されました。クエリ待機ステータスを開始します。
[2026-10-01 17:00:13] [INFO] キーコード送信: '\x1bOP'
[2026-10-01 17:00:18] [INFO] F5押下検知: F5キーシーケンス '\x1b[15~' をサーバーへ送信
[2026-10-01 17:00:22] [INFO] F4押下によりクエリ待機を解除しました
[2026-10-01 17:00:22] [INFO] キーコード送信: '\x1bOS'
[2026-10-01 17:05:30] [INFO] ======================================================================
[2026-10-01 17:05:30] [INFO] QAD Modern Terminal 起動 - 2026-10-01 17:05:30
[2026-10-01 17:05:30] [INFO] Python: 3.12.10 (tags/v3.12.10:0cc8128, Apr  8 2025, 12:21:36) [MSC v.1943 64 bit (AMD64)] | 実行パス: C:\Users\0138018\AppData\Local\Programs\Python\Python312\python.exe
[2026-10-01 17:05:30] [INFO] PROJECT_ROOT: C:\Users\0138018\.antigravity\mfgpro_controller
[2026-10-01 17:05:30] [INFO] ======================================================================
[2026-10-01 17:09:05] [INFO] ======================================================================
[2026-10-01 17:09:05] [INFO] QAD Modern Terminal 起動 - 2026-10-01 17:09:05
[2026-10-01 17:09:05] [INFO] Python: 3.12.10 (tags/v3.12.10:0cc8128, Apr  8 2025, 12:21:36) [MSC v.1943 64 bit (AMD64)] | 実行パス: C:\Users\0138018\AppData\Local\Programs\Python\Python312\pythonw.exe
[2026-10-01 17:09:05] [INFO] PROJECT_ROOT: C:\Users\0138018\.antigravity\mfgpro_controller
[2026-10-01 17:09:05] [INFO] ======================================================================
[2026-10-01 17:09:11] [INFO] SSH接続確立 (connected) [Tab 1]
[2026-10-01 17:09:11] [INFO] 自動ログイン: Tab 1 のMain Menu自動遷移シーケンスを開始
[2026-10-01 17:09:15] [INFO] 自動ログイン: Tab 1 Main Menu 着弾検知
[2026-10-01 17:17:10] [INFO] 入力欄クリック検知: 現在=InputField(row=19, cols=50..66)(左列=False) -> 宛先=InputField(row=19, cols=50..66)(左列=False), クリック列=48
[2026-10-01 17:17:17] [INFO] === QAD 99.7.1.1 受注入力自動化を開始します ===
[2026-10-01 17:17:17] [INFO] メインメニューまたはヘッダー画面から全工程 (Step 1〜6.3.0) を実行します。
[2026-10-01 17:17:17] [INFO] === QAD 99.7.1.1 受注入力自動化 全工程実行開始 ===
[2026-10-01 17:17:17] [INFO] Step 1: '99.7.1.1\r' 送信
[2026-10-01 17:17:17] [INFO] Step 1: Order番号自動採番 (空欄で F1 送信)
[2026-10-01 17:17:18] [INFO] Order ID を記録: SO199696
[2026-10-01 17:17:18] [INFO] Step 2: Sold-To '20000600' 送信
[2026-10-01 17:17:18] [INFO] Step 2: Sold-To 確定のため F1 送信
[2026-10-01 17:17:18] [INFO] Step 2: Bill-To '20000600' 送信
[2026-10-01 17:17:19] [INFO] Step 2: Ship-To '20000601' 送信
[2026-10-01 17:17:20] [INFO] Step 2: Order Dateからの一括貼り付けバッファ送信 (8 項目: Order Date〜Remarks)
[2026-10-01 17:17:21] [INFO] Step 2: F1 送信 (ヘッダー確定)
[2026-10-01 17:17:21] [INFO] 画面待機中 (Step 3: Tax ポップアップ または Salesperson画面): アクティブな警告/Space要求プロンプトを検知。Spaceキーを送信します。
[2026-10-01 17:17:22] [INFO] Step 3: F1 送信 (Tax スキップ)
[2026-10-01 17:17:22] [INFO] Step 4: F1 送信 (Salesperson スキップ)
[2026-10-01 17:17:23] [INFO] Step 5: F1 送信 (コメント本文エディタへ移動)
[2026-10-01 17:17:23] [INFO] Step 5: 案C実行 - 既定コメントの全クリア (F8: Clear送信)
[2026-10-01 17:17:24] [INFO] Step 5: 新規特記事項本文入力 (全 1 行)
[2026-10-01 17:17:24] [INFO] Step 5: F1 送信 (コメント本文確定)
[2026-10-01 17:17:24] [INFO] Step 5: F4 送信 (明細画面へ進む)
[2026-10-01 17:17:24] [INFO] Step 5: コメント画面残留検知 -> 再度 F4 送信
[2026-10-01 17:17:25] [INFO] === Step 6 受注明細行入力開始 (全 2 品番) ===
[2026-10-01 17:17:25] [INFO] --- [Line 1] 品番: BW0100D / 単価: 200 / 長さグループ: 1件 ---
[2026-10-01 17:17:25] [INFO] 6.1.0: Enter 送信 (Line 1 自動採番)
[2026-10-01 17:17:25] [INFO] 6.1.1: F1 送信 (Line 1 Create WO ポップアップスキップ)
[2026-10-01 17:17:26] [INFO] 6.1.3: 品番 'BW0100D' + F1 送信
[2026-10-01 17:17:27] [INFO] 6.1.3: Site 'CB2' + F1 送信
[2026-10-01 17:17:27] [INFO] 画面待機中 (6.1.4 Qty Ordered UM または スリット設定画面): アクティブな警告/Space要求プロンプトを検知。Spaceキーを送信します。
[2026-10-01 17:17:28] [INFO] 6.1.4: F1 送信 (Qty Ordered UM スキップ)
[2026-10-01 17:17:28] [INFO]   SL 1: 長さ '600'm (明細 1件) 開始
[2026-10-01 17:17:28] [INFO]   SL 1: F1 -> Enter -> Enter で Len(m) 欄へ移動
[2026-10-01 17:17:29] [INFO]   6.2.0: 長さ '600' + Enter 送信
[2026-10-01 17:17:30] [INFO]     Roll 1/1: 本数=1, 幅=200mm
[2026-10-01 17:17:31] [INFO]   6.2.1: F4 送信 (長さ '600'm ロール入力完了)
[2026-10-01 17:17:31] [INFO]   6.2.1: F1 送信 ('yes' 確定)
[2026-10-01 17:17:31] [INFO] 6.1.4: F4 送信 (品番 'BW0100D' 全スリット設定完了)
[2026-10-01 17:17:32] [INFO] 6.1.4: F1 送信 ('yes' 確定)
[2026-10-01 17:17:32] [INFO] 6.2.3: Orig Order Qty スキップ (F1)
[2026-10-01 17:17:33] [INFO] 6.2.3: F1 送信 (Pricing Date スキップ)
[2026-10-01 17:17:33] [INFO] 6.2.4: F1 送信 (List Price スキップ)
[2026-10-01 17:17:34] [INFO] 6.2.4: 単価 '200' + F1 送信 (単価確定)
[2026-10-01 17:17:34] [INFO] 6.2.4: 明細詳細枠 (Loc: / Sales Acct:) 検知 -> F1 送信でスキップ
[2026-10-01 17:17:35] [INFO] 6.2.5: F1 送信 (Tax スキップ)
[2026-10-01 17:17:35] [INFO] 6.2.5: F4 送信 (明細行 Transaction Comments 終了 -> Reason Code または 次画面へ)
[2026-10-01 17:17:36] [INFO] 6.2.5: Reason Code 検知 (65 -> 28 INTERNAL -> 28 INTERNAL + F1)
[2026-10-01 17:17:37] [INFO] --- [Line 2] 品番: BW0116Q3-2 / 単価: 200 / 長さグループ: 1件 ---
[2026-10-01 17:17:37] [INFO] 6.1.1: F1 送信 (Line 2 Create WO ポップアップスキップ)
[2026-10-01 17:17:37] [INFO] 6.1.3: 品番 'BW0116Q3-2' + F1 送信
[2026-10-01 17:17:38] [INFO] 6.1.3: Site 'CB2' + F1 送信
[2026-10-01 17:17:39] [INFO] 6.1.4: F1 送信 (Qty Ordered UM スキップ)
[2026-10-01 17:17:39] [INFO]   SL 1: 長さ '600'm (明細 1件) 開始
[2026-10-01 17:17:39] [INFO]   SL 1: F1 -> Enter -> Enter で Len(m) 欄へ移動
[2026-10-01 17:17:40] [INFO]   6.2.0: 長さ '600' + Enter 送信
[2026-10-01 17:17:41] [INFO]     Roll 1/1: 本数=1, 幅=200mm
[2026-10-01 17:17:42] [INFO]   6.2.1: F4 送信 (長さ '600'm ロール入力完了)
[2026-10-01 17:17:42] [INFO]   6.2.1: F1 送信 ('yes' 確定)
[2026-10-01 17:17:43] [INFO] 6.1.4: F4 送信 (品番 'BW0116Q3-2' 全スリット設定完了)
[2026-10-01 17:17:43] [INFO] 6.1.4: F1 送信 ('yes' 確定)
[2026-10-01 17:17:43] [INFO] 6.2.3: Orig Order Qty スキップ (F1)
[2026-10-01 17:17:44] [INFO] 6.2.3: F1 送信 (Pricing Date スキップ)
[2026-10-01 17:17:44] [INFO] 6.2.4: F1 送信 (List Price スキップ)
[2026-10-01 17:17:45] [INFO] 6.2.4: 単価 '200' + F1 送信 (単価確定)
[2026-10-01 17:17:45] [INFO] 6.2.4: 明細詳細枠 (Loc: / Sales Acct:) 検知 -> F1 送信でスキップ
[2026-10-01 17:17:46] [INFO] 6.2.5: F1 送信 (Tax スキップ)
[2026-10-01 17:17:46] [INFO] 6.2.5: F4 送信 (明細行 Transaction Comments 終了 -> Reason Code または 次画面へ)
[2026-10-01 17:17:47] [INFO] 6.2.5: Reason Code 検知 (65 -> 28 INTERNAL -> 28 INTERNAL + F1)
[2026-10-01 17:17:48] [INFO] 6.3.0: 次行 Create WO 解除 (F1)
[2026-10-01 17:17:48] [INFO] 6.3.0: F4 を送信して最終合計画面へ進みます
[2026-10-01 17:17:48] [INFO] 6.3.0: 次行 Create WO 解除 (F1)
[2026-10-01 17:17:50] [INFO] 6.3.0: 最終合計画面の表示を確認しました
[2026-10-01 17:17:50] [INFO] 6.3.0: 1回目の F1 送信 (下段フレームへ移動)
[2026-10-01 17:17:50] [INFO] 6.3.0: 2回目の F1 送信 (注文データ確定・コミット)
[2026-10-01 17:17:51] [INFO] 画面待機中 (受注完了・初期画面復帰): アクティブな警告/Space要求プロンプトを検知。Spaceキーを送信します。
[2026-10-01 17:17:51] [INFO] === QAD 99.7.1.1 受注入力自動化 全工程完了 (Order ID: SO199696) ===
[2026-10-01 17:17:51] [INFO] 受注登録完了通知: Order ID = SO199696
[2026-10-01 17:18:56] [INFO] レポート条件入力画面で F1 キーが押下されました。クエリ待機ステータスを開始します。
[2026-10-01 17:18:56] [INFO] キーコード送信: '\x1bOP'
[2026-10-01 17:18:57] [INFO] レポート条件入力画面で F1 キーが押下されました。クエリ待機ステータスを開始します。
[2026-10-01 17:18:57] [INFO] キーコード送信: '\x1bOP'
[2026-10-01 17:18:57] [INFO] レポート条件入力画面で F1 キーが押下されました。クエリ待機ステータスを開始します。
[2026-10-01 17:18:57] [INFO] キーコード送信: '\x1bOP'
[2026-10-01 17:18:58] [INFO] レポート条件入力画面で F1 キーが押下されました。クエリ待機ステータスを開始します。
[2026-10-01 17:18:58] [INFO] キーコード送信: '\x1bOP'
[2026-10-01 17:18:59] [INFO] レポート条件入力画面で F1 キーが押下されました。クエリ待機ステータスを開始します。
[2026-10-01 17:18:59] [INFO] キーコード送信: '\x1bOP'
[2026-10-01 17:19:02] [INFO] F5押下検知: F5キーシーケンス '\x1b[15~' をサーバーへ送信
[2026-10-01 17:19:09] [INFO] キーコード送信: '\x08'
[2026-10-01 17:19:22] [INFO] F4押下によりクエリ待機を解除しました
[2026-10-01 17:19:22] [INFO] キーコード送信: '\x1bOS'
[2026-10-01 18:45:47] [INFO] SSH切断 (closed, error=None) [Tab 1]
[2026-10-01 18:45:48] [INFO] SSH切断 (closed, error=None) [Tab 1]
[2026-10-01 18:46:22] [INFO] デモ注文Payloadを設定ファイルに保存しました: PO=test
[2026-10-01 18:47:00] [INFO] ======================================================================
[2026-10-01 18:47:00] [INFO] QAD Modern Terminal 起動 - 2026-10-01 18:47:00
[2026-10-01 18:47:00] [INFO] Python: 3.12.10 (tags/v3.12.10:0cc8128, Apr  8 2025, 12:21:36) [MSC v.1943 64 bit (AMD64)] | 実行パス: C:\Users\0138018\AppData\Local\Programs\Python\Python312\pythonw.exe
[2026-10-01 18:47:00] [INFO] PROJECT_ROOT: C:\Users\0138018\.antigravity\mfgpro_controller
[2026-10-01 18:47:00] [INFO] ======================================================================
[2026-10-01 18:47:05] [INFO] SSH接続確立 (connected) [Tab 1]
[2026-10-01 18:47:05] [INFO] 自動ログイン: Tab 1 のMain Menu自動遷移シーケンスを開始
[2026-10-01 18:47:09] [INFO] キーコード送信: '\x08'
[2026-10-01 18:47:12] [INFO] キーコード送信: '\x08'
[2026-10-01 18:47:12] [INFO] キーコード送信: '\x08'
[2026-10-01 18:47:13] [INFO] キーコード送信: '\x08'
[2026-10-01 18:47:17] [INFO] 自動ログイン: Tab 1 Main Menu 着弾検知
[2026-10-01 18:47:28] [INFO] デモ注文Payloadを設定ファイルに保存しました: PO=test
[2026-10-01 18:47:28] [INFO] === QAD 99.7.1.1 受注入力自動化を開始します ===
[2026-10-01 18:47:28] [INFO] メインメニューまたはヘッダー画面から全工程 (Step 1〜6.3.0) を実行します。
[2026-10-01 18:47:28] [INFO] === QAD 99.7.1.1 受注入力自動化 全工程実行開始 ===
[2026-10-01 18:47:28] [INFO] Step 1: '99.7.1.1\r' 送信
[2026-10-01 18:47:29] [INFO] Step 1: Order番号自動採番 (空欄で F1 送信)
[2026-10-01 18:47:29] [INFO] Order ID を記録: SO199708
[2026-10-01 18:47:29] [INFO] Step 2: Sold-To '20000600' 送信
[2026-10-01 18:47:29] [INFO] Step 2: Sold-To 確定のため F1 送信
[2026-10-01 18:47:30] [INFO] Step 2: Bill-To '20000600' 送信
[2026-10-01 18:47:31] [INFO] Step 2: Ship-To '20000601' 送信
[2026-10-01 18:47:32] [INFO] Step 2: Order Dateからの一括貼り付けバッファ送信 (8 項目: Order Date〜Remarks)
[2026-10-01 18:47:32] [INFO] Step 2: F1 送信 (ヘッダー確定)
[2026-10-01 18:47:33] [INFO] 画面待機中 (Step 3: Tax ポップアップ または Salesperson画面): アクティブな警告/Space要求プロンプトを検知。Spaceキーを送信します。
[2026-10-01 18:47:33] [INFO] Step 3: F1 送信 (Tax スキップ)
[2026-10-01 18:47:34] [INFO] Step 4: F1 送信 (Salesperson スキップ)
[2026-10-01 18:47:34] [INFO] Step 5: F1 送信 (コメント本文エディタへ移動)
[2026-10-01 18:47:35] [INFO] Step 5: 案C実行 - 既定コメントの全クリア (F8: Clear送信)
[2026-10-01 18:47:35] [INFO] Step 5: 新規特記事項本文入力 (全 1 行)
[2026-10-01 18:47:35] [INFO] Step 5: F1 送信 (コメント本文確定)
[2026-10-01 18:47:35] [INFO] Step 5: F4 送信 (明細画面へ進む)
[2026-10-01 18:47:36] [INFO] Step 5: コメント画面残留検知 -> 再度 F4 送信
[2026-10-01 18:47:36] [INFO] === Step 6 受注明細行入力開始 (全 2 品番) ===
[2026-10-01 18:47:36] [INFO] --- [Line 1] 品番: BW0100D / 単価: 200 / 長さグループ: 1件 ---
[2026-10-01 18:47:36] [INFO] 6.1.0: Enter 送信 (Line 1 自動採番)
[2026-10-01 18:47:37] [INFO] 6.1.1: F1 送信 (Line 1 Create WO ポップアップスキップ)
[2026-10-01 18:47:37] [INFO] 6.1.3: 品番 'BW0100D' + F1 送信
[2026-10-01 18:47:38] [INFO] 6.1.3: Site 'CB2' + F1 送信
[2026-10-01 18:47:39] [INFO] 画面待機中 (6.1.4 Qty Ordered UM または スリット設定画面): アクティブな警告/Space要求プロンプトを検知。Spaceキーを送信します。
[2026-10-01 18:47:39] [INFO] 6.1.4: F1 送信 (Qty Ordered UM スキップ)
[2026-10-01 18:47:39] [INFO]   SL 1: 長さ '600'm (明細 3件) 開始
[2026-10-01 18:47:39] [INFO]   SL 1: F1 -> Enter -> Enter で Len(m) 欄へ移動
[2026-10-01 18:47:40] [INFO]   6.2.0: 長さ '600' + Enter 送信
[2026-10-01 18:47:41] [INFO]     Roll 1/3: 本数=1, 幅=200mm
[2026-10-01 18:47:42] [INFO]     Roll 2/3: 本数=2, 幅=300mm
[2026-10-01 18:47:43] [INFO]     Roll 3/3: 本数=1, 幅=500mm
[2026-10-01 18:47:44] [INFO]   6.2.1: F4 送信 (長さ '600'm ロール入力完了)
[2026-10-01 18:47:44] [INFO]   6.2.1: F1 送信 ('yes' 確定)
[2026-10-01 18:47:45] [INFO] 6.1.4: F4 送信 (品番 'BW0100D' 全スリット設定完了)
[2026-10-01 18:47:45] [INFO] 6.1.4: F1 送信 ('yes' 確定)
[2026-10-01 18:47:46] [INFO] 6.2.3: Orig Order Qty スキップ (F1)
[2026-10-01 18:47:46] [INFO] 6.2.3: F1 送信 (Pricing Date スキップ)
[2026-10-01 18:47:46] [INFO] 6.2.4: F1 送信 (List Price スキップ)
[2026-10-01 18:47:47] [INFO] 6.2.4: 単価 '200' + F1 送信 (単価確定)
[2026-10-01 18:47:48] [INFO] 6.2.4: 明細詳細枠 (Loc: / Sales Acct:) 検知 -> F1 送信でスキップ
[2026-10-01 18:47:48] [INFO] 6.2.5: F1 送信 (Tax スキップ)
[2026-10-01 18:47:48] [INFO] 6.2.5: F4 送信 (明細行 Transaction Comments 終了 -> Reason Code または 次画面へ)
[2026-10-01 18:47:49] [INFO] 6.2.5: Reason Code 検知 (65 -> 28 INTERNAL -> 28 INTERNAL + F1)
[2026-10-01 18:47:50] [INFO] --- [Line 2] 品番: BW0116Q3-2 / 単価: 200 / 長さグループ: 1件 ---
[2026-10-01 18:47:50] [INFO] 6.1.1: F1 送信 (Line 2 Create WO ポップアップスキップ)
[2026-10-01 18:47:51] [INFO] 6.1.3: 品番 'BW0116Q3-2' + F1 送信
[2026-10-01 18:47:51] [INFO] 6.1.3: Site 'CB2' + F1 送信
[2026-10-01 18:47:52] [INFO] 6.1.4: F1 送信 (Qty Ordered UM スキップ)
[2026-10-01 18:47:53] [INFO]   SL 1: 長さ '600'm (明細 1件) 開始
[2026-10-01 18:47:53] [INFO]   SL 1: F1 -> Enter -> Enter で Len(m) 欄へ移動
[2026-10-01 18:47:54] [INFO]   6.2.0: 長さ '600' + Enter 送信
[2026-10-01 18:47:54] [INFO]     Roll 1/1: 本数=1, 幅=200mm
[2026-10-01 18:47:55] [INFO]   6.2.1: F4 送信 (長さ '600'm ロール入力完了)
[2026-10-01 18:47:56] [INFO]   6.2.1: F1 送信 ('yes' 確定)
[2026-10-01 18:47:56] [INFO] 6.1.4: F4 送信 (品番 'BW0116Q3-2' 全スリット設定完了)
[2026-10-01 18:47:56] [INFO] 6.1.4: F1 送信 ('yes' 確定)
[2026-10-01 18:47:57] [INFO] 6.2.3: Orig Order Qty スキップ (F1)
[2026-10-01 18:47:57] [INFO] 6.2.3: F1 送信 (Pricing Date スキップ)
[2026-10-01 18:47:58] [INFO] 6.2.4: F1 送信 (List Price スキップ)
[2026-10-01 18:47:58] [INFO] 6.2.4: 単価 '200' + F1 送信 (単価確定)
[2026-10-01 18:47:59] [INFO] 6.2.4: 明細詳細枠 (Loc: / Sales Acct:) 検知 -> F1 送信でスキップ
[2026-10-01 18:47:59] [INFO] 6.2.5: F1 送信 (Tax スキップ)
[2026-10-01 18:48:00] [INFO] 6.2.5: F4 送信 (明細行 Transaction Comments 終了 -> Reason Code または 次画面へ)
[2026-10-01 18:48:00] [INFO] 6.2.5: Reason Code 検知 (65 -> 28 INTERNAL -> 28 INTERNAL + F1)
[2026-10-01 18:48:01] [INFO] 6.3.0: 次行 Create WO 解除 (F1)
[2026-10-01 18:48:02] [INFO] 6.3.0: F4 を送信して最終合計画面へ進みます
[2026-10-01 18:48:02] [INFO] 6.3.0: 次行 Create WO 解除 (F1)
[2026-10-01 18:48:03] [INFO] 6.3.0: 最終合計画面の表示を確認しました
[2026-10-01 18:48:03] [INFO] 6.3.0: 1回目の F1 送信 (下段フレームへ移動)
[2026-10-01 18:48:04] [INFO] 6.3.0: 2回目の F1 送信 (注文データ確定・コミット)
[2026-10-01 18:48:04] [INFO] 画面待機中 (受注完了・初期画面復帰): アクティブな警告/Space要求プロンプトを検知。Spaceキーを送信します。
[2026-10-01 18:48:05] [INFO] === QAD 99.7.1.1 受注入力自動化 全工程完了 (Order ID: SO199708) ===
[2026-10-01 18:48:05] [INFO] 受注登録完了通知: Order ID = SO199708
[2026-10-01 18:48:17] [INFO] レポート条件入力画面で F1 キーが押下されました。クエリ待機ステータスを開始します。
[2026-10-01 18:48:17] [INFO] キーコード送信: '\x1bOP'
[2026-10-01 18:48:17] [INFO] レポート条件入力画面で F1 キーが押下されました。クエリ待機ステータスを開始します。
[2026-10-01 18:48:17] [INFO] キーコード送信: '\x1bOP'
[2026-10-01 18:48:18] [INFO] レポート条件入力画面で F1 キーが押下されました。クエリ待機ステータスを開始します。
[2026-10-01 18:48:18] [INFO] キーコード送信: '\x1bOP'
[2026-10-01 18:48:18] [INFO] レポート条件入力画面で F1 キーが押下されました。クエリ待機ステータスを開始します。
[2026-10-01 18:48:18] [INFO] キーコード送信: '\x1bOP'
[2026-10-01 18:48:19] [INFO] レポート条件入力画面で F1 キーが押下されました。クエリ待機ステータスを開始します。
[2026-10-01 18:48:19] [INFO] キーコード送信: '\x1bOP'
[2026-10-01 18:48:22] [INFO] F5押下検知: F5キーシーケンス '\x1b[15~' をサーバーへ送信
[2026-10-01 18:50:18] [INFO] F4押下によりクエリ待機を解除しました
[2026-10-01 18:50:18] [INFO] キーコード送信: '\x1bOS'
[2026-10-01 18:59:32] [INFO] === QAD 99.7.1.1 受注入力自動化を開始します ===
[2026-10-01 18:59:32] [INFO] メインメニューまたはヘッダー画面から全工程 (Step 1〜6.3.0) を実行します。
[2026-10-01 18:59:32] [INFO] === QAD 99.7.1.1 受注入力自動化 全工程実行開始 ===
[2026-10-01 18:59:32] [INFO] Step 1: '99.7.1.1\r' 送信
[2026-10-01 18:59:32] [INFO] Step 1: Order番号自動採番 (空欄で F1 送信)
[2026-10-01 18:59:33] [INFO] Order ID を記録: SO199709
[2026-10-01 18:59:33] [INFO] Step 2: Sold-To '20000600' 送信
[2026-10-01 18:59:33] [INFO] Step 2: Sold-To 確定のため F1 送信
[2026-10-01 18:59:33] [INFO] Step 2: Bill-To '20000600' 送信
[2026-10-01 18:59:34] [INFO] Step 2: Ship-To '20000601' 送信
[2026-10-01 18:59:35] [INFO] Step 2: Order Dateからの一括貼り付けバッファ送信 (8 項目: Order Date〜Remarks)
[2026-10-01 18:59:36] [INFO] Step 2: F1 送信 (ヘッダー確定)
[2026-10-01 18:59:36] [INFO] 画面待機中 (Step 3: Tax ポップアップ または Salesperson画面): アクティブな警告/Space要求プロンプトを検知。Spaceキーを送信します。
[2026-10-01 18:59:37] [INFO] Step 3: F1 送信 (Tax スキップ)
[2026-10-01 18:59:37] [INFO] Step 4: F1 送信 (Salesperson スキップ)
[2026-10-01 18:59:38] [INFO] Step 5: F1 送信 (コメント本文エディタへ移動)
[2026-10-01 18:59:38] [INFO] Step 5: 案C実行 - 既定コメントの全クリア (F8: Clear送信)
[2026-10-01 18:59:38] [INFO] Step 5: 新規特記事項本文入力 (全 1 行)
[2026-10-01 18:59:38] [INFO] Step 5: F1 送信 (コメント本文確定)
[2026-10-01 18:59:39] [INFO] Step 5: F4 送信 (明細画面へ進む)
[2026-10-01 18:59:39] [INFO] Step 5: コメント画面残留検知 -> 再度 F4 送信
[2026-10-01 18:59:39] [INFO] === Step 6 受注明細行入力開始 (全 2 品番) ===
[2026-10-01 18:59:39] [INFO] --- [Line 1] 品番: BW0100D / 単価: 200 / 長さグループ: 1件 ---
[2026-10-01 18:59:40] [INFO] 6.1.0: Enter 送信 (Line 1 自動採番)
[2026-10-01 18:59:40] [INFO] 6.1.1: F1 送信 (Line 1 Create WO ポップアップスキップ)
[2026-10-01 18:59:40] [INFO] 6.1.3: 品番 'BW0100D' + F1 送信
[2026-10-01 18:59:41] [INFO] 6.1.3: Site 'CB2' + F1 送信
[2026-10-01 18:59:42] [INFO] 画面待機中 (6.1.4 Qty Ordered UM または スリット設定画面): アクティブな警告/Space要求プロンプトを検知。Spaceキーを送信します。
[2026-10-01 18:59:42] [INFO] 6.1.4: F1 送信 (Qty Ordered UM スキップ)
[2026-10-01 18:59:43] [INFO]   SL 1: 長さ '600'm (明細 3件) 開始
[2026-10-01 18:59:43] [INFO]   SL 1: F1 -> Enter -> Enter で Len(m) 欄へ移動
[2026-10-01 18:59:44] [INFO]   6.2.0: 長さ '600' + Enter 送信
[2026-10-01 18:59:44] [INFO]     Roll 1/3: 本数=1, 幅=200mm
[2026-10-01 18:59:45] [INFO]     Roll 2/3: 本数=2, 幅=300mm
[2026-10-01 18:59:46] [INFO]     Roll 3/3: 本数=1, 幅=500mm
[2026-10-01 18:59:47] [INFO]   6.2.1: F4 送信 (長さ '600'm ロール入力完了)
[2026-10-01 18:59:48] [INFO]   6.2.1: F1 送信 ('yes' 確定)
[2026-10-01 18:59:48] [INFO] 6.1.4: F4 送信 (品番 'BW0100D' 全スリット設定完了)
[2026-10-01 18:59:49] [INFO] 6.1.4: F1 送信 ('yes' 確定)
[2026-10-01 18:59:49] [INFO] 6.2.3: Orig Order Qty スキップ (F1)
[2026-10-01 18:59:49] [INFO] 6.2.3: F1 送信 (Pricing Date スキップ)
[2026-10-01 18:59:50] [INFO] 6.2.4: F1 送信 (List Price スキップ)
[2026-10-01 18:59:50] [INFO] 6.2.4: 単価 '200' + F1 送信 (単価確定)
[2026-10-01 18:59:51] [INFO] 6.2.4: 明細詳細枠 (Loc: / Sales Acct:) 検知 -> F1 送信でスキップ
[2026-10-01 18:59:51] [INFO] 6.2.5: F1 送信 (Tax スキップ)
[2026-10-01 18:59:52] [INFO] 6.2.5: F4 送信 (明細行 Transaction Comments 終了 -> Reason Code または 次画面へ)
[2026-10-01 18:59:52] [INFO] 6.2.5: Reason Code 検知 (65 -> 28 INTERNAL -> 28 INTERNAL + F1)
[2026-10-01 18:59:53] [INFO] --- [Line 2] 品番: BW0116Q3-2 / 単価: 200 / 長さグループ: 1件 ---
[2026-10-01 18:59:54] [INFO] 6.1.1: F1 送信 (Line 2 Create WO ポップアップスキップ)
[2026-10-01 18:59:54] [INFO] 6.1.3: 品番 'BW0116Q3-2' + F1 送信
[2026-10-01 18:59:55] [INFO] 6.1.3: Site 'CB2' + F1 送信
[2026-10-01 18:59:56] [INFO] 6.1.4: F1 送信 (Qty Ordered UM スキップ)
[2026-10-01 18:59:56] [INFO]   SL 1: 長さ '600'm (明細 1件) 開始
[2026-10-01 18:59:56] [INFO]   SL 1: F1 -> Enter -> Enter で Len(m) 欄へ移動
[2026-10-01 18:59:57] [INFO]   6.2.0: 長さ '600' + Enter 送信
[2026-10-01 18:59:58] [INFO]     Roll 1/1: 本数=1, 幅=200mm
[2026-10-01 18:59:59] [INFO]   6.2.1: F4 送信 (長さ '600'm ロール入力完了)
[2026-10-01 18:59:59] [INFO]   6.2.1: F1 送信 ('yes' 確定)
[2026-10-01 18:59:59] [INFO] 6.1.4: F4 送信 (品番 'BW0116Q3-2' 全スリット設定完了)
[2026-10-01 19:00:00] [INFO] 6.1.4: F1 送信 ('yes' 確定)
[2026-10-01 19:00:00] [INFO] 6.2.3: Orig Order Qty スキップ (F1)
[2026-10-01 19:00:01] [INFO] 6.2.3: F1 送信 (Pricing Date スキップ)
[2026-10-01 19:00:01] [INFO] 6.2.4: F1 送信 (List Price スキップ)
[2026-10-01 19:00:02] [INFO] 6.2.4: 単価 '200' + F1 送信 (単価確定)
[2026-10-01 19:00:02] [INFO] 6.2.4: 明細詳細枠 (Loc: / Sales Acct:) 検知 -> F1 送信でスキップ
[2026-10-01 19:00:03] [INFO] 6.2.5: F1 送信 (Tax スキップ)
[2026-10-01 19:00:03] [INFO] 6.2.5: F4 送信 (明細行 Transaction Comments 終了 -> Reason Code または 次画面へ)
[2026-10-01 19:00:04] [INFO] 6.2.5: Reason Code 検知 (65 -> 28 INTERNAL -> 28 INTERNAL + F1)
[2026-10-01 19:00:05] [INFO] 6.3.0: 次行 Create WO 解除 (F1)
[2026-10-01 19:00:05] [INFO] 6.3.0: F4 を送信して最終合計画面へ進みます
[2026-10-01 19:00:05] [INFO] 6.3.0: 次行 Create WO 解除 (F1)
[2026-10-01 19:00:07] [INFO] 6.3.0: 最終合計画面の表示を確認しました
[2026-10-01 19:00:07] [INFO] 6.3.0: 1回目の F1 送信 (下段フレームへ移動)
[2026-10-01 19:00:08] [INFO] 6.3.0: 2回目の F1 送信 (注文データ確定・コミット)
[2026-10-01 19:00:08] [INFO] 画面待機中 (受注完了・初期画面復帰): アクティブな警告/Space要求プロンプトを検知。Spaceキーを送信します。
[2026-10-01 19:00:09] [INFO] === QAD 99.7.1.1 受注入力自動化 全工程完了 (Order ID: SO199709) ===
[2026-10-01 19:00:09] [INFO] 受注登録完了通知: Order ID = SO199709
[2026-10-01 19:00:31] [INFO] レポート条件入力画面で F1 キーが押下されました。クエリ待機ステータスを開始します。
[2026-10-01 19:00:31] [INFO] キーコード送信: '\x1bOP'
[2026-10-01 19:00:32] [INFO] レポート条件入力画面で F1 キーが押下されました。クエリ待機ステータスを開始します。
[2026-10-01 19:00:32] [INFO] キーコード送信: '\x1bOP'
[2026-10-01 19:00:32] [INFO] レポート条件入力画面で F1 キーが押下されました。クエリ待機ステータスを開始します。
[2026-10-01 19:00:32] [INFO] キーコード送信: '\x1bOP'
[2026-10-01 19:00:33] [INFO] レポート条件入力画面で F1 キーが押下されました。クエリ待機ステータスを開始します。
[2026-10-01 19:00:33] [INFO] キーコード送信: '\x1bOP'
[2026-10-01 19:00:33] [INFO] レポート条件入力画面で F1 キーが押下されました。クエリ待機ステータスを開始します。
[2026-10-01 19:00:33] [INFO] キーコード送信: '\x1bOP'
[2026-10-01 19:00:35] [INFO] F5押下検知: F5キーシーケンス '\x1b[15~' をサーバーへ送信
[2026-10-01 19:01:50] [INFO] F4押下によりクエリ待機を解除しました
[2026-10-01 19:01:50] [INFO] キーコード送信: '\x1bOS'
[2026-10-01 19:06:09] [INFO] === QAD 99.7.1.1 受注入力自動化を開始します ===
[2026-10-01 19:06:09] [INFO] メインメニューまたはヘッダー画面から全工程 (Step 1〜6.3.0) を実行します。
[2026-10-01 19:06:09] [INFO] === QAD 99.7.1.1 受注入力自動化 全工程実行開始 ===
[2026-10-01 19:06:09] [INFO] Step 1: '99.7.1.1\r' 送信
[2026-10-01 19:06:09] [INFO] Step 1: Order番号自動採番 (空欄で F1 送信)
[2026-10-01 19:06:10] [INFO] Order ID を記録: SO199711
[2026-10-01 19:06:10] [INFO] Step 2: Sold-To '20000600' 送信
[2026-10-01 19:06:10] [INFO] Step 2: Sold-To 確定のため F1 送信
[2026-10-01 19:06:10] [INFO] Step 2: Bill-To '20000600' 送信
[2026-10-01 19:06:11] [INFO] Step 2: Ship-To '20000601' 送信
[2026-10-01 19:06:12] [INFO] Step 2: Order Dateからの一括貼り付けバッファ送信 (8 項目: Order Date〜Remarks)
[2026-10-01 19:06:13] [INFO] Step 2: F1 送信 (ヘッダー確定)
[2026-10-01 19:06:13] [INFO] 画面待機中 (Step 3: Tax ポップアップ または Salesperson画面): アクティブな警告/Space要求プロンプトを検知。Spaceキーを送信します。
[2026-10-01 19:06:14] [INFO] Step 3: F1 送信 (Tax スキップ)
[2026-10-01 19:06:14] [INFO] Step 4: F1 送信 (Salesperson スキップ)
[2026-10-01 19:06:15] [INFO] Step 5: F1 送信 (コメント本文エディタへ移動)
[2026-10-01 19:06:15] [INFO] Step 5: 案C実行 - 既定コメントの全クリア (F8: Clear送信)
[2026-10-01 19:06:15] [INFO] Step 5: 新規特記事項本文入力 (全 1 行)
[2026-10-01 19:06:16] [INFO] Step 5: F1 送信 (コメント本文確定)
[2026-10-01 19:06:16] [INFO] Step 5: F4 送信 (明細画面へ進む)
[2026-10-01 19:06:16] [INFO] Step 5: コメント画面残留検知 -> 再度 F4 送信
[2026-10-01 19:06:17] [INFO] === Step 6 受注明細行入力開始 (全 2 品番) ===
[2026-10-01 19:06:17] [INFO] --- [Line 1] 品番: BW0100D / 単価: 200 / 長さグループ: 1件 ---
[2026-10-01 19:06:17] [INFO] 6.1.0: Enter 送信 (Line 1 自動採番)
[2026-10-01 19:06:17] [INFO] 6.1.1: F1 送信 (Line 1 Create WO ポップアップスキップ)
[2026-10-01 19:06:18] [INFO] 6.1.3: 品番 'BW0100D' + F1 送信
[2026-10-01 19:06:18] [INFO] 6.1.3: Site 'CB2' + F1 送信
[2026-10-01 19:06:19] [INFO] 画面待機中 (6.1.4 Qty Ordered UM または スリット設定画面): アクティブな警告/Space要求プロンプトを検知。Spaceキーを送信します。
[2026-10-01 19:06:19] [INFO] 6.1.4: F1 送信 (Qty Ordered UM スキップ)
[2026-10-01 19:06:20] [INFO]   SL 1: 長さ '600'm (明細 3件) 開始
[2026-10-01 19:06:20] [INFO]   SL 1: F1 -> Enter -> Enter で Len(m) 欄へ移動
[2026-10-01 19:06:21] [INFO]   6.2.0: 長さ '600' + Enter 送信
[2026-10-01 19:06:21] [INFO]     Roll 1/3: 本数=1, 幅=200mm
[2026-10-01 19:06:22] [INFO]     Roll 2/3: 本数=2, 幅=300mm
[2026-10-01 19:06:23] [INFO]     Roll 3/3: 本数=1, 幅=500mm
[2026-10-01 19:06:24] [INFO]   6.2.1: F4 送信 (長さ '600'm ロール入力完了)
[2026-10-01 19:06:25] [INFO]   6.2.1: F1 送信 ('yes' 確定)
[2026-10-01 19:06:25] [INFO] 6.1.4: F4 送信 (品番 'BW0100D' 全スリット設定完了)
[2026-10-01 19:06:26] [INFO] 6.1.4: F1 送信 ('yes' 確定)
[2026-10-01 19:06:26] [INFO] 6.2.3: Orig Order Qty スキップ (F1)
[2026-10-01 19:06:26] [INFO] 6.2.3: F1 送信 (Pricing Date スキップ)
[2026-10-01 19:06:27] [INFO] 6.2.4: F1 送信 (List Price スキップ)
[2026-10-01 19:06:27] [INFO] 6.2.4: 単価 '200' + F1 送信 (単価確定)
[2026-10-01 19:06:28] [INFO] 6.2.4: 明細詳細枠 (Loc: / Sales Acct:) 検知 -> F1 送信でスキップ
[2026-10-01 19:06:28] [INFO] 6.2.5: F1 送信 (Tax スキップ)
[2026-10-01 19:06:29] [INFO] 6.2.5: F4 送信 (明細行 Transaction Comments 終了 -> Reason Code または 次画面へ)
[2026-10-01 19:06:29] [INFO] 6.2.5: Reason Code 検知 (65 -> 28 INTERNAL -> 28 INTERNAL + F1)
[2026-10-01 19:06:31] [INFO] --- [Line 2] 品番: BW0116Q3-2 / 単価: 200 / 長さグループ: 1件 ---
[2026-10-01 19:06:31] [INFO] 6.1.1: F1 送信 (Line 2 Create WO ポップアップスキップ)
[2026-10-01 19:06:31] [INFO] 6.1.3: 品番 'BW0116Q3-2' + F1 送信
[2026-10-01 19:06:32] [INFO] 6.1.3: Site 'CB2' + F1 送信
[2026-10-01 19:06:33] [INFO] 6.1.4: F1 送信 (Qty Ordered UM スキップ)
[2026-10-01 19:06:33] [INFO]   SL 1: 長さ '600'm (明細 1件) 開始
[2026-10-01 19:06:33] [INFO]   SL 1: F1 -> Enter -> Enter で Len(m) 欄へ移動
[2026-10-01 19:06:34] [INFO]   6.2.0: 長さ '600' + Enter 送信
[2026-10-01 19:06:35] [INFO]     Roll 1/1: 本数=1, 幅=200mm
[2026-10-01 19:06:36] [INFO]   6.2.1: F4 送信 (長さ '600'm ロール入力完了)
[2026-10-01 19:06:36] [INFO]   6.2.1: F1 送信 ('yes' 確定)
[2026-10-01 19:06:36] [INFO] 6.1.4: F4 送信 (品番 'BW0116Q3-2' 全スリット設定完了)
[2026-10-01 19:06:37] [INFO] 6.1.4: F1 送信 ('yes' 確定)
[2026-10-01 19:06:37] [INFO] 6.2.3: Orig Order Qty スキップ (F1)
[2026-10-01 19:06:38] [INFO] 6.2.3: F1 送信 (Pricing Date スキップ)
[2026-10-01 19:06:38] [INFO] 6.2.4: F1 送信 (List Price スキップ)
[2026-10-01 19:06:38] [INFO] 6.2.4: 単価 '200' + F1 送信 (単価確定)
[2026-10-01 19:06:39] [INFO] 6.2.4: 明細詳細枠 (Loc: / Sales Acct:) 検知 -> F1 送信でスキップ
[2026-10-01 19:06:40] [INFO] 6.2.5: F1 送信 (Tax スキップ)
[2026-10-01 19:06:40] [INFO] 6.2.5: F4 送信 (明細行 Transaction Comments 終了 -> Reason Code または 次画面へ)
[2026-10-01 19:06:41] [INFO] 6.2.5: Reason Code 検知 (65 -> 28 INTERNAL -> 28 INTERNAL + F1)
[2026-10-01 19:06:42] [INFO] 6.3.0: 次行 Create WO 解除 (F1)
[2026-10-01 19:06:42] [INFO] 6.3.0: F4 を送信して最終合計画面へ進みます
[2026-10-01 19:06:42] [INFO] 6.3.0: 次行 Create WO 解除 (F1)
[2026-10-01 19:06:44] [INFO] 6.3.0: 最終合計画面の表示を確認しました
[2026-10-01 19:06:44] [INFO] 6.3.0: 1回目の F1 送信 (下段フレームへ移動)
[2026-10-01 19:06:45] [INFO] 6.3.0: 2回目の F1 送信 (注文データ確定・コミット)
[2026-10-01 19:06:46] [INFO] 画面待機中 (受注完了・初期画面復帰): アクティブな警告/Space要求プロンプトを検知。Spaceキーを送信します。
[2026-10-01 19:06:46] [INFO] === QAD 99.7.1.1 受注入力自動化 全工程完了 (Order ID: SO199711) ===
[2026-10-01 19:06:46] [INFO] 受注登録完了通知: Order ID = SO199711
[2026-10-01 19:06:51] [INFO] キーコード送信: '\x1bOS'
[2026-10-01 19:06:52] [INFO] 入力欄クリック検知: 現在=InputField(row=19, cols=50..66)(左列=False) -> 宛先=InputField(row=19, cols=50..66)(左列=False), クリック列=63
[2026-10-01 19:07:11] [INFO] 入力欄クリック検知: 現在=InputField(row=19, cols=50..66)(左列=False) -> 宛先=InputField(row=19, cols=50..66)(左列=False), クリック列=62
[2026-10-01 19:07:13] [INFO] キーコード送信: '\x1bOS'
[2026-10-01 19:07:14] [INFO] キーコード送信: '\x1bOS'
[2026-10-01 19:07:15] [INFO] キーコード送信: '\x1bOS'
[2026-10-01 19:07:15] [INFO] キーコード送信: '\x1bOP'
[2026-10-01 19:07:16] [INFO] キーコード送信: '\x1bOS'
[2026-10-01 19:07:17] [INFO] キーコード送信: '\x1bOS'
[2026-10-01 19:07:22] [INFO] キーコード送信: '\x08'
[2026-10-01 19:07:22] [INFO] キーコード送信: '\x08'
[2026-10-01 19:07:22] [INFO] キーコード送信: '\x08'
[2026-10-01 19:07:22] [INFO] キーコード送信: '\x08'
[2026-10-01 19:07:23] [INFO] キーコード送信: '\x08'
[2026-10-01 19:07:23] [INFO] キーコード送信: '\x08'
[2026-10-01 19:07:23] [INFO] キーコード送信: '\x08'
[2026-10-01 19:07:27] [INFO] レポート条件入力画面で F1 キーが押下されました。クエリ待機ステータスを開始します。
[2026-10-01 19:07:27] [INFO] キーコード送信: '\x1bOP'
[2026-10-01 19:07:27] [INFO] レポート条件入力画面で F1 キーが押下されました。クエリ待機ステータスを開始します。
[2026-10-01 19:07:27] [INFO] キーコード送信: '\x1bOP'
[2026-10-01 19:07:28] [INFO] レポート条件入力画面で F1 キーが押下されました。クエリ待機ステータスを開始します。
[2026-10-01 19:07:28] [INFO] キーコード送信: '\x1bOP'
[2026-10-01 19:07:28] [INFO] レポート条件入力画面で F1 キーが押下されました。クエリ待機ステータスを開始します。
[2026-10-01 19:07:28] [INFO] キーコード送信: '\x1bOP'
[2026-10-01 19:07:29] [INFO] レポート条件入力画面で F1 キーが押下されました。クエリ待機ステータスを開始します。
[2026-10-01 19:07:29] [INFO] キーコード送信: '\x1bOP'
[2026-10-01 19:07:34] [INFO] F5押下検知: F5キーシーケンス '\x1b[15~' をサーバーへ送信
[2026-10-01 20:02:23] [INFO] ======================================================================
[2026-10-01 20:02:23] [INFO] QAD Modern Terminal 起動 - 2026-10-01 20:02:23
[2026-10-01 20:02:23] [INFO] Python: 3.12.10 (tags/v3.12.10:0cc8128, Apr  8 2025, 12:21:36) [MSC v.1943 64 bit (AMD64)] | 実行パス: C:\Users\0138018\AppData\Local\Programs\Python\Python312\pythonw.exe
[2026-10-01 20:02:23] [INFO] PROJECT_ROOT: C:\Users\0138018\.antigravity\mfgpro_controller
[2026-10-01 20:02:23] [INFO] ======================================================================
[2026-10-01 20:02:29] [INFO] SSH接続確立 (connected) [Tab 1]
[2026-10-01 20:02:29] [INFO] 自動ログイン: Tab 1 のMain Menu自動遷移シーケンスを開始
[2026-10-01 20:02:33] [INFO] 自動ログイン: Tab 1 Main Menu 着弾検知
[2026-10-01 20:03:11] [INFO] 受注Sleep倍率を 84% に更新・保存しました。
[2026-10-01 20:03:17] [INFO] === QAD 99.7.1.1 受注入力自動化を開始します ===
[2026-10-01 20:03:17] [INFO] メインメニューまたはヘッダー画面から全工程 (Step 1〜6.3.0) を実行します。
[2026-10-01 20:03:17] [INFO] === QAD 99.7.1.1 受注入力自動化 全工程実行開始 ===
[2026-10-01 20:03:17] [INFO] Step 1: '99.7.1.1\r' 送信
[2026-10-01 20:03:17] [INFO] Step 1: Order番号自動採番 (空欄で F1 送信)
[2026-10-01 20:03:18] [INFO] Order ID を記録: SO199713
[2026-10-01 20:03:18] [INFO] Step 2: Sold-To '20000600' 送信
[2026-10-01 20:03:18] [INFO] Step 2: Sold-To 確定のため F1 送信
[2026-10-01 20:03:18] [INFO] Step 2: Bill-To '20000600' 送信
[2026-10-01 20:03:18] [INFO] 画面待機中 (Step 2: Bill-To 確定および住所枠展開待機): アクティブな警告/Space要求プロンプトを検知。Spaceキーを送信します。
[2026-10-01 20:03:18] [INFO] Step 2: Ship-To '20000601' 送信
[2026-10-01 20:03:19] [INFO] Step 2: Order Dateからの一括貼り付けバッファ送信 (8 項目: Order Date〜Remarks)
[2026-10-01 20:03:19] [INFO] Step 2: F1 送信 (ヘッダー確定)
[2026-10-01 20:03:25] [INFO] キーコード送信: '\x1bOS'
[2026-10-01 20:03:28] [INFO] キーコード送信: '\x1bOS'
[2026-10-01 20:03:30] [INFO] キーコード送信: '\x1bOS'
[2026-10-01 20:03:31] [ERROR] 受注入力自動化タイムアウト: 画面遷移待機タイムアウト (12.0秒): Step 3: Tax ポップアップ または Salesperson画面
現在の画面表示:
xxsosomt.p b+            99.7.1.1 Sales Order Maintenance             10/01/26                                                      
┌──────────────────────────────────────────────────────────────────────────────┐                                                    
│ Order: SO199713  Sold-To:           Bill To:           Ship-To:              │                                                    
└──────────────────────────────────────────────────────────────────────────────┘                                                    
┌────────────── Sold-To ───────────────┐┌────────────── Ship-To ───────────────┐                                                    
│                                      ││                                      │                                                    
│                                      ││                                      │                                                    
│                                      ││                                      │                                                    
│                                      ││                                      │                                                    
│                                      ││                                      │                                                    
└──────────────────────────────────────┘└──────────────────────────────────────┘                                                    
┌──────────────────────────────────────────────────────────────────────────────┐                                                    
│    Order Date:          Line Pricing: No       Confirmed: No                 │                                                    
│ Required Date:                Manual:           Currency:      Language:     │                                                    
│  Promise Date:                  Site:            Taxable: No                 │                                                    
│      Due Date:               Channel:                  Fixed Price: No       │                                                    
│  Perform Date:               Project:                 Credit Terms:          │                                                    
│  Pricing Date:                             Credit Terms Interest %:          │                                                    
│Purchase Order:                                             Reprice: No       │                                                    
│       Remarks:                                          Entered By:          │                                                    
└──────────────────────────────────────────────────────────────────────────────┘                                                    
                                                                                                                                    
                                                                                                                                    
F1=Go 2=Hlp 3=Ins 4=End 6=Mnu 7=Rcl 8=Clr 9=Prev 10=Next 11=Buf                                                                     
[2026-10-01 20:03:32] [INFO] レポート条件入力画面で F1 キーが押下されました。クエリ待機ステータスを開始します。
[2026-10-01 20:03:33] [INFO] キーコード送信: '\x1bOP'
[2026-10-01 20:03:33] [INFO] レポート条件入力画面で F1 キーが押下されました。クエリ待機ステータスを開始します。
[2026-10-01 20:03:33] [INFO] キーコード送信: '\x1bOP'
[2026-10-01 20:03:36] [INFO] F4押下によりクエリ待機を解除しました
[2026-10-01 20:03:36] [INFO] キーコード送信: '\x1bOS'
[2026-10-01 20:03:37] [INFO] キーコード送信: '\x1bOS'
[2026-10-01 20:03:52] [INFO] 受注Sleep倍率を 91% に更新・保存しました。
[2026-10-01 20:03:58] [INFO] === QAD 99.7.1.1 受注入力自動化を開始します ===
[2026-10-01 20:03:58] [INFO] メインメニューまたはヘッダー画面から全工程 (Step 1〜6.3.0) を実行します。
[2026-10-01 20:03:58] [INFO] === QAD 99.7.1.1 受注入力自動化 全工程実行開始 ===
[2026-10-01 20:03:58] [INFO] Step 1: '99.7.1.1\r' 送信
[2026-10-01 20:03:59] [INFO] Step 1: Order番号自動採番 (空欄で F1 送信)
[2026-10-01 20:03:59] [INFO] Order ID を記録: SO199714
[2026-10-01 20:03:59] [INFO] Step 2: Sold-To '20000600' 送信
[2026-10-01 20:03:59] [INFO] Step 2: Sold-To 確定のため F1 送信
[2026-10-01 20:04:00] [INFO] Step 2: Bill-To '20000600' 送信
[2026-10-01 20:04:00] [INFO] 画面待機中 (Step 2: Bill-To 確定および住所枠展開待機): アクティブな警告/Space要求プロンプトを検知。Spaceキーを送信します。
[2026-10-01 20:04:00] [INFO] Step 2: Ship-To '20000601' 送信
[2026-10-01 20:04:00] [INFO] Step 2: Order Dateからの一括貼り付けバッファ送信 (8 項目: Order Date〜Remarks)
[2026-10-01 20:04:01] [INFO] Step 2: F1 送信 (ヘッダー確定)
[2026-10-01 20:04:28] [INFO] ======================================================================
[2026-10-01 20:04:28] [INFO] QAD Modern Terminal 起動 - 2026-10-01 20:04:28
[2026-10-01 20:04:28] [INFO] Python: 3.12.10 (tags/v3.12.10:0cc8128, Apr  8 2025, 12:21:36) [MSC v.1943 64 bit (AMD64)] | 実行パス: C:\Users\0138018\AppData\Local\Programs\Python\Python312\pythonw.exe
[2026-10-01 20:04:28] [INFO] PROJECT_ROOT: C:\Users\0138018\.antigravity\mfgpro_controller
[2026-10-01 20:04:28] [INFO] ======================================================================
[2026-10-01 20:04:33] [INFO] SSH接続確立 (connected) [Tab 1]
[2026-10-01 20:04:33] [INFO] 自動ログイン: Tab 1 のMain Menu自動遷移シーケンスを開始
[2026-10-01 20:04:37] [INFO] 自動ログイン: Tab 1 Main Menu 着弾検知
[2026-10-01 20:04:58] [INFO] キーコード送信: '\x1bOS'
[2026-10-01 20:05:48] [INFO] 受注Sleep倍率を 100% に更新・保存しました。
[2026-10-01 20:05:52] [INFO] === QAD 99.7.1.1 受注入力自動化を開始します ===
[2026-10-01 20:05:52] [INFO] メインメニューまたはヘッダー画面から全工程 (Step 1〜6.3.0) を実行します。
[2026-10-01 20:05:52] [INFO] === QAD 99.7.1.1 受注入力自動化 全工程実行開始 ===
[2026-10-01 20:05:52] [INFO] Step 1: '99.7.1.1\r' 送信
[2026-10-01 20:05:53] [INFO] Step 1: Order番号自動採番 (空欄で F1 送信)
[2026-10-01 20:05:53] [INFO] Order ID を記録: SO199715
[2026-10-01 20:05:53] [INFO] Step 2: Sold-To '20000600' 送信
[2026-10-01 20:05:53] [INFO] Step 2: Sold-To 確定のため F1 送信
[2026-10-01 20:05:54] [INFO] Step 2: Bill-To '20000600' 送信
[2026-10-01 20:05:54] [INFO] Step 2: Ship-To '20000601' 送信
[2026-10-01 20:05:55] [INFO] Step 2: Order Dateからの一括貼り付けバッファ送信 (8 項目: Order Date〜Remarks)
[2026-10-01 20:05:55] [INFO] Step 2: F1 送信 (ヘッダー確定)
[2026-10-01 20:05:55] [INFO] 画面待機中 (Step 3: Tax ポップアップ または Salesperson画面): アクティブな警告/Space要求プロンプトを検知。Spaceキーを送信します。
[2026-10-01 20:05:56] [INFO] Step 3: F1 送信 (Tax スキップ)
[2026-10-01 20:05:56] [INFO] Step 4: F1 送信 (Salesperson スキップ)
[2026-10-01 20:05:57] [INFO] Step 5: F1 送信 (コメント本文エディタへ移動)
[2026-10-01 20:05:57] [INFO] Step 5: 案C実行 - 既定コメントの全クリア (F8: Clear送信)
[2026-10-01 20:05:57] [INFO] Step 5: 新規特記事項本文入力 (全 1 行)
[2026-10-01 20:05:57] [INFO] Step 5: F1 送信 (コメント本文確定)
[2026-10-01 20:05:57] [INFO] Step 5: F4 送信 (明細画面へ進む)
[2026-10-01 20:05:57] [INFO] Step 5: コメント画面残留検知 -> 再度 F4 送信
[2026-10-01 20:05:58] [INFO] Step 5: コメント画面残留検知 -> 再度 F4 送信
[2026-10-01 20:05:58] [INFO] === Step 6 受注明細行入力開始 (全 2 品番) ===
[2026-10-01 20:05:58] [INFO] --- [Line 1] 品番: BW0100D / 単価: 200 / 長さグループ: 1件 ---
[2026-10-01 20:05:58] [INFO] 6.1.0: Enter 送信 (Line 1 自動採番)
[2026-10-01 20:05:58] [INFO] 6.1.3: 品番 'BW0100D' + F1 送信
[2026-10-01 20:06:11] [ERROR] 受注入力自動化タイムアウト: 画面遷移待機タイムアウト (12.0秒): 6.1.3 Site ポップアップ (品番 'BW0100D' 確定後)
現在の画面表示:
xxsosomt.p b+            99.7.1.1 Sales Order Maintenance             10/01/26                                                      
┌──────────────────────────────────────────────────────────────────────────────┐                                                    
│ Sales Order: SO199715 Sold-To: 20000600 Ln Format S/M: Single                │                                                    
└──────────────────────────────────────────────────────────────────────────────┘                                                    
┌────────┌───────────────────────────────┐r Line ──────────────────────────────┐                                                    
│ Ln Item│Create WO: Y Rework: Y Exact: Y│ List Price Discount           Price │                                                    
│─── ────└───────────────────────────────┘─────────── ──────── ─────────────── │                                                    
│100                            0.0              0.00      0.0            0.00 │                                                    
└──────────────────────────────────────────────────────────────────────────────┘                                                    
┌──────────────────────────────────────────────────────────────────────────────┐                                                    
│Desc:                          Sales Acct:                                    │                                                    
│ Loc:           Site:           Disc Acct:                                    │                                                    
│       Cost:                    Confirmed: No    Credit Terms Int:            │                                                    
│ Lot/Serial:                     Required:              Ship Type:            │                                                    
│ Qty Allocated:                  Promised:          UM Conversion:            │                                                    
│    Qty Picked:                  Due Date:           Consume Fcst: No         │                                                    
│   Qty Shipped:              Perform Date:           Detail Alloc: No         │                                                    
│Qty to Invoice:              Pricing Date:                Taxable: No         │                                                    
│ Salesperson 1:                  Multiple: No        Freight List:            │                                                    
│  Commission 1:          Category:           Fixed Price: No   Comments: No   │                                                    
└──────────────────────────────────────────────────────────────────────────────┘                                                    
Category=Strat Hipo                                                                                                                 
                                                                                                                                    
F1=Go 2=Hlp 3=Ins 4=End 6=Mnu 7=Rcl 8=Clr 9=Prev 10=Next 11=Buf          Insert                                                     
[2026-10-01 20:06:24] [INFO] 受注Sleep倍率を 100% に更新・保存しました。
[2026-10-01 20:06:33] [INFO] キーコード送信: '\x1bOS'
[2026-10-01 20:06:34] [INFO] キーコード送信: '\x1bOS'
[2026-10-01 20:06:35] [INFO] キーコード送信: '\x1bOS'
[2026-10-01 20:06:35] [INFO] キーコード送信: '\x1bOS'
[2026-10-01 20:06:37] [INFO] レポート条件入力画面で F1 キーが押下されました。クエリ待機ステータスを開始します。
[2026-10-01 20:06:37] [INFO] キーコード送信: '\x1bOP'
[2026-10-01 20:06:37] [INFO] レポート条件入力画面で F1 キーが押下されました。クエリ待機ステータスを開始します。
[2026-10-01 20:06:37] [INFO] キーコード送信: '\x1bOP'
[2026-10-01 20:06:39] [INFO] F4押下によりクエリ待機を解除しました
[2026-10-01 20:06:39] [INFO] キーコード送信: '\x1bOS'
[2026-10-01 20:06:49] [INFO] レポート条件入力画面で F1 キーが押下されました。クエリ待機ステータスを開始します。
[2026-10-01 20:06:49] [INFO] キーコード送信: '\x1bOP'
[2026-10-01 20:06:50] [INFO] レポート条件入力画面で F1 キーが押下されました。クエリ待機ステータスを開始します。
[2026-10-01 20:06:50] [INFO] キーコード送信: '\x1bOP'
[2026-10-01 20:06:50] [INFO] レポート条件入力画面で F1 キーが押下されました。クエリ待機ステータスを開始します。
[2026-10-01 20:06:50] [INFO] キーコード送信: '\x1bOP'
[2026-10-01 20:06:51] [INFO] レポート条件入力画面で F1 キーが押下されました。クエリ待機ステータスを開始します。
[2026-10-01 20:06:51] [INFO] キーコード送信: '\x1bOP'
[2026-10-01 20:06:51] [INFO] レポート条件入力画面で F1 キーが押下されました。クエリ待機ステータスを開始します。
[2026-10-01 20:06:51] [INFO] キーコード送信: '\x1bOP'
[2026-10-01 20:06:53] [INFO] F5押下検知: F5キーシーケンス '\x1b[15~' をサーバーへ送信
[2026-10-01 20:07:04] [INFO] F4押下によりクエリ待機を解除しました
[2026-10-01 20:07:04] [INFO] キーコード送信: '\x1bOS'
[2026-10-01 20:07:23] [INFO] ======================================================================
[2026-10-01 20:07:23] [INFO] QAD Modern Terminal 起動 - 2026-10-01 20:07:23
[2026-10-01 20:07:23] [INFO] Python: 3.12.10 (tags/v3.12.10:0cc8128, Apr  8 2025, 12:21:36) [MSC v.1943 64 bit (AMD64)] | 実行パス: C:\Users\0138018\AppData\Local\Programs\Python\Python312\pythonw.exe
[2026-10-01 20:07:23] [INFO] PROJECT_ROOT: C:\Users\0138018\.antigravity\mfgpro_controller
[2026-10-01 20:07:23] [INFO] ======================================================================
[2026-10-01 20:07:28] [INFO] SSH接続確立 (connected) [Tab 1]
[2026-10-01 20:07:28] [INFO] 自動ログイン: Tab 1 のMain Menu自動遷移シーケンスを開始
[2026-10-01 20:07:32] [INFO] 自動ログイン: Tab 1 Main Menu 着弾検知
[2026-10-01 20:07:47] [INFO] === QAD 99.7.1.1 受注入力自動化を開始します ===
[2026-10-01 20:07:47] [INFO] メインメニューまたはヘッダー画面から全工程 (Step 1〜6.3.0) を実行します。
[2026-10-01 20:07:47] [INFO] === QAD 99.7.1.1 受注入力自動化 全工程実行開始 ===
[2026-10-01 20:07:47] [INFO] Step 1: '99.7.1.1\r' 送信
[2026-10-01 20:07:47] [INFO] Step 1: Order番号自動採番 (空欄で F1 送信)
[2026-10-01 20:07:48] [INFO] Order ID を記録: SO199716
[2026-10-01 20:07:48] [INFO] Step 2: Sold-To '20000600' 送信
[2026-10-01 20:07:48] [INFO] Step 2: Sold-To 確定のため F1 送信
[2026-10-01 20:07:48] [INFO] Step 2: Bill-To '20000600' 送信
[2026-10-01 20:07:48] [INFO] Step 2: Ship-To '20000601' 送信
[2026-10-01 20:07:49] [INFO] Step 2: Order Dateからの一括貼り付けバッファ送信 (8 項目: Order Date〜Remarks)
[2026-10-01 20:07:49] [INFO] Step 2: F1 送信 (ヘッダー確定)
[2026-10-01 20:07:50] [INFO] 画面待機中 (Step 3: Tax ポップアップ または Salesperson画面): アクティブな警告/Space要求プロンプトを検知。Spaceキーを送信します。
[2026-10-01 20:07:50] [INFO] Step 3: F1 送信 (Tax スキップ)
[2026-10-01 20:07:51] [INFO] Step 4: F1 送信 (Salesperson スキップ)
[2026-10-01 20:07:51] [INFO] Step 5: F1 送信 (コメント本文エディタへ移動)
[2026-10-01 20:07:51] [INFO] Step 5: 案C実行 - 既定コメントの全クリア (F8: Clear送信)
[2026-10-01 20:07:51] [INFO] Step 5: 新規特記事項本文入力 (全 1 行)
[2026-10-01 20:07:51] [INFO] Step 5: F1 送信 (コメント本文確定)
[2026-10-01 20:07:51] [INFO] Step 5: F4 送信 (明細画面へ進む)
[2026-10-01 20:07:52] [INFO] Step 5: コメント画面残留検知 -> 再度 F4 送信
[2026-10-01 20:07:52] [INFO] Step 5: コメント画面残留検知 -> 再度 F4 送信
[2026-10-01 20:07:52] [INFO] === Step 6 受注明細行入力開始 (全 2 品番) ===
[2026-10-01 20:07:52] [INFO] --- [Line 1] 品番: BW0100D / 単価: 200 / 長さグループ: 1件 ---
[2026-10-01 20:07:52] [INFO] 6.1.0: Enter 送信 (Line 1 自動採番)
[2026-10-01 20:07:52] [INFO] 6.1.3: 品番 'BW0100D' + F1 送信
[2026-10-01 20:08:05] [ERROR] 受注入力自動化タイムアウト: 画面遷移待機タイムアウト (12.0秒): 6.1.3 Site ポップアップ (品番 'BW0100D' 確定後)
現在の画面表示:
xxsosomt.p b+            99.7.1.1 Sales Order Maintenance             10/01/26                                                      
┌──────────────────────────────────────────────────────────────────────────────┐                                                    
│ Sales Order: SO199716 Sold-To: 20000600 Ln Format S/M: Single                │                                                    
└──────────────────────────────────────────────────────────────────────────────┘                                                    
┌────────┌───────────────────────────────┐r Line ──────────────────────────────┐                                                    
│ Ln Item│Create WO: Y Rework: Y Exact: Y│ List Price Discount           Price │                                                    
│─── ────└───────────────────────────────┘─────────── ──────── ─────────────── │                                                    
│100                            0.0              0.00      0.0            0.00 │                                                    
└──────────────────────────────────────────────────────────────────────────────┘                                                    
┌──────────────────────────────────────────────────────────────────────────────┐                                                    
│Desc:                          Sales Acct:                                    │                                                    
│ Loc:           Site:           Disc Acct:                                    │                                                    
│       Cost:                    Confirmed: No    Credit Terms Int:            │                                                    
│ Lot/Serial:                     Required:              Ship Type:            │                                                    
│ Qty Allocated:                  Promised:          UM Conversion:            │                                                    
│    Qty Picked:                  Due Date:           Consume Fcst: No         │                                                    
│   Qty Shipped:              Perform Date:           Detail Alloc: No         │                                                    
│Qty to Invoice:              Pricing Date:                Taxable: No         │                                                    
│ Salesperson 1:                  Multiple: No        Freight List:            │                                                    
│  Commission 1:          Category:           Fixed Price: No   Comments: No   │                                                    
└──────────────────────────────────────────────────────────────────────────────┘                                                    
Category=Strat Hipo                                                                                                                 
                                                                                                                                    
F1=Go 2=Hlp 3=Ins 4=End 6=Mnu 7=Rcl 8=Clr 9=Prev 10=Next 11=Buf          Insert                                                     
[2026-10-01 20:08:27] [INFO] キーコード送信: '\x1bOS'
[2026-10-01 20:08:29] [INFO] キーコード送信: '\x1bOS'
[2026-10-01 20:08:30] [INFO] レポート条件入力画面で F1 キーが押下されました。クエリ待機ステータスを開始します。
[2026-10-01 20:08:30] [INFO] キーコード送信: '\x1bOP'
[2026-10-01 20:08:34] [INFO] F4押下によりクエリ待機を解除しました
[2026-10-01 20:08:34] [INFO] キーコード送信: '\x1bOS'
[2026-10-01 20:08:35] [INFO] キーコード送信: '\x1bOS'
[2026-10-01 20:11:01] [INFO] キーコード送信: '\x1bOS'
[2026-10-01 20:11:01] [INFO] キーコード送信: '\x1bOS'
[2026-10-01 20:11:02] [INFO] キーコード送信: '\x1bOS'
[2026-10-01 20:11:03] [INFO] レポート条件入力画面で F1 キーが押下されました。クエリ待機ステータスを開始します。
[2026-10-01 20:11:03] [INFO] キーコード送信: '\x1bOP'
[2026-10-01 20:11:04] [INFO] レポート条件入力画面で F1 キーが押下されました。クエリ待機ステータスを開始します。
[2026-10-01 20:11:04] [INFO] キーコード送信: '\x1bOP'
[2026-10-01 20:11:05] [INFO] F4押下によりクエリ待機を解除しました
[2026-10-01 20:11:05] [INFO] キーコード送信: '\x1bOS'
[2026-10-01 20:11:17] [INFO] レポート条件入力画面で F1 キーが押下されました。クエリ待機ステータスを開始します。
[2026-10-01 20:11:17] [INFO] キーコード送信: '\x1bOP'
[2026-10-01 20:11:17] [INFO] レポート条件入力画面で F1 キーが押下されました。クエリ待機ステータスを開始します。
[2026-10-01 20:11:17] [INFO] キーコード送信: '\x1bOP'
[2026-10-01 20:11:17] [INFO] レポート条件入力画面で F1 キーが押下されました。クエリ待機ステータスを開始します。
[2026-10-01 20:11:17] [INFO] キーコード送信: '\x1bOP'
[2026-10-01 20:11:18] [INFO] レポート条件入力画面で F1 キーが押下されました。クエリ待機ステータスを開始します。
[2026-10-01 20:11:18] [INFO] キーコード送信: '\x1bOP'
[2026-10-01 20:11:18] [INFO] レポート条件入力画面で F1 キーが押下されました。クエリ待機ステータスを開始します。
[2026-10-01 20:11:18] [INFO] キーコード送信: '\x1bOP'
[2026-10-01 20:11:19] [INFO] レポート条件入力画面で F1 キーが押下されました。クエリ待機ステータスを開始します。
[2026-10-01 20:11:19] [INFO] キーコード送信: '\x1bOP'
[2026-10-01 20:11:20] [INFO] F4押下によりクエリ待機を解除しました
[2026-10-01 20:11:20] [INFO] キーコード送信: '\x1bOS'
[2026-10-01 20:11:24] [INFO] F5押下検知: F5キーシーケンス '\x1b[15~' をサーバーへ送信
[2026-10-01 20:11:29] [INFO] キーコード送信: '\x1bOS'
[2026-10-01 22:34:59] [INFO] ======================================================================
[2026-10-01 22:34:59] [INFO] QAD Modern Terminal 起動 - 2026-10-01 22:34:59
[2026-10-01 22:34:59] [INFO] Python: 3.12.10 (tags/v3.12.10:0cc8128, Apr  8 2025, 12:21:36) [MSC v.1943 64 bit (AMD64)] | 実行パス: C:\Users\0138018\AppData\Local\Programs\Python\Python312\pythonw.exe
[2026-10-01 22:34:59] [INFO] PROJECT_ROOT: C:\Users\0138018\.antigravity\mfgpro_controller
[2026-10-01 22:34:59] [INFO] ======================================================================
[2026-10-01 22:35:06] [INFO] SSH接続確立 (connected) [Tab 1]
[2026-10-01 22:35:06] [INFO] 自動ログイン: Tab 1 のMain Menu自動遷移シーケンスを開始
[2026-10-01 22:35:09] [INFO] 自動ログイン: Tab 1 Main Menu 着弾検知
[2026-10-01 22:35:31] [INFO] === QAD 99.7.1.1 受注入力自動化を開始します ===
[2026-10-01 22:35:31] [INFO] メインメニューまたはヘッダー画面から全工程 (Step 1〜6.3.0) を実行します。
[2026-10-01 22:35:31] [INFO] === QAD 99.7.1.1 受注入力自動化 全工程実行開始 ===
[2026-10-01 22:35:31] [INFO] Step 1: '99.7.1.1\r' 送信
[2026-10-01 22:35:32] [INFO] Step 1: Order番号自動採番 (空欄で F1 送信)
[2026-10-01 22:35:32] [INFO] Order ID を記録: SO199717
[2026-10-01 22:35:32] [INFO] Step 2: Sold-To '20000600' 送信
[2026-10-01 22:35:33] [INFO] Step 2: Sold-To 確定のため F1 送信
[2026-10-01 22:35:34] [INFO] Step 2: Bill-To '20000600' 送信
[2026-10-01 22:35:34] [INFO] Step 2: Ship-To '20000601' 送信
[2026-10-01 22:35:35] [INFO] Step 2: Order Dateからの一括貼り付けバッファ送信 (8 項目: Order Date〜Remarks)
[2026-10-01 22:35:36] [INFO] Step 2: F1 送信 (ヘッダー確定)
[2026-10-01 22:35:37] [INFO] 画面待機中 (Step 3: Tax ポップアップ または Salesperson画面): アクティブな警告/Space要求プロンプトを検知。Spaceキーを送信します。
[2026-10-01 22:35:37] [INFO] Step 3: F1 送信 (Tax スキップ)
[2026-10-01 22:35:38] [INFO] Step 4: F1 送信 (Salesperson スキップ)
[2026-10-01 22:35:39] [INFO] Step 5: F1 送信 (コメント本文エディタへ移動)
[2026-10-01 22:35:40] [INFO] Step 5: 案C実行 - 既定コメントの全クリア (F8: Clear送信)
[2026-10-01 22:35:40] [INFO] Step 5: 新規特記事項本文入力 (全 1 行)
[2026-10-01 22:35:41] [INFO] Step 5: F1 送信 (コメント本文確定)
[2026-10-01 22:35:42] [INFO] Step 5: 'Print On Quote:' 検知 -> F1 送信で確定
[2026-10-01 22:35:42] [INFO] Step 5: F4 送信 (明細画面へ進む)
[2026-10-01 22:35:43] [INFO] === Step 6 受注明細行入力開始 (全 2 品番) ===
[2026-10-01 22:35:43] [INFO] --- [Line 1] 品番: BW0100D / 単価: 200 / 長さグループ: 1件 ---
[2026-10-01 22:35:43] [INFO] 6.1.0: Enter 送信 (Line 1 自動採番)
[2026-10-01 22:35:44] [INFO] 6.1.1: F1 送信 (Line 1 Create WO ポップアップ解除)
[2026-10-01 22:35:45] [INFO] 6.1.3: 品番 'BW0100D' 送信
[2026-10-01 22:35:45] [INFO] 6.1.3: F1 送信 (品番確定)
[2026-10-01 22:35:46] [INFO] 6.1.3: Site 'CB2' + F1 送信
[2026-10-01 22:35:47] [INFO] 画面待機中 (6.1.4 Qty Ordered UM または スリット設定画面): アクティブな警告/Space要求プロンプトを検知。Spaceキーを送信します。
[2026-10-01 22:35:48] [INFO] 6.1.4: F1 送信 (Qty Ordered UM スキップ)
[2026-10-01 22:35:48] [INFO]   SL 1: 長さ '600'm (明細 3件) 開始
[2026-10-01 22:35:48] [INFO]   SL 1: F1 -> Enter -> Enter で Len(m) 欄へ移動
[2026-10-01 22:35:50] [INFO]   6.2.0: 長さ '600' + Enter 送信
[2026-10-01 22:35:51] [INFO]     Roll 1/3: 本数=1, 幅=200mm
[2026-10-01 22:35:52] [INFO]     Roll 2/3: 本数=2, 幅=300mm
[2026-10-01 22:35:54] [INFO]     Roll 3/3: 本数=1, 幅=500mm
[2026-10-01 22:35:57] [INFO]   6.2.1: F4 送信 (長さ '600'm ロール入力完了)
[2026-10-01 22:35:57] [INFO]   6.2.1: F1 送信 ('yes' 確定)
[2026-10-01 22:35:58] [INFO] 6.1.4: F4 送信 (品番 'BW0100D' 全スリット設定完了)
[2026-10-01 22:35:59] [INFO] 6.1.4: F1 送信 ('yes' 確定)
[2026-10-01 22:35:59] [INFO] 6.2.3: Orig Order Qty スキップ (F1)
[2026-10-01 22:36:00] [INFO] 6.2.3: F1 送信 (Pricing Date スキップ)
[2026-10-01 22:36:01] [INFO] 6.2.4: F1 送信 (List Price スキップ)
[2026-10-01 22:36:01] [INFO] 6.2.4: 単価 '200' + F1 送信 (単価確定)
[2026-10-01 22:36:03] [INFO] 6.2.4: 明細詳細枠 (Loc: / Sales Acct:) 検知 -> F1 送信でスキップ
[2026-10-01 22:36:04] [INFO] 6.2.5: F1 送信 (Tax スキップ)
[2026-10-01 22:36:04] [INFO] 6.2.5: F4 送信 (明細行 Transaction Comments 終了 -> Reason Code または 次画面へ)
[2026-10-01 22:36:05] [INFO] 6.2.5: Reason Code 検知 (65 -> 28 INTERNAL -> 28 INTERNAL + F1)
[2026-10-01 22:36:08] [INFO] --- [Line 2] 品番: BW0116Q3-2 / 単価: 200 / 長さグループ: 1件 ---
[2026-10-01 22:36:08] [INFO] 6.1.1: F1 送信 (Line 2 Create WO ポップアップ解除)
[2026-10-01 22:36:09] [INFO] 6.1.3: 品番 'BW0116Q3-2' 送信
[2026-10-01 22:36:10] [INFO] 6.1.3: F1 送信 (品番確定)
[2026-10-01 22:36:10] [INFO] 6.1.3: Site 'CB2' + F1 送信
[2026-10-01 22:36:12] [INFO] 画面待機中 (6.1.4 Qty Ordered UM または スリット設定画面): アクティブな警告/Space要求プロンプトを検知。Spaceキーを送信します。
[2026-10-01 22:36:12] [INFO] 6.1.4: F1 送信 (Qty Ordered UM スキップ)
[2026-10-01 22:36:13] [INFO]   SL 1: 長さ '600'm (明細 1件) 開始
[2026-10-01 22:36:13] [INFO]   SL 1: F1 -> Enter -> Enter で Len(m) 欄へ移動
[2026-10-01 22:36:15] [INFO]   6.2.0: 長さ '600' + Enter 送信
[2026-10-01 22:36:15] [INFO]     Roll 1/1: 本数=1, 幅=200mm
[2026-10-01 22:36:17] [INFO]   6.2.1: F4 送信 (長さ '600'm ロール入力完了)
[2026-10-01 22:36:18] [INFO]   6.2.1: F1 送信 ('yes' 確定)
[2026-10-01 22:36:19] [INFO] 6.1.4: F4 送信 (品番 'BW0116Q3-2' 全スリット設定完了)
[2026-10-01 22:36:19] [INFO] 6.1.4: F1 送信 ('yes' 確定)
[2026-10-01 22:36:20] [INFO] 6.2.3: Orig Order Qty スキップ (F1)
[2026-10-01 22:36:21] [INFO] 6.2.3: F1 送信 (Pricing Date スキップ)
[2026-10-01 22:36:22] [INFO] 6.2.4: F1 送信 (List Price スキップ)
[2026-10-01 22:36:23] [INFO] 6.2.4: 単価 '200' + F1 送信 (単価確定)
[2026-10-01 22:36:24] [INFO] 6.2.4: 明細詳細枠 (Loc: / Sales Acct:) 検知 -> F1 送信でスキップ
[2026-10-01 22:36:24] [INFO] 6.2.5: F1 送信 (Tax スキップ)
[2026-10-01 22:36:25] [INFO] 6.2.5: F4 送信 (明細行 Transaction Comments 終了 -> Reason Code または 次画面へ)
[2026-10-01 22:36:26] [INFO] 6.2.5: Reason Code 検知 (65 -> 28 INTERNAL -> 28 INTERNAL + F1)
[2026-10-01 22:36:28] [INFO] 6.3.0: 次行 Create WO 解除 (F1)
[2026-10-01 22:36:29] [INFO] 6.3.0: F4 を送信して最終合計画面へ進みます
[2026-10-01 22:36:31] [INFO] 6.3.0: 最終合計画面の表示を確認しました
[2026-10-01 22:36:31] [INFO] 6.3.0: 1回目の F1 送信 (下段フレームへ移動)
[2026-10-01 22:36:31] [INFO] 6.3.0: 2回目の F1 送信 (注文データ確定・コミット)
[2026-10-01 22:36:34] [INFO] 画面待機中 (受注完了・初期画面復帰): アクティブな警告/Space要求プロンプトを検知。Spaceキーを送信します。
[2026-10-01 22:36:34] [INFO] === QAD 99.7.1.1 受注入力自動化 全工程完了 (Order ID: SO199717) ===
[2026-10-01 22:36:34] [INFO] 受注登録完了通知: Order ID = SO199717
[2026-10-01 22:41:25] [INFO] レポート条件入力画面で F1 キーが押下されました。クエリ待機ステータスを開始します。
[2026-10-01 22:41:25] [INFO] キーコード送信: '\x1bOP'
[2026-10-01 22:41:26] [INFO] レポート条件入力画面で F1 キーが押下されました。クエリ待機ステータスを開始します。
[2026-10-01 22:41:26] [INFO] キーコード送信: '\x1bOP'
[2026-10-01 22:41:26] [INFO] レポート条件入力画面で F1 キーが押下されました。クエリ待機ステータスを開始します。
[2026-10-01 22:41:26] [INFO] キーコード送信: '\x1bOP'
[2026-10-01 22:41:27] [INFO] レポート条件入力画面で F1 キーが押下されました。クエリ待機ステータスを開始します。
[2026-10-01 22:41:27] [INFO] キーコード送信: '\x1bOP'
[2026-10-01 22:41:27] [INFO] レポート条件入力画面で F1 キーが押下されました。クエリ待機ステータスを開始します。
[2026-10-01 22:41:27] [INFO] キーコード送信: '\x1bOP'
[2026-10-01 22:41:30] [INFO] F5押下検知: F5キーシーケンス '\x1b[15~' をサーバーへ送信
[2026-10-01 22:59:07] [INFO] ======================================================================
[2026-10-01 22:59:07] [INFO] QAD Modern Terminal 起動 - 2026-10-01 22:59:07
[2026-10-01 22:59:07] [INFO] Python: 3.12.10 (tags/v3.12.10:0cc8128, Apr  8 2025, 12:21:36) [MSC v.1943 64 bit (AMD64)] | 実行パス: C:\Users\0138018\AppData\Local\Programs\Python\Python312\pythonw.exe
[2026-10-01 22:59:07] [INFO] PROJECT_ROOT: C:\Users\0138018\.antigravity\mfgpro_controller
[2026-10-01 22:59:07] [INFO] ======================================================================
[2026-10-01 22:59:13] [INFO] SSH接続確立 (connected) [Tab 1]
[2026-10-01 22:59:13] [INFO] 自動ログイン: Tab 1 のMain Menu自動遷移シーケンスを開始
[2026-10-01 22:59:16] [INFO] 自動ログイン: Tab 1 Main Menu 着弾検知
[2026-10-01 22:59:27] [INFO] === QAD 99.7.1.1 受注入力自動化を開始します ===
[2026-10-01 22:59:27] [INFO] メインメニューまたはヘッダー画面から全工程 (Step 1〜6.3.0) を実行します。
[2026-10-01 22:59:27] [INFO] === QAD 99.7.1.1 受注入力自動化 全工程実行開始 ===
[2026-10-01 22:59:27] [INFO] Step 1: '99.7.1.1\r' 送信
[2026-10-01 22:59:28] [INFO] Step 1: Order番号自動採番 (空欄で F1 送信)
[2026-10-01 22:59:28] [INFO] Order ID を記録: SO199718
[2026-10-01 22:59:28] [INFO] Step 2: Sold-To '20000600' 送信
[2026-10-01 22:59:28] [INFO] Step 2: Sold-To 確定のため F1 送信
[2026-10-01 22:59:29] [INFO] Step 2: Bill-To '20000600' 送信
[2026-10-01 22:59:29] [INFO] Step 2: Ship-To '20000601' 送信
[2026-10-01 22:59:30] [INFO] Step 2: Order Dateからの一括貼り付けバッファ送信 (8 項目: Order Date〜Remarks)
[2026-10-01 22:59:30] [INFO] Step 2: F1 送信 (ヘッダー確定)
[2026-10-01 22:59:31] [INFO] 画面待機中 (Step 3: Tax ポップアップ または Salesperson画面): アクティブな警告/Space要求プロンプトを検知。Spaceキーを送信します。
[2026-10-01 22:59:31] [INFO] Step 3: F1 送信 (Tax スキップ)
[2026-10-01 22:59:32] [INFO] Step 4: F1 送信 (Salesperson スキップ)
[2026-10-01 22:59:32] [INFO] Step 5: F1 送信 (コメント本文エディタへ移動)
[2026-10-01 22:59:32] [INFO] Step 5: 案C実行 - 既定コメントの全クリア (F8: Clear送信)
[2026-10-01 22:59:33] [INFO] Step 5: 新規特記事項本文入力 (全 1 行)
[2026-10-01 22:59:33] [INFO] Step 5: F1 送信 (コメント本文確定)
[2026-10-01 22:59:33] [INFO] Step 5: F4 送信 (明細画面へ進む)
[2026-10-01 22:59:33] [INFO] Step 5: コメント画面残留検知 -> 再度 F4 送信
[2026-10-01 22:59:34] [INFO] === Step 6 受注明細行入力開始 (全 2 品番) ===
[2026-10-01 22:59:34] [INFO] --- [Line 1] 品番: BW0100D / 単価: 200 / 長さグループ: 1件 ---
[2026-10-01 22:59:34] [INFO] 6.1.0: Enter 送信 (Line 1 自動採番)
[2026-10-01 22:59:34] [INFO] 6.1.1: F1 送信 (Line 1 Create WO ポップアップ解除)
[2026-10-01 22:59:35] [INFO] 6.1.3: 品番 'BW0100D' 送信
[2026-10-01 22:59:35] [INFO] 6.1.3: F1 送信 (品番確定)
[2026-10-01 22:59:36] [INFO] 6.1.3: Site 'CB2' + F1 送信
[2026-10-01 22:59:36] [INFO] 画面待機中 (6.1.4 Qty Ordered UM または スリット設定画面): アクティブな警告/Space要求プロンプトを検知。Spaceキーを送信します。
[2026-10-01 22:59:37] [INFO] 6.1.4: F1 送信 (Qty Ordered UM スキップ)
[2026-10-01 22:59:37] [INFO]   SL 1: 長さ '600'm (明細 3件) 開始
[2026-10-01 22:59:37] [INFO]   SL 1: F1 -> Enter -> Enter で Len(m) 欄へ移動
[2026-10-01 22:59:37] [INFO]   6.2.0: 長さ '600' + Enter 送信
[2026-10-01 22:59:38] [INFO]     Roll 1/3: 本数=1, 幅=200mm
[2026-10-01 22:59:38] [INFO]     Roll 2/3: 本数=2, 幅=300mm
[2026-10-01 22:59:38] [INFO]     Roll 3/3: 本数=1, 幅=500mm
[2026-10-01 22:59:39] [INFO]   6.2.1: F4 送信 (長さ '600'm ロール入力完了)
[2026-10-01 22:59:39] [INFO]   6.2.1: F1 送信 ('yes' 確定)
[2026-10-01 22:59:39] [INFO] 6.1.4: F4 送信 (品番 'BW0100D' 全スリット設定完了)
[2026-10-01 22:59:40] [INFO] 6.1.4: F1 送信 ('yes' 確定)
[2026-10-01 22:59:40] [INFO] 6.2.3: Orig Order Qty スキップ (F1)
[2026-10-01 22:59:41] [INFO] 6.2.3: F1 送信 (Pricing Date スキップ)
[2026-10-01 22:59:41] [INFO] 6.2.4: F1 送信 (List Price スキップ)
[2026-10-01 22:59:41] [INFO] 6.2.4: 単価 '200' + F1 送信 (単価確定)
[2026-10-01 22:59:42] [INFO] 6.2.4: 明細詳細枠 (Loc: / Sales Acct:) 検知 -> F1 送信でスキップ
[2026-10-01 22:59:42] [INFO] 6.2.5: F1 送信 (Tax スキップ)
[2026-10-01 22:59:42] [INFO] 6.2.5: F4 送信 (明細行 Transaction Comments 終了 -> Reason Code または 次画面へ)
[2026-10-01 22:59:43] [INFO] --- [Line 2] 品番: BW0116Q3-2 / 単価: 200 / 長さグループ: 1件 ---
[2026-10-01 22:59:43] [INFO] 6.1.0: Enter 送信 (Line 2 自動採番)
[2026-10-01 22:59:55] [ERROR] 受注入力自動化タイムアウト: 画面遷移待機タイムアウト (12.0秒): 6.1.1 MFG/PRO応答待機 (Line 2 Create WO または 明細行展開)
現在の画面表示:
xxsosomt.p b+            99.7.1.1 Sales Order Maintenance             10/01/26                                                      
┌──────────────────────────────────────────────────────────────────────────────┐                                                    
│ Sales Order: SO199718 Sold-To: 20000600 Ln Format S/M: Single                │                                                    
└──────────────────────────────────────────────────────────────────────────────┘                                                    
┌────────────────────────────── Sales Order Line ──────────────────────────────┐                                                    
│ Ln Item Number        Qty Ordered UM     List Price Discount           Price │                                                    
│─── ────────────────── ─────────── ── ────────────── ──────── ─────────────── │                                                    
│  1 BW0100D                  780.0 M2          77.00  -159.74          200.00 │                                                    
└──────────────────────────────────────────────────────────────────────────────┘                                                    
┌──────Reason Code───────┐                                                                                                          
│    List Price:         │                                                                                                          
│  Request Date:         │                                                                                                          
│  Promise Date:         │                                                                                                          
└────────────────────────┘                                                                                                          
                                                                                                                                    
                                                                                                                                    
                                                                                                                                    
                                                                                                                                    
                                                                                                                                    
                                                                                                                                    
                                                                                                                                    
                                                                                                                                    
                                                                                                                                    
F1=Go 2=Help 3=Ins 4=End 6=Menu 7=Rcl 8=Clr 11=Paste                                                                                
[2026-10-01 23:00:03] [INFO] 入力欄クリック検知: 現在=InputField(row=11, cols=17..25)(左列=True) -> 宛先=InputField(row=11, cols=17..25)(左列=True), クリック列=17
[2026-10-01 23:31:20] [INFO] レポート条件入力画面で F1 キーが押下されました。クエリ待機ステータスを開始します。
[2026-10-01 23:31:20] [INFO] キーコード送信: '\x1bOP'
[2026-10-01 23:31:27] [INFO] F4押下によりクエリ待機を解除しました
[2026-10-01 23:31:27] [INFO] キーコード送信: '\x1bOS'
[2026-10-01 23:31:28] [INFO] キーコード送信: '\x1bOS'
[2026-10-01 23:31:32] [INFO] キーコード送信: '\x1bOS'
[2026-10-01 23:31:33] [INFO] キーコード送信: '\x1bOS'
[2026-10-01 23:31:34] [INFO] レポート条件入力画面で F1 キーが押下されました。クエリ待機ステータスを開始します。
[2026-10-01 23:31:34] [INFO] キーコード送信: '\x1bOP'
[2026-10-01 23:31:43] [INFO] F4押下によりクエリ待機を解除しました
[2026-10-01 23:31:43] [INFO] キーコード送信: '\x1bOS'
[2026-10-01 23:31:45] [INFO] キーコード送信: '\x1bOS'
[2026-10-01 23:31:46] [INFO] レポート条件入力画面で F1 キーが押下されました。クエリ待機ステータスを開始します。
[2026-10-01 23:31:46] [INFO] キーコード送信: '\x1bOP'
[2026-10-01 23:31:47] [INFO] レポート条件入力画面で F1 キーが押下されました。クエリ待機ステータスを開始します。
[2026-10-01 23:31:47] [INFO] キーコード送信: '\x1bOP'
[2026-10-01 23:31:56] [INFO] レポート条件入力画面で F1 キーが押下されました。クエリ待機ステータスを開始します。
[2026-10-01 23:31:56] [INFO] キーコード送信: '\x1bOP'
[2026-10-01 23:31:57] [INFO] レポート条件入力画面で F1 キーが押下されました。クエリ待機ステータスを開始します。
[2026-10-01 23:31:57] [INFO] キーコード送信: '\x1bOP'
[2026-10-01 23:31:57] [INFO] レポート条件入力画面で F1 キーが押下されました。クエリ待機ステータスを開始します。
[2026-10-01 23:31:57] [INFO] キーコード送信: '\x1bOP'
[2026-10-01 23:31:58] [INFO] レポート条件入力画面で F1 キーが押下されました。クエリ待機ステータスを開始します。
[2026-10-01 23:31:58] [INFO] キーコード送信: '\x1bOP'
[2026-10-01 23:31:59] [INFO] レポート条件入力画面で F1 キーが押下されました。クエリ待機ステータスを開始します。
[2026-10-01 23:31:59] [INFO] キーコード送信: '\x1bOP'
[2026-10-01 23:32:02] [INFO] F5押下検知: F5キーシーケンス '\x1b[15~' をサーバーへ送信
[2026-10-01 23:36:07] [INFO] ======================================================================
[2026-10-01 23:36:07] [INFO] QAD Modern Terminal 起動 - 2026-10-01 23:36:07
[2026-10-01 23:36:07] [INFO] Python: 3.12.10 (tags/v3.12.10:0cc8128, Apr  8 2025, 12:21:36) [MSC v.1943 64 bit (AMD64)] | 実行パス: C:\Users\0138018\AppData\Local\Programs\Python\Python312\pythonw.exe
[2026-10-01 23:36:07] [INFO] PROJECT_ROOT: C:\Users\0138018\.antigravity\mfgpro_controller
[2026-10-01 23:36:07] [INFO] ======================================================================
[2026-10-01 23:36:13] [INFO] SSH接続確立 (connected) [Tab 1]
[2026-10-01 23:36:13] [INFO] 自動ログイン: Tab 1 のMain Menu自動遷移シーケンスを開始
[2026-10-01 23:36:17] [INFO] 自動ログイン: Tab 1 Main Menu 着弾検知
[2026-10-01 23:38:39] [INFO] === QAD 99.7.1.1 受注入力自動化を開始します ===
[2026-10-01 23:38:39] [INFO] メインメニューまたはヘッダー画面から全工程 (Step 1〜6.3.0) を実行します。
[2026-10-01 23:38:39] [INFO] === QAD 99.7.1.1 受注入力自動化 全工程実行開始 ===
[2026-10-01 23:38:39] [INFO] Step 1: '99.7.1.1\r' 送信
[2026-10-01 23:38:40] [INFO] Step 1: Order番号自動採番 (空欄で F1 送信)
[2026-10-01 23:38:40] [INFO] Order ID を記録: SO199719
[2026-10-01 23:38:40] [INFO] Step 2: Sold-To '20000600' 送信
[2026-10-01 23:38:40] [INFO] Step 2: Sold-To 確定のため F1 送信
[2026-10-01 23:38:40] [INFO] 画面待機中 (Step 2: Sold-To 送信・F1・警告解除後の Bill-To 遷移待機): アクティブな警告/Space要求プロンプトを検知。Spaceキーを送信します。
[2026-10-01 23:38:41] [INFO] Step 2: Bill-To '20000600' 送信
[2026-10-01 23:38:41] [INFO] Step 2: Ship-To '20000601' 送信
[2026-10-01 23:38:46] [INFO] キーコード送信: '\x1bOS'
[2026-10-01 23:38:47] [INFO] キーコード送信: '\x1bOS'
[2026-10-01 23:38:48] [INFO] キーコード送信: '\x1bOS'
[2026-10-01 23:38:53] [ERROR] 受注入力自動化タイムアウト: 画面遷移待機タイムアウト (12.0秒): Step 2: Sold-To/Bill-To/Ship-To 確定および Order Date 着地待機
現在の画面表示:
┌────────────────────ｴｲﾌﾞﾘｨ･ﾃﾞﾆｿﾝ･ｼﾞｬﾊﾟﾝ株式会社 : livejpdb────────────────────┐                                                    
│mfmenu                             Main Menu                          10/01/26│                                                    
└──────────────────────────────────────────────────────────────────────────────┘                                                    
┌──────────────────────────────────────────────────────────────────────────────┐                                                    
│       DISTRIBUTION              MANUFACTURING               FINANCIAL        │                                                    
│  1. Items/Sites           13. Product Structures    25. General Ledger       │                                                    
│  2. Addresses/Taxes       14. Routings/Work Center  26. Multiple Currency    │                                                    
│  3. Inventory Control     15. Formula/Process       27. Accounts Receivable  │                                                    
│  4.                       16. Work Orders           28. Accounts Payable     │                                                    
│  5. Purchasing            17. Shop Floor Control    29.                      │                                                    
│  6.                       18. Repetitive            30. Cost Management      │                                                    
│  7. Sales Orders/Invoice  19.                       31. Cash Management      │                                                    
│  8.                       20.                       32. Fixed Assets         │                                                    
│  9.                       21.                       33.                      │                                                    
│ 10.                       22. Forecast/Master Plan  34.                      │                                                    
│ 11.                       23. Materials Rqmts Plan  35.                      │                                                    
│ 12. Distribution Plan     24.                       36. Manager Functions    │                                                    
└──────────────────────────────────────────────────────────────────────────────┘                                                    
┌──────────────────────────────────────────────────────────────────────────────┐                                                    
│Please select a function.  F4 or blank to EXIT                                │                                                    
└──────────────────────────────────────────────────────────────────────────────┘                                                    
                                                                                                                                    
                                                                                                                                    
Press F2 for Help                                                                                                                   
[2026-10-01 23:38:59] [INFO] === QAD 99.7.1.1 受注入力自動化を開始します ===
[2026-10-01 23:38:59] [INFO] メインメニューまたはヘッダー画面から全工程 (Step 1〜6.3.0) を実行します。
[2026-10-01 23:38:59] [INFO] === QAD 99.7.1.1 受注入力自動化 全工程実行開始 ===
[2026-10-01 23:38:59] [INFO] Step 1: '99.7.1.1\r' 送信
[2026-10-01 23:38:59] [INFO] Step 1: Order番号自動採番 (空欄で F1 送信)
[2026-10-01 23:39:00] [INFO] Order ID を記録: SO199720
[2026-10-01 23:39:00] [INFO] Step 2: Sold-To '20000600' 送信
[2026-10-01 23:39:00] [INFO] Step 2: Sold-To 確定のため F1 送信
[2026-10-01 23:39:00] [INFO] 画面待機中 (Step 2: Sold-To 送信・F1・警告解除後の Bill-To 遷移待機): アクティブな警告/Space要求プロンプトを検知。Spaceキーを送信します。
[2026-10-01 23:39:00] [INFO] Step 2: Bill-To '20000600' 送信
[2026-10-01 23:39:01] [INFO] Step 2: Ship-To '20000601' 送信
[2026-10-01 23:39:13] [ERROR] 受注入力自動化タイムアウト: 画面遷移待機タイムアウト (12.0秒): Step 2: Sold-To/Bill-To/Ship-To 確定および Order Date 着地待機
現在の画面表示:
xxsosomt.p b+            99.7.1.1 Sales Order Maintenance             10/01/26                                                      
┌──────────────────────────────────────────────────────────────────────────────┐                                                    
│ Order: SO199720  Sold-To: 20000600  Bill To: 20000601  Ship-To: 20000601     │                                                    
└──────────────────────────────────────────────────────────────────────────────┘                                                    
┌────────────── Sold-To ───────────────┐┌────────────── Bill-To ───────────────┐                                                    
│ TOPPANｲﾝﾌｫﾒﾃﾞｨｱ株式会社              ││ TOPPANｲﾝﾌｫﾒﾃﾞｨｱ株式会社              │                                                    
│ 東京都港区芝浦3-19-26                ││ 東京都港区芝浦3-19-26                │                                                    
│ 購買部 大久保様                      ││ 購買部 大久保様                      │                                                    
│ 港区                      108-0023   ││ 港区                      108-0023   │                                                    
│ JAPAN                                ││ JAPAN                                │                                                    
└──────────────────────────────────────┘└──────────────────────────────────────┘                                                    
┌──────────────────────────────────────────────────────────────────────────────┐                                                    
│    Order Date: 10/01/26 Line Pricing: Yes      Confirmed: Yes                │                                                    
│ Required Date:                Manual:           Currency:      Language:     │                                                    
│  Promise Date:                  Site:            Taxable: No                 │                                                    
│      Due Date: 10/01/26      Channel:                  Fixed Price: Yes      │                                                    
│  Perform Date:               Project:                 Credit Terms:          │                                                    
│  Pricing Date:                             Credit Terms Interest %: 0.00     │                                                    
│Purchase Order:                                             Reprice: No       │                                                    
│       Remarks:                                          Entered By: takehik  │                                                    
└──────────────────────────────────────────────────────────────────────────────┘                                                    
ERROR: Not a valid customer.  Please re-enter.                                                                                      
                                                                                                                                    
F1=Go 2=Hlp 3=Ins 4=End 6=Mnu 7=Rcl 8=Clr 9=Prev 10=Next 11=Buf                                                                     
[2026-10-01 23:49:19] [INFO] SSH切断 (closed, error=None) [Tab 1]
[2026-10-02 00:30:18] [INFO] ======================================================================
[2026-10-02 00:30:18] [INFO] QAD Modern Terminal 起動 - 2026-10-02 00:30:18
[2026-10-02 00:30:18] [INFO] Python: 3.12.10 (tags/v3.12.10:0cc8128, Apr  8 2025, 12:21:36) [MSC v.1943 64 bit (AMD64)] | 実行パス: C:\Users\0138018\AppData\Local\Programs\Python\Python312\pythonw.exe
[2026-10-02 00:30:18] [INFO] PROJECT_ROOT: C:\Users\0138018\.antigravity\mfgpro_controller
[2026-10-02 00:30:18] [INFO] ======================================================================
[2026-10-02 00:30:21] [INFO] SSH切断 (closed, error=Error reading SSH protocol banner) [Tab 1]
[2026-10-02 00:31:33] [INFO] SSH接続確立 (connected) [Tab 1]
[2026-10-02 00:31:33] [INFO] 自動ログイン: Tab 1 のMain Menu自動遷移シーケンスを開始
[2026-10-02 00:31:36] [INFO] 自動ログイン: Tab 1 Main Menu 着弾検知
[2026-10-02 00:31:42] [INFO] === QAD 99.7.1.1 受注入力自動化を開始します ===
[2026-10-02 00:31:42] [INFO] メインメニューまたはヘッダー画面から全工程 (Step 1〜6.3.0) を実行します。
[2026-10-02 00:31:42] [INFO] === QAD 99.7.1.1 受注入力自動化 全工程実行開始 ===
[2026-10-02 00:31:42] [INFO] Step 1: '99.7.1.1\r' 送信
[2026-10-02 00:31:43] [INFO] Step 1: Order番号自動採番 (空欄で F1 送信)
[2026-10-02 00:31:43] [INFO] Order ID を記録: SO199722
[2026-10-02 00:31:43] [INFO] Step 2: Sold-To '20000600' 送信
[2026-10-02 00:31:43] [INFO] Step 2: Sold-To 確定のため F1 送信
[2026-10-02 00:31:44] [INFO] 画面待機中 (Step 2: Sold-To 送信・F1・警告解除後の Bill-To 遷移待機): アクティブな警告/Space要求プロンプトを検知。Spaceキーを送信します。
[2026-10-02 00:31:44] [INFO] Step 2: Bill-To '20000600' 送信
[2026-10-02 00:31:44] [INFO] Step 2: Ship-To '20000601' 送信
[2026-10-02 00:31:57] [ERROR] 受注入力自動化タイムアウト: 画面遷移待機タイムアウト (12.0秒): Step 2: Sold-To/Bill-To/Ship-To 確定および Order Date 着地待機
現在の画面表示:
xxsosomt.p b+            99.7.1.1 Sales Order Maintenance             10/02/26                                                      
┌──────────────────────────────────────────────────────────────────────────────┐                                                    
│ Order: SO199722  Sold-To: 20000600  Bill To: 20000601  Ship-To: 20000601     │                                                    
└──────────────────────────────────────────────────────────────────────────────┘                                                    
┌────────────── Sold-To ───────────────┐┌────────────── Bill-To ───────────────┐                                                    
│ TOPPANｲﾝﾌｫﾒﾃﾞｨｱ株式会社              ││ TOPPANｲﾝﾌｫﾒﾃﾞｨｱ株式会社              │                                                    
│ 東京都港区芝浦3-19-26                ││ 東京都港区芝浦3-19-26                │                                                    
│ 購買部 大久保様                      ││ 購買部 大久保様                      │                                                    
│ 港区                      108-0023   ││ 港区                      108-0023   │                                                    
│ JAPAN                                ││ JAPAN                                │                                                    
└──────────────────────────────────────┘└──────────────────────────────────────┘                                                    
┌──────────────────────────────────────────────────────────────────────────────┐                                                    
│    Order Date: 10/02/26 Line Pricing: Yes      Confirmed: Yes                │                                                    
│ Required Date:                Manual:           Currency:      Language:     │                                                    
│  Promise Date:                  Site:            Taxable: No                 │                                                    
│      Due Date: 10/02/26      Channel:                  Fixed Price: Yes      │                                                    
│  Perform Date:               Project:                 Credit Terms:          │                                                    
│  Pricing Date:                             Credit Terms Interest %: 0.00     │                                                    
│Purchase Order:                                             Reprice: No       │                                                    
│       Remarks:                                          Entered By: takehik  │                                                    
└──────────────────────────────────────────────────────────────────────────────┘                                                    
ERROR: Not a valid customer.  Please re-enter.                                                                                      
                                                                                                                                    
F1=Go 2=Hlp 3=Ins 4=End 6=Mnu 7=Rcl 8=Clr 9=Prev 10=Next 11=Buf                                                                     
[2026-10-02 00:47:14] [INFO] ======================================================================
[2026-10-02 00:47:14] [INFO] QAD Modern Terminal 起動 - 2026-10-02 00:47:14
[2026-10-02 00:47:14] [INFO] Python: 3.12.10 (tags/v3.12.10:0cc8128, Apr  8 2025, 12:21:36) [MSC v.1943 64 bit (AMD64)] | 実行パス: C:\Users\0138018\AppData\Local\Programs\Python\Python312\pythonw.exe
[2026-10-02 00:47:14] [INFO] PROJECT_ROOT: C:\Users\0138018\.antigravity\mfgpro_controller
[2026-10-02 00:47:14] [INFO] ======================================================================
[2026-10-02 00:47:20] [INFO] SSH接続確立 (connected) [Tab 1]
[2026-10-02 00:47:20] [INFO] 自動ログイン: Tab 1 のMain Menu自動遷移シーケンスを開始
[2026-10-02 00:47:23] [INFO] 自動ログイン: Tab 1 Main Menu 着弾検知
[2026-10-02 00:47:38] [INFO] === QAD 99.7.1.1 受注入力自動化を開始します ===
[2026-10-02 00:47:38] [INFO] メインメニューまたはヘッダー画面から全工程 (Step 1〜6.3.0) を実行します。
[2026-10-02 00:47:38] [INFO] === QAD 99.7.1.1 受注入力自動化 全工程実行開始 ===
[2026-10-02 00:47:38] [INFO] Step 1: '99.7.1.1\r' 送信
[2026-10-02 00:47:39] [INFO] Step 1: Order番号自動採番 (空欄で F1 送信)
[2026-10-02 00:47:39] [INFO] Order ID を記録: SO199723
[2026-10-02 00:47:39] [INFO] Step 2: Sold-To '20000600' 送信
[2026-10-02 00:47:39] [INFO] Step 2: Sold-To 確定のため F1 送信
[2026-10-02 00:47:40] [INFO] 画面待機中 (Step 2: Sold-To 送信・F1・警告解除後の Bill-To 遷移待機): アクティブな警告/Space要求プロンプトを検知。Spaceキーを送信します。
[2026-10-02 00:47:41] [INFO] Step 2: Bill-To '20000600' 送信
[2026-10-02 00:47:42] [INFO] Step 2: Ship-To '20000601' 送信
[2026-10-02 00:47:49] [WARNING] 受注入力自動化が中断されました。
[2026-10-02 00:47:52] [INFO] ======================================================================
[2026-10-02 00:47:52] [INFO] QAD Modern Terminal 起動 - 2026-10-02 00:47:52
[2026-10-02 00:47:52] [INFO] Python: 3.12.10 (tags/v3.12.10:0cc8128, Apr  8 2025, 12:21:36) [MSC v.1943 64 bit (AMD64)] | 実行パス: C:\Users\0138018\AppData\Local\Programs\Python\Python312\pythonw.exe
[2026-10-02 00:47:52] [INFO] PROJECT_ROOT: C:\Users\0138018\.antigravity\mfgpro_controller
[2026-10-02 00:47:52] [INFO] ======================================================================
[2026-10-02 00:47:58] [INFO] SSH接続確立 (connected) [Tab 1]
[2026-10-02 00:47:58] [INFO] 自動ログイン: Tab 1 のMain Menu自動遷移シーケンスを開始
[2026-10-02 00:48:02] [INFO] 自動ログイン: Tab 1 Main Menu 着弾検知
[2026-10-02 00:48:25] [INFO] === QAD 99.7.1.1 受注入力自動化を開始します ===
[2026-10-02 00:48:25] [INFO] メインメニューまたはヘッダー画面から全工程 (Step 1〜6.3.0) を実行します。
[2026-10-02 00:48:25] [INFO] === QAD 99.7.1.1 受注入力自動化 全工程実行開始 ===
[2026-10-02 00:48:25] [INFO] Step 1: '99.7.1.1\r' 送信
[2026-10-02 00:48:26] [INFO] Step 1: Order番号自動採番 (空欄で F1 送信)
[2026-10-02 00:48:26] [INFO] Order ID を記録: SO199724
[2026-10-02 00:48:26] [INFO] Step 2: Sold-To '20000600' 送信
[2026-10-02 00:48:27] [INFO] Step 2: Sold-To 確定のため F1 送信
[2026-10-02 00:48:27] [INFO] 画面待機中 (Step 2: Sold-To 送信・F1・警告解除後の Bill-To 遷移待機): アクティブな警告/Space要求プロンプトを検知。Spaceキーを送信します。
[2026-10-02 00:48:28] [INFO] Step 2: Bill-To '20000600' 送信
[2026-10-02 00:48:29] [INFO] Step 2: Ship-To '20000601' 送信
[2026-10-02 00:48:42] [ERROR] 受注入力自動化タイムアウト: 画面遷移待機タイムアウト (11.953000000008615秒): Step 2: Sold-To/Bill-To/Ship-To 確定および Order Date 着地待機
現在の画面表示:
xxsosomt.p b+            99.7.1.1 Sales Order Maintenance             10/02/26                                                      
┌──────────────────────────────────────────────────────────────────────────────┐                                                    
│ Order: SO199724  Sold-To: 20000600  Bill To: 20000601  Ship-To: 20000601     │                                                    
└──────────────────────────────────────────────────────────────────────────────┘                                                    
┌────────────── Sold-To ───────────────┐┌────────────── Bill-To ───────────────┐                                                    
│ TOPPANｲﾝﾌｫﾒﾃﾞｨｱ株式会社              ││ TOPPANｲﾝﾌｫﾒﾃﾞｨｱ株式会社              │                                                    
│ 東京都港区芝浦3-19-26                ││ 東京都港区芝浦3-19-26                │                                                    
│ 購買部 大久保様                      ││ 購買部 大久保様                      │                                                    
│ 港区                      108-0023   ││ 港区                      108-0023   │                                                    
│ JAPAN                                ││ JAPAN                                │                                                    
└──────────────────────────────────────┘└──────────────────────────────────────┘                                                    
┌──────────────────────────────────────────────────────────────────────────────┐                                                    
│    Order Date: 10/02/26 Line Pricing: Yes      Confirmed: Yes                │                                                    
│ Required Date:                Manual:           Currency:      Language:     │                                                    
│  Promise Date:                  Site:            Taxable: No                 │                                                    
│      Due Date: 10/02/26      Channel:                  Fixed Price: Yes      │                                                    
│  Perform Date:               Project:                 Credit Terms:          │                                                    
│  Pricing Date:                             Credit Terms Interest %: 0.00     │                                                    
│Purchase Order:                                             Reprice: No       │                                                    
│       Remarks:                                          Entered By: takehik  │                                                    
└──────────────────────────────────────────────────────────────────────────────┘                                                    
ERROR: Not a valid customer.  Please re-enter.                                                                                      
                                                                                                                                    
F1=Go 2=Hlp 3=Ins 4=End 6=Mnu 7=Rcl 8=Clr 9=Prev 10=Next 11=Buf                                                                     
[2026-10-02 01:12:24] [INFO] ======================================================================
[2026-10-02 01:12:24] [INFO] QAD Modern Terminal 起動 - 2026-10-02 01:12:24
[2026-10-02 01:12:24] [INFO] Python: 3.12.10 (tags/v3.12.10:0cc8128, Apr  8 2025, 12:21:36) [MSC v.1943 64 bit (AMD64)] | 実行パス: C:\Users\0138018\AppData\Local\Programs\Python\Python312\pythonw.exe
[2026-10-02 01:12:24] [INFO] PROJECT_ROOT: C:\Users\0138018\.antigravity\mfgpro_controller
[2026-10-02 01:12:24] [INFO] ======================================================================
[2026-10-02 01:12:29] [INFO] SSH接続確立 (connected) [Tab 1]
[2026-10-02 01:12:29] [INFO] 自動ログイン: Tab 1 のMain Menu自動遷移シーケンスを開始
[2026-10-02 01:12:33] [INFO] 自動ログイン: Tab 1 Main Menu 着弾検知
[2026-10-02 01:12:43] [INFO] === QAD 99.7.1.1 受注入力自動化を開始します ===
[2026-10-02 01:12:43] [INFO] メインメニューまたはヘッダー画面から全工程 (Step 1〜6.3.0) を実行します。
[2026-10-02 01:12:43] [INFO] === QAD 99.7.1.1 受注入力自動化 全工程実行開始 ===
[2026-10-02 01:12:43] [INFO] Step 1: '99.7.1.1\r' 送信
[2026-10-02 01:12:44] [INFO] Step 1: Order番号自動採番 (空欄で F1 送信)
[2026-10-02 01:12:44] [INFO] Order ID を記録: SO199725
[2026-10-02 01:12:44] [INFO] Step 2 入力先確認: expected=sold actual=UNKNOWN cursor=(21, 17) rx=42
[2026-10-02 01:12:44] [INFO] Step 2 入力先確認: expected=sold actual=sold cursor=(2, 28) rx=44
[2026-10-02 01:12:45] [INFO] Step 2: Sold-To '20000600' 送信
[2026-10-02 01:12:45] [INFO] Step 2 入力先確認: expected=bill actual=UNKNOWN cursor=(23, 78) rx=62
[2026-10-02 01:12:45] [INFO] 画面待機中 (Step 2: 入力先 bill 確認): アクティブな警告/Space要求プロンプトを検知。Spaceキーを送信します。
[2026-10-02 01:12:45] [INFO] Step 2 入力先確認: expected=bill actual=bill cursor=(2, 47) rx=73
[2026-10-02 01:12:46] [INFO] Step 2: Bill-To '20000600' 送信
[2026-10-02 01:12:46] [INFO] Step 2 入力先確認: expected=ship actual=ship cursor=(2, 66) rx=79
[2026-10-02 01:12:46] [INFO] Step 2: Ship-To '20000601' 送信
[2026-10-02 01:12:46] [INFO] Step 2 入力先確認: expected=date actual=UNKNOWN cursor=(23, 78) rx=83
[2026-10-02 01:12:46] [INFO] Step 2 入力先確認: expected=date actual=UNKNOWN cursor=(23, 78) rx=87
[2026-10-02 01:12:47] [INFO] Step 2 入力先確認: expected=date actual=date cursor=(12, 17) rx=103
[2026-10-02 01:12:47] [INFO] Step 2: Order Dateからの一括貼り付けバッファ送信 (8 項目: Order Date〜Remarks)
[2026-10-02 01:12:47] [INFO] Step 2: F1 送信 (ヘッダー確定)
[2026-10-02 01:12:48] [INFO] 画面待機中 (Step 3: Tax ポップアップ または Salesperson画面): アクティブな警告/Space要求プロンプトを検知。Spaceキーを送信します。
[2026-10-02 01:12:48] [INFO] Step 3: F1 送信 (Tax スキップ)
[2026-10-02 01:12:49] [INFO] Step 4: F1 送信 (Salesperson スキップ)
[2026-10-02 01:12:49] [INFO] Step 5: F1 送信 (コメント本文エディタへ移動)
[2026-10-02 01:12:49] [INFO] Step 5: 案C実行 - 既定コメントの全クリア (F8: Clear送信)
[2026-10-02 01:12:49] [INFO] Step 5: 新規特記事項本文入力 (全 1 行)
[2026-10-02 01:12:49] [INFO] Step 5: F1 送信 (コメント本文確定)
[2026-10-02 01:12:49] [INFO] Step 5: F4 送信 (明細画面へ進む)
[2026-10-02 01:12:50] [INFO] Step 5: コメント画面残留検知 -> 再度 F4 送信
[2026-10-02 01:12:51] [INFO] === Step 6 受注明細行入力開始 (全 2 品番) ===
[2026-10-02 01:12:51] [INFO] --- [Line 1] 品番: BW0100D / 単価: 200 / 長さグループ: 1件 ---
[2026-10-02 01:12:51] [INFO] 6.1.0: Enter 送信 (Line 1 自動採番)
[2026-10-02 01:12:51] [INFO] 6.1.1: F1 送信 (Line 1 Create WO ポップアップ解除)
[2026-10-02 01:12:52] [INFO] 6.1.3: 品番 'BW0100D' 送信
[2026-10-02 01:12:52] [INFO] 6.1.3: F1 送信 (品番確定)
[2026-10-02 01:12:52] [INFO] 6.1.3: Site 'CB2' + F1 送信
[2026-10-02 01:12:53] [INFO] 画面待機中 (6.1.4 Qty Ordered UM または スリット設定画面): アクティブな警告/Space要求プロンプトを検知。Spaceキーを送信します。
[2026-10-02 01:12:53] [INFO] 6.1.4: F1 送信 (Qty Ordered UM スキップ)
[2026-10-02 01:12:54] [INFO]   SL 1: 長さ '600'm (明細 3件) 開始
[2026-10-02 01:12:54] [INFO]   SL 1: F1 -> Enter -> Enter で Len(m) 欄へ移動
[2026-10-02 01:12:54] [INFO]   6.2.0: 長さ '600' + Enter 送信
[2026-10-02 01:12:54] [INFO]     Roll 1/3: 本数=1, 幅=200mm
[2026-10-02 01:12:55] [INFO]     Roll 2/3: 本数=2, 幅=300mm
[2026-10-02 01:12:55] [INFO]     Roll 3/3: 本数=1, 幅=500mm
[2026-10-02 01:12:56] [INFO]   6.2.1: F4 送信 (長さ '600'm ロール入力完了)
[2026-10-02 01:12:56] [INFO]   6.2.1: F1 送信 ('yes' 確定)
[2026-10-02 01:12:56] [INFO] 6.1.4: F4 送信 (品番 'BW0100D' 全スリット設定完了)
[2026-10-02 01:12:57] [INFO] 6.1.4: F1 送信 ('yes' 確定)
[2026-10-02 01:12:57] [INFO] 6.2.3: Orig Order Qty スキップ (F1)
[2026-10-02 01:12:58] [INFO] 6.2.3: F1 送信 (Pricing Date スキップ)
[2026-10-02 01:12:58] [INFO] 6.2.4: F1 送信 (List Price スキップ)
[2026-10-02 01:12:58] [INFO] 6.2.4: 単価 '200' + F1 送信 (単価確定)
[2026-10-02 01:12:58] [INFO] 6.2.4: 明細詳細枠 (Loc: / Sales Acct:) 検知 -> F1 送信でスキップ
[2026-10-02 01:12:59] [INFO] 6.2.5: F1 送信 (Tax スキップ)
[2026-10-02 01:12:59] [INFO] 6.2.5: F4 送信 (明細行 Transaction Comments 終了 -> Reason Code または 次画面へ)
[2026-10-02 01:13:00] [INFO] 6.2.5: Reason Code 検知 (65 -> 28 INTERNAL -> 28 INTERNAL + F1)
[2026-10-02 01:13:01] [INFO] --- [Line 2] 品番: BW0116Q3-2 / 単価: 200 / 長さグループ: 1件 ---
[2026-10-02 01:13:01] [INFO] 6.1.1: F1 送信 (Line 2 Create WO ポップアップ解除)
[2026-10-02 01:13:02] [INFO] 6.1.3: 品番 'BW0116Q3-2' 送信
[2026-10-02 01:13:02] [INFO] 6.1.3: F1 送信 (品番確定)
[2026-10-02 01:13:03] [INFO] 6.1.3: Site 'CB2' + F1 送信
[2026-10-02 01:13:03] [INFO] 6.1.4: F1 送信 (Qty Ordered UM スキップ)
[2026-10-02 01:13:04] [INFO]   SL 1: 長さ '600'm (明細 1件) 開始
[2026-10-02 01:13:04] [INFO]   SL 1: F1 -> Enter -> Enter で Len(m) 欄へ移動
[2026-10-02 01:13:04] [INFO]   6.2.0: 長さ '600' + Enter 送信
[2026-10-02 01:13:04] [INFO]     Roll 1/1: 本数=1, 幅=200mm
[2026-10-02 01:13:05] [INFO]   6.2.1: F4 送信 (長さ '600'm ロール入力完了)
[2026-10-02 01:13:05] [INFO]   6.2.1: F1 送信 ('yes' 確定)
[2026-10-02 01:13:06] [INFO] 6.1.4: F4 送信 (品番 'BW0116Q3-2' 全スリット設定完了)
[2026-10-02 01:13:06] [INFO] 6.1.4: F1 送信 ('yes' 確定)
[2026-10-02 01:13:06] [INFO] 6.2.3: Orig Order Qty スキップ (F1)
[2026-10-02 01:13:07] [INFO] 6.2.3: F1 送信 (Pricing Date スキップ)
[2026-10-02 01:13:07] [INFO] 6.2.4: F1 送信 (List Price スキップ)
[2026-10-02 01:13:07] [INFO] 6.2.4: 単価 '200' + F1 送信 (単価確定)
[2026-10-02 01:13:08] [INFO] 6.2.4: 明細詳細枠 (Loc: / Sales Acct:) 検知 -> F1 送信でスキップ
[2026-10-02 01:13:08] [INFO] 6.2.5: F1 送信 (Tax スキップ)
[2026-10-02 01:13:09] [INFO] 6.2.5: F4 送信 (明細行 Transaction Comments 終了 -> Reason Code または 次画面へ)
[2026-10-02 01:13:10] [INFO] 6.2.5: Reason Code 検知 (65 -> 28 INTERNAL -> 28 INTERNAL + F1)
[2026-10-02 01:13:11] [INFO] 6.3.0: 次行 Create WO 解除 (F1)
[2026-10-02 01:13:11] [INFO] 6.3.0: F4 を送信して最終合計画面へ進みます
[2026-10-02 01:13:11] [INFO] 6.3.0: 次行 Create WO 解除 (F1)
[2026-10-02 01:13:11] [INFO] 6.3.0: 次行 Create WO 解除 (F1)
[2026-10-02 01:13:12] [INFO] 6.3.0: 最終合計画面の表示を確認しました
[2026-10-02 01:13:12] [INFO] 6.3.0: 1回目の F1 送信 (下段フレームへ移動)
[2026-10-02 01:13:12] [INFO] 6.3.0: 2回目の F1 送信 (注文データ確定・コミット)
[2026-10-02 01:13:14] [INFO] === QAD 99.7.1.1 受注入力自動化 全工程完了 (Order ID: SO199725) ===
[2026-10-02 01:13:14] [INFO] 受注登録完了通知: Order ID = SO199725
[2026-10-02 01:15:41] [INFO] キーコード送信: '\x1bOS'
[2026-10-02 01:37:15] [INFO] ======================================================================
[2026-10-02 01:37:15] [INFO] QAD Modern Terminal 起動 - 2026-10-02 01:37:15
[2026-10-02 01:37:15] [INFO] Python: 3.12.10 (tags/v3.12.10:0cc8128, Apr  8 2025, 12:21:36) [MSC v.1943 64 bit (AMD64)] | 実行パス: C:\Users\0138018\AppData\Local\Programs\Python\Python312\pythonw.exe
[2026-10-02 01:37:15] [INFO] PROJECT_ROOT: C:\Users\0138018\.antigravity\mfgpro_controller
[2026-10-02 01:37:15] [INFO] ======================================================================
[2026-10-02 01:37:20] [INFO] SSH接続確立 (connected) [Tab 1]
[2026-10-02 01:37:20] [INFO] 自動ログイン: Tab 1 のMain Menu自動遷移シーケンスを開始
[2026-10-02 01:37:24] [INFO] 自動ログイン: Tab 1 Main Menu 着弾検知
[2026-10-02 01:44:07] [INFO] === QAD 99.7.1.1 受注入力自動化を開始します ===
[2026-10-02 01:44:07] [INFO] メインメニューまたはヘッダー画面から全工程 (Step 1〜6.3.0) を実行します。
[2026-10-02 01:44:07] [INFO] === QAD 99.7.1.1 受注入力自動化 全工程実行開始 ===
[2026-10-02 01:44:07] [INFO] Step 1: '99.7.1.1\r' 送信
[2026-10-02 01:44:07] [INFO] Step 1: Order番号自動採番 (空欄で F1 送信)
[2026-10-02 01:44:08] [INFO] Order ID を記録: SO199726
[2026-10-02 01:44:08] [INFO] Step 2 入力先確認: expected=sold actual=sold cursor=(2, 28) rx=46
[2026-10-02 01:44:08] [INFO] Step 2: Sold-To '20000600' 送信
[2026-10-02 01:44:08] [INFO] 画面待機中 (Step 2: 入力先 bill 確認): アクティブな警告/Space要求プロンプトを検知。Spaceキーを送信します。
[2026-10-02 01:44:09] [INFO] Step 2 入力先確認: expected=bill actual=bill cursor=(2, 47) rx=71
[2026-10-02 01:44:09] [INFO] Step 2: Bill-To '20000600' 送信
[2026-10-02 01:44:09] [INFO] Step 2 入力先確認: expected=ship actual=ship cursor=(2, 66) rx=103
[2026-10-02 01:44:09] [INFO] Step 2: Ship-To '20000601' 送信
[2026-10-02 01:44:10] [INFO] Step 2 入力先確認: expected=date actual=UNKNOWN cursor=(23, 78) rx=112
[2026-10-02 01:44:10] [INFO] Step 2 入力先確認: expected=date actual=date cursor=(12, 17) rx=118
[2026-10-02 01:44:10] [INFO] Step 2: Order Dateからの一括貼り付けバッファ送信 (8 項目: Order Date〜Remarks)
[2026-10-02 01:44:10] [INFO] Step 2: F1 送信 (ヘッダー確定)
[2026-10-02 01:44:19] [INFO] キーコード送信: '\x1bOS'
[2026-10-02 01:44:20] [INFO] キーコード送信: '\x1bOS'
[2026-10-02 01:44:23] [ERROR] 【受注入力タイムアウト時の画面ダンプ】:
┌────────────────────ｴｲﾌﾞﾘｨ･ﾃﾞﾆｿﾝ･ｼﾞｬﾊﾟﾝ株式会社 : livejpdb────────────────────┐                                                    
│mfmenu                             Main Menu                          10/02/26│                                                    
└──────────────────────────────────────────────────────────────────────────────┘                                                    
┌──────────────────────────────────────────────────────────────────────────────┐                                                    
│       DISTRIBUTION              MANUFACTURING               FINANCIAL        │                                                    
│  1. Items/Sites           13. Product Structures    25. General Ledger       │                                                    
│  2. Addresses/Taxes       14. Routings/Work Center  26. Multiple Currency    │                                                    
│  3. Inventory Control     15. Formula/Process       27. Accounts Receivable  │                                                    
│  4.                       16. Work Orders           28. Accounts Payable     │                                                    
│  5. Purchasing            17. Shop Floor Control    29.                      │                                                    
│  6.                       18. Repetitive            30. Cost Management      │                                                    
│  7. Sales Orders/Invoice  19.                       31. Cash Management      │                                                    
│  8.                       20.                       32. Fixed Assets         │                                                    
│  9.                       21.                       33.                      │                                                    
│ 10.                       22. Forecast/Master Plan  34.                      │                                                    
│ 11.                       23. Materials Rqmts Plan  35.                      │                                                    
│ 12. Distribution Plan     24.                       36. Manager Functions    │                                                    
└──────────────────────────────────────────────────────────────────────────────┘                                                    
┌──────────────────────────────────────────────────────────────────────────────┐                                                    
│Please select a function.  F4 or blank to EXIT                                │                                                    
└──────────────────────────────────────────────────────────────────────────────┘                                                    
                                                                                                                                    
                                                                                                                                    
Press F2 for Help                                                                                                                   
[2026-10-02 01:44:23] [ERROR] 受注入力自動化タイムアウト: 画面遷移待機タイムアウト (12.0秒): Step 3: Tax ポップアップ または Salesperson画面
現在の画面表示:
┌────────────────────ｴｲﾌﾞﾘｨ･ﾃﾞﾆｿﾝ･ｼﾞｬﾊﾟﾝ株式会社 : livejpdb────────────────────┐                                                    
│mfmenu                             Main Menu                          10/02/26│                                                    
└──────────────────────────────────────────────────────────────────────────────┘                                                    
┌──────────────────────────────────────────────────────────────────────────────┐                                                    
│       DISTRIBUTION              MANUFACTURING               FINANCIAL        │                                                    
│  1. Items/Sites           13. Product Structures    25. General Ledger       │                                                    
│  2. Addresses/Taxes       14. Routings/Work Center  26. Multiple Currency    │                                                    
│  3. Inventory Control     15. Formula/Process       27. Accounts Receivable  │                                                    
│  4.                       16. Work Orders           28. Accounts Payable     │                                                    
│  5. Purchasing            17. Shop Floor Control    29.                      │                                                    
│  6.                       18. Repetitive            30. Cost Management      │                                                    
│  7. Sales Orders/Invoice  19.                       31. Cash Management      │                                                    
│  8.                       20.                       32. Fixed Assets         │                                                    
│  9.                       21.                       33.                      │                                                    
│ 10.                       22. Forecast/Master Plan  34.                      │                                                    
│ 11.                       23. Materials Rqmts Plan  35.                      │                                                    
│ 12. Distribution Plan     24.                       36. Manager Functions    │                                                    
└──────────────────────────────────────────────────────────────────────────────┘                                                    
┌──────────────────────────────────────────────────────────────────────────────┐                                                    
│Please select a function.  F4 or blank to EXIT                                │                                                    
└──────────────────────────────────────────────────────────────────────────────┘                                                    
                                                                                                                                    
                                                                                                                                    
Press F2 for Help                                                                                                                   
[2026-10-02 01:44:23] [INFO] === QAD 99.7.1.1 受注入力自動化を開始します ===
[2026-10-02 01:44:23] [INFO] メインメニューまたはヘッダー画面から全工程 (Step 1〜6.3.0) を実行します。
[2026-10-02 01:44:23] [INFO] === QAD 99.7.1.1 受注入力自動化 全工程実行開始 ===
[2026-10-02 01:44:23] [INFO] Step 1: '99.7.1.1\r' 送信
[2026-10-02 01:44:24] [INFO] Step 1: Order番号自動採番 (空欄で F1 送信)
[2026-10-02 01:44:24] [INFO] Order ID を記録: SO199727
[2026-10-02 01:44:24] [INFO] Step 2 入力先確認: expected=sold actual=sold cursor=(2, 28) rx=237
[2026-10-02 01:44:24] [INFO] Step 2: Sold-To '20000600' 送信
[2026-10-02 01:44:25] [INFO] 画面待機中 (Step 2: 入力先 bill 確認): アクティブな警告/Space要求プロンプトを検知。Spaceキーを送信します。
[2026-10-02 01:44:25] [INFO] Step 2 入力先確認: expected=bill actual=bill cursor=(2, 47) rx=240
[2026-10-02 01:44:25] [INFO] Step 2: Bill-To '20000600' 送信
[2026-10-02 01:44:25] [INFO] Step 2 入力先確認: expected=ship actual=ship cursor=(2, 66) rx=256
[2026-10-02 01:44:26] [INFO] Step 2: Ship-To '20000601' 送信
[2026-10-02 01:44:26] [INFO] Step 2 入力先確認: expected=date actual=date cursor=(12, 17) rx=270
[2026-10-02 01:44:26] [INFO] Step 2: Order Dateからの一括貼り付けバッファ送信 (8 項目: Order Date〜Remarks)
[2026-10-02 01:44:27] [INFO] Step 2: F1 送信 (ヘッダー確定)
[2026-10-02 01:44:39] [ERROR] 【受注入力タイムアウト時の画面ダンプ】:
xxsosomt.p b+            99.7.1.1 Sales Order Maintenance             10/02/26                                                      
┌──────────────────────────────────────────────────────────────────────────────┐                                                    
│ Order: SO199727  Sold-To: 20000600  Bill To: 20000600  Ship-To: 20000601     │                                                    
└──────────────────────────────────────────────────────────────────────────────┘                                                    
┌────────────── Sold-To ───────────────┐┌────────────── Ship-To ───────────────┐                                                    
│ TOPPANｲﾝﾌｫﾒﾃﾞｨｱ株式会社              ││ TOPPANｲﾝﾌｫﾒﾃﾞｨｱ㈱福島工場            │                                                    
│ 東京都港区芝浦3-19-26                ││ 福島県福島市岡島字宮田30-2           │                                                    
│ 購買部 大久保様                      ││                                      │                                                    
│ 港区                      108-0023   ││ 福島市                    960-8201   │                                                    
│ JAPAN                                ││ JAPAN                                │                                                    
└──────────────────────────────────────┘└──────────────────────────────────────┘                                                    
┌──────────────────────────────────────────────────────────────────────────────┐                                                    
│    Order Date: 10/02/26 Line Pricing: Yes      Confirmed: Yes                │                                                    
│ Required Date: 10/04/26       Manual:           Currency: JPY  Language:     │                                                    
│  Promise Date:   /  /           Site: CB2        Taxable: Yes  10     /  /   │                                                    
│      Due Date: 10/03/26      Channel:                  Fixed Price: Yes      │                                                    
│  Perform Date:   /  /        Project:                 Credit Terms: J31131   │                                                    
│  Pricing Date:   /  /                      Credit Terms Interest %: 0.00     │                                                    
│Purchase Order: test                                        Reprice: No       │                                                    
│       Remarks:                                          Entered By: takehik  │                                                    
└──────────────────────────────────────────────────────────────────────────────┘                                                    
                                                                                                                                    
                                                                                                                                    
F1=Go 2=Help 3=Ins 4=End 5=Delete 7=Recall 8=Clear                                                                                  
[2026-10-02 01:44:39] [ERROR] 受注入力自動化タイムアウト: 画面遷移待機タイムアウト (12.0秒): Step 3: Tax ポップアップ または Salesperson画面
現在の画面表示:
xxsosomt.p b+            99.7.1.1 Sales Order Maintenance             10/02/26                                                      
┌──────────────────────────────────────────────────────────────────────────────┐                                                    
│ Order: SO199727  Sold-To: 20000600  Bill To: 20000600  Ship-To: 20000601     │                                                    
└──────────────────────────────────────────────────────────────────────────────┘                                                    
┌────────────── Sold-To ───────────────┐┌────────────── Ship-To ───────────────┐                                                    
│ TOPPANｲﾝﾌｫﾒﾃﾞｨｱ株式会社              ││ TOPPANｲﾝﾌｫﾒﾃﾞｨｱ㈱福島工場            │                                                    
│ 東京都港区芝浦3-19-26                ││ 福島県福島市岡島字宮田30-2           │                                                    
│ 購買部 大久保様                      ││                                      │                                                    
│ 港区                      108-0023   ││ 福島市                    960-8201   │                                                    
│ JAPAN                                ││ JAPAN                                │                                                    
└──────────────────────────────────────┘└──────────────────────────────────────┘                                                    
┌──────────────────────────────────────────────────────────────────────────────┐                                                    
│    Order Date: 10/02/26 Line Pricing: Yes      Confirmed: Yes                │                                                    
│ Required Date: 10/04/26       Manual:           Currency: JPY  Language:     │                                                    
│  Promise Date:   /  /           Site: CB2        Taxable: Yes  10     /  /   │                                                    
│      Due Date: 10/03/26      Channel:                  Fixed Price: Yes      │                                                    
│  Perform Date:   /  /        Project:                 Credit Terms: J31131   │                                                    
│  Pricing Date:   /  /                      Credit Terms Interest %: 0.00     │                                                    
│Purchase Order: test                                        Reprice: No       │                                                    
│       Remarks:                                          Entered By: takehik  │                                                    
└──────────────────────────────────────────────────────────────────────────────┘                                                    
                                                                                                                                    
                                                                                                                                    
F1=Go 2=Help 3=Ins 4=End 5=Delete 7=Recall 8=Clear                                                                                  
[2026-10-02 01:45:32] [INFO] キーコード送信: '\x1bOS'
[2026-10-02 01:45:33] [INFO] キーコード送信: '\x1bOS'
[2026-10-02 01:47:43] [INFO] ======================================================================
[2026-10-02 01:47:43] [INFO] QAD Modern Terminal 起動 - 2026-10-02 01:47:43
[2026-10-02 01:47:43] [INFO] Python: 3.12.10 (tags/v3.12.10:0cc8128, Apr  8 2025, 12:21:36) [MSC v.1943 64 bit (AMD64)] | 実行パス: C:\Users\0138018\AppData\Local\Programs\Python\Python312\pythonw.exe
[2026-10-02 01:47:43] [INFO] PROJECT_ROOT: C:\Users\0138018\.antigravity\mfgpro_controller
[2026-10-02 01:47:43] [INFO] ======================================================================
[2026-10-02 01:47:49] [INFO] SSH接続確立 (connected) [Tab 1]
[2026-10-02 01:47:49] [INFO] 自動ログイン: Tab 1 のMain Menu自動遷移シーケンスを開始
[2026-10-02 01:47:53] [INFO] 自動ログイン: Tab 1 Main Menu 着弾検知
[2026-10-02 01:47:57] [INFO] === QAD 99.7.1.1 受注入力自動化を開始します ===
[2026-10-02 01:47:57] [INFO] メインメニューまたはヘッダー画面から全工程 (Step 1〜6.3.0) を実行します。
[2026-10-02 01:47:57] [INFO] === QAD 99.7.1.1 受注入力自動化 全工程実行開始 ===
[2026-10-02 01:47:57] [INFO] Step 1: '99.7.1.1\r' 送信
[2026-10-02 01:47:57] [INFO] Step 1: Order番号自動採番 (空欄で F1 送信)
[2026-10-02 01:47:58] [INFO] Order ID を記録: SO199728
[2026-10-02 01:47:58] [INFO] Step 2 入力先確認: expected=sold actual=UNKNOWN cursor=(23, 0) rx=47
[2026-10-02 01:47:58] [INFO] Step 2 入力先確認: expected=sold actual=sold cursor=(2, 28) rx=52
[2026-10-02 01:47:58] [INFO] Step 2: Sold-To '20000600' 送信
[2026-10-02 01:47:58] [INFO] 画面待機中 (Step 2: 入力先 bill 確認): アクティブな警告/Space要求プロンプトを検知。Spaceキーを送信します。
[2026-10-02 01:47:59] [INFO] Step 2 入力先確認: expected=bill actual=bill cursor=(2, 47) rx=63
[2026-10-02 01:47:59] [INFO] Step 2: Bill-To '20000600' 送信
[2026-10-02 01:47:59] [INFO] Step 2 入力先確認: expected=ship actual=ship cursor=(2, 66) rx=71
[2026-10-02 01:47:59] [INFO] Step 2: Ship-To '20000601' 送信
[2026-10-02 01:48:00] [INFO] Step 2 入力先確認: expected=date actual=UNKNOWN cursor=(23, 78) rx=78
[2026-10-02 01:48:00] [INFO] Step 2 入力先確認: expected=date actual=date cursor=(12, 17) rx=85
[2026-10-02 01:48:00] [INFO] Step 2: Order Dateからの一括貼り付けバッファ送信 (8 項目: Order Date〜Remarks)
[2026-10-02 01:48:01] [INFO] Step 2: F1 送信 (ヘッダー確定)
[2026-10-02 01:48:13] [ERROR] 【受注入力タイムアウト時の画面ダンプ】:
xxsosomt.p b+            99.7.1.1 Sales Order Maintenance             10/02/26                                                      
┌──────────────────────────────────────────────────────────────────────────────┐                                                    
│ Order: SO199728  Sold-To: 20000600  Bill To: 20000600  Ship-To: 20000601     │                                                    
└──────────────────────────────────────────────────────────────────────────────┘                                                    
┌────────────── Sold-To ───────────────┐┌────────────── Ship-To ───────────────┐                                                    
│ TOPPANｲﾝﾌｫﾒﾃﾞｨｱ株式会社              ││ TOPPANｲﾝﾌｫﾒﾃﾞｨｱ㈱福島工場            │                                                    
│ 東京都港区芝浦3-19-26                ││ 福島県福島市岡島字宮田30-2           │                                                    
│ 購買部 大久保様                      ││                                      │                                                    
│ 港区                      108-0023   ││ 福島市                    960-8201   │                                                    
│ JAPAN                                ││ JAPAN                                │                                                    
└──────────────────────────────────────┘└──────────────────────────────────────┘                                                    
┌──────────────────────────────────────────────────────────────────────────────┐                                                    
│    Order Date: 10/02/26 Line Pricing: Yes      Confirmed: Yes                │                                                    
│ Required Date: 10/04/26       Manual:           Currency: JPY  Language:     │                                                    
│  Promise Date:   /  /           Site: CB2        Taxable: Yes  10     /  /   │                                                    
│      Due Date: 10/03/26      Channel:                  Fixed Price: Yes      │                                                    
│  Perform Date:   /  /        Project:                 Credit Terms: J31131   │                                                    
│  Pricing Date:   /  /                      Credit Terms Interest %: 0.00     │                                                    
│Purchase Order: test                                        Reprice: No       │                                                    
│       Remarks:                                          Entered By: takehik  │                                                    
└──────────────────────────────────────────────────────────────────────────────┘                                                    
                                                                                                                                    
                                                                                                                                    
F1=Go 2=Help 3=Ins 4=End 5=Delete 7=Recall 8=Clear                                                                                  
[2026-10-02 01:48:13] [ERROR] 受注入力自動化タイムアウト: 画面遷移待機タイムアウト (12.0秒): Step 3: Tax ポップアップ または Salesperson画面
現在の画面表示:
xxsosomt.p b+            99.7.1.1 Sales Order Maintenance             10/02/26                                                      
┌──────────────────────────────────────────────────────────────────────────────┐                                                    
│ Order: SO199728  Sold-To: 20000600  Bill To: 20000600  Ship-To: 20000601     │                                                    
└──────────────────────────────────────────────────────────────────────────────┘                                                    
┌────────────── Sold-To ───────────────┐┌────────────── Ship-To ───────────────┐                                                    
│ TOPPANｲﾝﾌｫﾒﾃﾞｨｱ株式会社              ││ TOPPANｲﾝﾌｫﾒﾃﾞｨｱ㈱福島工場            │                                                    
│ 東京都港区芝浦3-19-26                ││ 福島県福島市岡島字宮田30-2           │                                                    
│ 購買部 大久保様                      ││                                      │                                                    
│ 港区                      108-0023   ││ 福島市                    960-8201   │                                                    
│ JAPAN                                ││ JAPAN                                │                                                    
└──────────────────────────────────────┘└──────────────────────────────────────┘                                                    
┌──────────────────────────────────────────────────────────────────────────────┐                                                    
│    Order Date: 10/02/26 Line Pricing: Yes      Confirmed: Yes                │                                                    
│ Required Date: 10/04/26       Manual:           Currency: JPY  Language:     │                                                    
│  Promise Date:   /  /           Site: CB2        Taxable: Yes  10     /  /   │                                                    
│      Due Date: 10/03/26      Channel:                  Fixed Price: Yes      │                                                    
│  Perform Date:   /  /        Project:                 Credit Terms: J31131   │                                                    
│  Pricing Date:   /  /                      Credit Terms Interest %: 0.00     │                                                    
│Purchase Order: test                                        Reprice: No       │                                                    
│       Remarks:                                          Entered By: takehik  │                                                    
└──────────────────────────────────────────────────────────────────────────────┘                                                    
                                                                                                                                    
                                                                                                                                    
F1=Go 2=Help 3=Ins 4=End 5=Delete 7=Recall 8=Clear                                                                                  
[2026-10-02 02:24:02] [INFO] キーコード送信: '\x1bOS'
[2026-10-02 02:24:03] [INFO] キーコード送信: '\x1bOS'
[2026-10-02 02:24:12] [INFO] ======================================================================
[2026-10-02 02:24:12] [INFO] QAD Modern Terminal 起動 - 2026-10-02 02:24:12
[2026-10-02 02:24:12] [INFO] Python: 3.12.10 (tags/v3.12.10:0cc8128, Apr  8 2025, 12:21:36) [MSC v.1943 64 bit (AMD64)] | 実行パス: C:\Users\0138018\AppData\Local\Programs\Python\Python312\pythonw.exe
[2026-10-02 02:24:12] [INFO] PROJECT_ROOT: C:\Users\0138018\.antigravity\mfgpro_controller
[2026-10-02 02:24:12] [INFO] ======================================================================
[2026-10-02 02:24:17] [INFO] SSH接続確立 (connected) [Tab 1]
[2026-10-02 02:24:17] [INFO] 自動ログイン: Tab 1 のMain Menu自動遷移シーケンスを開始
[2026-10-02 02:24:21] [INFO] 自動ログイン: Tab 1 Main Menu 着弾検知
[2026-10-02 02:24:39] [INFO] レポート条件入力画面で F1 キーが押下されました。クエリ待機ステータスを開始します。
[2026-10-02 02:24:39] [INFO] キーコード送信: '\x1bOP'
[2026-10-02 02:24:40] [INFO] レポート条件入力画面で F1 キーが押下されました。クエリ待機ステータスを開始します。
[2026-10-02 02:24:40] [INFO] キーコード送信: '\x1bOP'
[2026-10-02 02:24:40] [INFO] レポート条件入力画面で F1 キーが押下されました。クエリ待機ステータスを開始します。
[2026-10-02 02:24:40] [INFO] キーコード送信: '\x1bOP'
[2026-10-02 02:24:41] [INFO] レポート条件入力画面で F1 キーが押下されました。クエリ待機ステータスを開始します。
[2026-10-02 02:24:41] [INFO] キーコード送信: '\x1bOP'
[2026-10-02 02:24:41] [INFO] レポート条件入力画面で F1 キーが押下されました。クエリ待機ステータスを開始します。
[2026-10-02 02:24:41] [INFO] キーコード送信: '\x1bOP'
[2026-10-02 02:24:44] [INFO] F5押下検知: F5キーシーケンス '\x1b[15~' をサーバーへ送信
[2026-10-02 02:24:56] [INFO] F4押下によりクエリ待機を解除しました
[2026-10-02 02:24:56] [INFO] キーコード送信: '\x1bOS'
[2026-10-02 02:25:53] [INFO] === QAD 99.7.1.1 受注入力自動化を開始します ===
[2026-10-02 02:25:53] [INFO] メインメニューまたはヘッダー画面から全工程 (Step 1〜6.3.0) を実行します。
[2026-10-02 02:25:53] [INFO] === QAD 99.7.1.1 受注入力自動化 全工程実行開始 ===
[2026-10-02 02:25:53] [INFO] Step 1: '99.7.1.1\r' 送信
[2026-10-02 02:25:54] [INFO] Step 1: Order番号自動採番 (空欄で F1 送信)
[2026-10-02 02:25:54] [INFO] Order ID を記録: SO199729
[2026-10-02 02:25:54] [INFO] Step 2 入力先確認: expected=sold actual=UNKNOWN cursor=(21, 17) rx=184 values_ready=True
[2026-10-02 02:25:54] [INFO] Step 2 入力先確認: expected=sold actual=sold cursor=(2, 28) rx=186 values_ready=True
[2026-10-02 02:25:54] [INFO] Step 2: Sold-To '20000600' 送信
[2026-10-02 02:25:55] [INFO] 画面待機中 (Step 2: 入力先 bill 確認): アクティブな警告/Space要求プロンプトを検知。Spaceキーを送信します。
[2026-10-02 02:25:55] [INFO] Step 2 入力先確認: expected=bill actual=UNKNOWN cursor=(23, 78) rx=197 values_ready=True
[2026-10-02 02:25:55] [INFO] Step 2 入力先確認: expected=bill actual=UNKNOWN cursor=(23, 78) rx=202 values_ready=True
[2026-10-02 02:25:55] [INFO] Step 2 入力先確認: expected=bill actual=bill cursor=(2, 47) rx=204 values_ready=True
[2026-10-02 02:25:55] [INFO] Step 2: Bill-To '20000600' 送信
[2026-10-02 02:25:56] [INFO] Step 2 入力先確認: expected=ship actual=ship cursor=(2, 66) rx=240 values_ready=True
[2026-10-02 02:25:56] [INFO] Step 2: Ship-To '20000601' 送信
[2026-10-02 02:25:56] [INFO] Step 2 入力先確認: expected=date actual=UNKNOWN cursor=(23, 78) rx=255 values_ready=True
[2026-10-02 02:25:56] [INFO] Step 2 入力先確認: expected=date actual=date cursor=(12, 17) rx=266 values_ready=True
[2026-10-02 02:25:56] [INFO] Step 2: Order Dateからの一括貼り付けバッファ送信 (8 項目: Order Date〜Remarks)
[2026-10-02 02:25:57] [INFO] Step 2 入力先確認: expected=remarks actual=remarks cursor=(19, 21) rx=297 values_ready=True
[2026-10-02 02:25:57] [INFO] Step 2: F1 送信 (ヘッダー確定)
[2026-10-02 02:25:58] [INFO] Step 2 ヘッダー確定後: cursor=(23, 78) rx=304 input=UNKNOWN
[2026-10-02 02:25:58] [INFO] 画面待機中 (Step 3: Tax ポップアップ または Salesperson画面): アクティブな警告/Space要求プロンプトを検知。Spaceキーを送信します。
[2026-10-02 02:25:58] [INFO] Step 3: F1 送信 (Tax スキップ)
[2026-10-02 02:25:58] [INFO] Step 4: F1 送信 (Salesperson スキップ)
[2026-10-02 02:25:59] [INFO] Step 5: F1 送信 (コメント本文エディタへ移動)
[2026-10-02 02:25:59] [INFO] Step 5: 案C実行 - 既定コメントの全クリア (F8: Clear送信)
[2026-10-02 02:25:59] [INFO] Step 5: 新規特記事項本文入力 (全 1 行)
[2026-10-02 02:25:59] [INFO] Step 5: F1 送信 (コメント本文確定)
[2026-10-02 02:25:59] [INFO] Step 5: F4 送信 (明細画面へ進む)
[2026-10-02 02:26:00] [INFO] Step 5: コメント画面残留検知 -> 再度 F4 送信
[2026-10-02 02:26:00] [INFO] === Step 6 受注明細行入力開始 (全 2 品番) ===
[2026-10-02 02:26:00] [INFO] --- [Line 1] 品番: BW0100D / 単価: 200 / 長さグループ: 1件 ---
[2026-10-02 02:26:00] [INFO] 6.1.0: Enter 送信 (Line 1 自動採番)
[2026-10-02 02:26:01] [INFO] 6.1.1: F1 送信 (Line 1 Create WO ポップアップ解除)
[2026-10-02 02:26:02] [INFO] 6.1.3: 品番 'BW0100D' 送信
[2026-10-02 02:26:02] [INFO] 6.1.3: F1 送信 (品番確定)
[2026-10-02 02:26:02] [INFO] 6.1.3: Site 'CB2' + F1 送信
[2026-10-02 02:26:03] [INFO] 画面待機中 (6.1.4 Qty Ordered UM または スリット設定画面): アクティブな警告/Space要求プロンプトを検知。Spaceキーを送信します。
[2026-10-02 02:26:03] [INFO] 6.1.4: F1 送信 (Qty Ordered UM スキップ)
[2026-10-02 02:26:04] [INFO]   SL 1: 長さ '600'm (明細 3件) 開始
[2026-10-02 02:26:04] [INFO]   SL 1: F1 -> Enter -> Enter で Len(m) 欄へ移動
[2026-10-02 02:26:04] [INFO]   6.2.0: 長さ '600' + Enter 送信
[2026-10-02 02:26:04] [INFO]     Roll 1/3: 本数=1, 幅=200mm
[2026-10-02 02:26:05] [INFO]     Roll 2/3: 本数=2, 幅=300mm
[2026-10-02 02:26:05] [INFO]     Roll 3/3: 本数=1, 幅=500mm
[2026-10-02 02:26:05] [INFO]   6.2.1: F4 送信 (長さ '600'm ロール入力完了)
[2026-10-02 02:26:06] [INFO]   6.2.1: F1 送信 ('yes' 確定)
[2026-10-02 02:26:06] [INFO] 6.1.4: F4 送信 (品番 'BW0100D' 全スリット設定完了)
[2026-10-02 02:26:07] [INFO] 6.1.4: F1 送信 ('yes' 確定)
[2026-10-02 02:26:07] [INFO] 6.2.3: Orig Order Qty スキップ (F1)
[2026-10-02 02:26:07] [INFO] 6.2.3: F1 送信 (Pricing Date スキップ)
[2026-10-02 02:26:08] [INFO] 6.2.4: F1 送信 (List Price スキップ)
[2026-10-02 02:26:08] [INFO] 6.2.4: 単価 '200' + F1 送信 (単価確定)
[2026-10-02 02:26:08] [INFO] 6.2.4: 明細詳細枠 (Loc: / Sales Acct:) 検知 -> F1 送信でスキップ
[2026-10-02 02:26:09] [INFO] 6.2.5: F1 送信 (Tax スキップ)
[2026-10-02 02:26:09] [INFO] 6.2.5: F4 送信 (明細行 Transaction Comments 終了 -> Reason Code または 次画面へ)
[2026-10-02 02:26:10] [INFO] 6.2.5: Reason Code 検知 (65 -> 28 INTERNAL -> 28 INTERNAL + F1)
[2026-10-02 02:26:11] [INFO] --- [Line 2] 品番: BW0116Q3-2 / 単価: 200 / 長さグループ: 1件 ---
[2026-10-02 02:26:11] [INFO] 6.1.1: F1 送信 (Line 2 Create WO ポップアップ解除)
[2026-10-02 02:26:12] [INFO] 6.1.3: 品番 'BW0116Q3-2' 送信
[2026-10-02 02:26:12] [INFO] 6.1.3: F1 送信 (品番確定)
[2026-10-02 02:26:13] [INFO] 6.1.3: Site 'CB2' + F1 送信
[2026-10-02 02:26:13] [INFO] 6.1.4: F1 送信 (Qty Ordered UM スキップ)
[2026-10-02 02:26:14] [INFO]   SL 1: 長さ '600'm (明細 1件) 開始
[2026-10-02 02:26:14] [INFO]   SL 1: F1 -> Enter -> Enter で Len(m) 欄へ移動
[2026-10-02 02:26:14] [INFO]   6.2.0: 長さ '600' + Enter 送信
[2026-10-02 02:26:14] [INFO]     Roll 1/1: 本数=1, 幅=200mm
[2026-10-02 02:26:15] [INFO]   6.2.1: F4 送信 (長さ '600'm ロール入力完了)
[2026-10-02 02:26:15] [INFO]   6.2.1: F1 送信 ('yes' 確定)
[2026-10-02 02:26:15] [INFO] 6.1.4: F4 送信 (品番 'BW0116Q3-2' 全スリット設定完了)
[2026-10-02 02:26:16] [INFO] 6.1.4: F1 送信 ('yes' 確定)
[2026-10-02 02:26:16] [INFO] 6.2.3: Orig Order Qty スキップ (F1)
[2026-10-02 02:26:17] [INFO] 6.2.3: F1 送信 (Pricing Date スキップ)
[2026-10-02 02:26:17] [INFO] 6.2.4: F1 送信 (List Price スキップ)
[2026-10-02 02:26:17] [INFO] 6.2.4: 単価 '200' + F1 送信 (単価確定)
[2026-10-02 02:26:18] [INFO] 6.2.4: 明細詳細枠 (Loc: / Sales Acct:) 検知 -> F1 送信でスキップ
[2026-10-02 02:26:18] [INFO] 6.2.5: F1 送信 (Tax スキップ)
[2026-10-02 02:26:18] [INFO] 6.2.5: F4 送信 (明細行 Transaction Comments 終了 -> Reason Code または 次画面へ)
[2026-10-02 02:26:19] [INFO] 6.2.5: Reason Code 検知 (65 -> 28 INTERNAL -> 28 INTERNAL + F1)
[2026-10-02 02:26:20] [INFO] 6.3.0: 次行 Create WO 解除 (F1)
[2026-10-02 02:26:20] [INFO] 6.3.0: F4 を送信して最終合計画面へ進みます
[2026-10-02 02:26:21] [INFO] 6.3.0: 次行 Create WO 解除 (F1)
[2026-10-02 02:26:21] [INFO] 6.3.0: 次行 Create WO 解除 (F1)
[2026-10-02 02:26:22] [INFO] 6.3.0: 最終合計画面の表示を確認しました
[2026-10-02 02:26:22] [INFO] 6.3.0: 1回目の F1 送信 (下段フレームへ移動)
[2026-10-02 02:26:22] [INFO] 6.3.0: 2回目の F1 送信 (注文データ確定・コミット)
[2026-10-02 02:26:22] [INFO] 画面待機中 (受注完了・初期画面復帰): アクティブな警告/Space要求プロンプトを検知。Spaceキーを送信します。
[2026-10-02 02:26:23] [INFO] === QAD 99.7.1.1 受注入力自動化 全工程完了 (Order ID: SO199729) ===
[2026-10-02 02:26:23] [INFO] 受注登録完了通知: Order ID = SO199729
[2026-10-02 02:26:31] [INFO] キーコード送信: '\x1bOS'
